0	2
0	16
0	18
0	39
0	42
0	68
0	82
0	102
0	112
0	134
0	135
0	137
0	157
0	161
0	179
0	185
0	193
0	194
0	225
0	230
0	253
0	254
0	259
0	264
0	292
0	293
0	296
0	301
0	319
0	320
0	347
0	368
0	369
0	376
0	399
0	408
0	427
0	429
0	443
0	447
0	457
0	477
0	481
0	486
0	491
0	521
0	535
0	544
0	557
0	569
0	576
0	633
0	648
0	677
0	678
0	725
0	726
0	738
0	739
0	740
0	784
0	785
0	801
0	816
0	841
0	842
0	847
0	854
0	855
0	858
0	859
0	860
0	861
0	868
0	882
0	883
0	899
0	907
0	908
0	909
0	910
0	916
0	917
0	924
0	925
0	953
0	1001
0	1018
0	1031
0	1059
0	1071
0	1076
0	1077
0	1078
0	1109
0	1179
0	1186
0	1187
0	1188
0	1229
0	1230
0	1239
0	1248
0	1249
0	1331
0	1332
0	1346
0	1347
0	1350
0	1351
0	1387
0	1388
0	1395
0	1396
0	1418
0	1423
0	1424
0	1438
0	1484
0	1485
0	1486
0	1487
0	1488
0	1530
0	1531
0	1546
0	1547
0	1548
0	1567
0	1600
0	1601
0	1602
0	1609
0	1610
0	1611
1	2
1	3
1	7
1	17
1	27
1	41
1	42
1	51
1	66
1	87
1	88
1	99
1	107
1	119
1	120
1	125
1	138
1	139
1	140
1	146
1	160
1	171
1	178
1	183
1	188
1	200
1	207
1	239
1	247
1	257
1	258
1	266
1	271
1	283
1	294
1	295
1	310
1	311
1	322
1	323
1	324
1	337
1	351
1	365
1	369
1	384
1	419
1	428
1	440
1	441
1	449
1	465
1	472
1	473
1	474
1	475
1	476
1	483
1	503
1	520
1	537
1	538
1	547
1	579
1	598
1	606
1	623
1	634
1	636
1	650
1	669
1	682
1	683
1	691
1	700
1	718
1	729
1	759
1	785
1	843
1	844
1	856
1	857
1	866
1	874
1	880
1	887
1	892
1	893
1	911
1	913
1	914
1	915
1	923
1	927
1	928
1	940
1	941
1	942
1	943
1	966
1	967
1	971
1	979
1	1015
1	1026
1	1027
1	1042
1	1054
1	1055
1	1066
1	1074
1	1075
1	1080
1	1098
1	1104
1	1105
1	1118
1	1179
1	1239
1	1263
1	1269
1	1309
1	1312
1	1313
1	1314
1	1315
1	1348
1	1349
1	1363
1	1364
1	1380
1	1381
1	1382
1	1386
1	1399
1	1400
1	1410
1	1411
1	1433
1	1434
1	1435
1	1440
1	1513
1	1514
1	1546
1	1569
1	1570
1	1571
1	1572
1	1573
1	1601
1	1602
1	1607
1	1608
1	1619
1	1638
1	1639
1	1640
1	1641
2	4
2	8
2	16
2	18
2	39
2	41
2	42
2	66
2	68
2	88
2	99
2	106
2	107
2	120
2	137
2	141
2	142
2	143
2	144
2	157
2	161
2	179
2	189
2	198
2	199
2	201
2	208
2	240
2	247
2	253
2	254
2	259
2	266
2	283
2	292
2	293
2	296
2	322
2	323
2	324
2	344
2	360
2	366
2	368
2	369
2	385
2	403
2	404
2	427
2	429
2	440
2	441
2	443
2	445
2	457
2	474
2	475
2	477
2	487
2	488
2	512
2	517
2	518
2	531
2	560
2	570
2	580
2	599
2	606
2	623
2	634
2	636
2	650
2	680
2	691
2	712
2	730
2	731
2	747
2	760
2	761
2	781
2	784
2	785
2	841
2	854
2	855
2	858
2	859
2	860
2	861
2	868
2	882
2	883
2	890
2	891
2	892
2	893
2	907
2	908
2	909
2	910
2	916
2	917
2	927
2	928
2	968
2	969
2	979
2	1015
2	1028
2	1042
2	1055
2	1058
2	1071
2	1073
2	1076
2	1077
2	1078
2	1089
2	1107
2	1179
2	1183
2	1188
2	1233
2	1238
2	1239
2	1245
2	1249
2	1264
2	1309
2	1312
2	1313
2	1314
2	1315
2	1346
2	1347
2	1350
2	1351
2	1380
2	1381
2	1382
2	1387
2	1388
2	1410
2	1411
2	1418
2	1433
2	1434
2	1435
2	1441
2	1477
2	1478
2	1479
2	1525
2	1534
2	1535
2	1536
2	1537
2	1538
2	1563
2	1587
2	1599
2	1600
2	1601
2	1602
2	1609
2	1610
2	1611
2	1640
2	1641
3	4
3	9
3	19
3	38
3	43
3	44
3	66
3	67
3	69
3	77
3	78
3	80
3	98
3	100
3	115
3	116
3	123
3	125
3	140
3	145
3	146
3	147
3	148
3	164
3	190
3	200
3	201
3	202
3	209
3	224
3	227
3	241
3	248
3	250
3	251
3	260
3	261
3	267
3	284
3	299
3	300
3	317
3	318
3	319
3	325
3	326
3	327
3	328
3	350
3	352
3	353
3	367
3	370
3	371
3	386
3	410
3	411
3	425
3	426
3	428
3	444
3	453
3	454
3	455
3	456
3	459
3	479
3	496
3	497
3	516
3	526
3	527
3	536
3	548
3	561
3	571
3	581
3	600
3	608
3	624
3	635
3	651
3	663
3	664
3	682
3	683
3	693
3	716
3	724
3	732
3	733
3	748
3	762
3	763
3	782
3	819
3	840
3	843
3	844
3	862
3	866
3	871
3	880
3	884
3	891
3	894
3	895
3	912
3	918
3	922
3	923
3	929
3	930
3	942
3	944
3	967
3	970
3	971
3	972
3	973
3	980
3	1003
3	1010
3	1022
3	1023
3	1029
3	1030
3	1031
3	1034
3	1047
3	1048
3	1062
3	1075
3	1079
3	1080
3	1081
3	1092
3	1093
3	1112
3	1169
3	1191
3	1192
3	1199
3	1224
3	1234
3	1253
3	1254
3	1259
3	1265
3	1284
3	1285
3	1286
3	1340
3	1343
3	1344
3	1345
3	1352
3	1355
3	1377
3	1389
3	1392
3	1406
3	1407
3	1408
3	1412
3	1413
3	1414
3	1435
3	1442
3	1443
3	1494
3	1495
3	1496
3	1497
3	1534
3	1554
3	1555
3	1556
3	1557
3	1569
3	1586
3	1587
3	1616
3	1617
3	1618
3	1619
3	1641
4	20
4	38
4	43
4	44
4	67
4	78
4	80
4	97
4	98
4	100
4	116
4	124
4	132
4	149
4	150
4	151
4	176
4	191
4	202
4	203
4	224
4	228
4	248
4	250
4	251
4	262
4	263
4	267
4	281
4	282
4	284
4	317
4	318
4	325
4	326
4	327
4	328
4	340
4	355
4	370
4	371
4	387
4	395
4	396
4	425
4	426
4	429
4	445
4	452
4	455
4	456
4	469
4	484
4	509
4	510
4	525
4	549
4	562
4	572
4	608
4	624
4	635
4	651
4	663
4	675
4	684
4	706
4	724
4	734
4	735
4	749
4	750
4	783
4	820
4	840
4	844
4	852
4	863
4	866
4	871
4	890
4	891
4	894
4	895
4	910
4	919
4	920
4	923
4	929
4	930
4	963
4	974
4	975
4	980
4	1010
4	1023
4	1032
4	1033
4	1034
4	1048
4	1061
4	1082
4	1083
4	1084
4	1085
4	1102
4	1168
4	1169
4	1192
4	1223
4	1224
4	1235
4	1254
4	1266
4	1284
4	1285
4	1286
4	1338
4	1340
4	1343
4	1344
4	1345
4	1353
4	1373
4	1377
4	1390
4	1406
4	1407
4	1408
4	1412
4	1413
4	1414
4	1444
4	1461
4	1462
4	1522
4	1523
4	1554
4	1585
4	1586
4	1587
4	1602
4	1618
4	1619
5	6
5	9
5	28
5	47
5	52
5	53
5	68
5	70
5	76
5	81
5	82
5	93
5	102
5	112
5	122
5	126
5	129
5	141
5	167
5	180
5	186
5	193
5	198
5	199
5	214
5	215
5	218
5	244
5	245
5	249
5	266
5	267
5	269
5	272
5	303
5	304
5	307
5	321
5	331
5	334
5	335
5	336
5	364
5	369
5	382
5	391
5	404
5	415
5	423
5	430
5	431
5	432
5	433
5	450
5	458
5	459
5	460
5	461
5	462
5	480
5	489
5	530
5	531
5	539
5	545
5	551
5	558
5	559
5	588
5	607
5	655
5	666
5	696
5	711
5	712
5	713
5	772
5	773
5	774
5	785
5	792
5	796
5	809
5	826
5	838
5	845
5	848
5	858
5	872
5	875
5	881
5	882
5	885
5	897
5	900
5	901
5	918
5	931
5	932
5	934
5	935
5	949
5	956
5	968
5	986
5	997
5	998
5	999
5	1006
5	1012
5	1013
5	1024
5	1025
5	1038
5	1050
5	1051
5	1076
5	1095
5	1100
5	1106
5	1107
5	1114
5	1125
5	1129
5	1130
5	1179
5	1190
5	1200
5	1201
5	1202
5	1203
5	1233
5	1239
5	1260
5	1261
5	1276
5	1277
5	1296
5	1297
5	1343
5	1356
5	1357
5	1358
5	1359
5	1365
5	1380
5	1401
5	1418
5	1423
5	1424
5	1429
5	1436
5	1437
5	1438
5	1449
5	1450
5	1451
5	1455
5	1456
5	1466
5	1501
5	1502
5	1506
5	1509
5	1525
5	1539
5	1540
5	1562
5	1563
5	1565
5	1567
5	1574
5	1575
5	1591
5	1592
5	1593
5	1616
5	1626
5	1627
5	1628
6	29
6	47
6	52
6	53
6	68
6	82
6	101
6	102
6	127
6	130
6	134
6	153
6	177
6	178
6	179
6	187
6	194
6	198
6	199
6	216
6	219
6	246
6	249
6	266
6	267
6	269
6	273
6	274
6	285
6	286
6	307
6	331
6	334
6	335
6	336
6	341
6	358
6	368
6	369
6	376
6	399
6	404
6	408
6	430
6	431
6	432
6	433
6	451
6	453
6	460
6	461
6	472
6	498
6	511
6	512
6	528
6	546
6	552
6	558
6	559
6	589
6	607
6	655
6	677
6	709
6	714
6	715
6	747
6	775
6	776
6	778
6	785
6	793
6	797
6	810
6	845
6	848
6	854
6	872
6	875
6	883
6	896
6	897
6	900
6	901
6	932
6	934
6	935
6	943
6	944
6	978
6	995
6	1000
6	1001
6	1012
6	1013
6	1025
6	1038
6	1052
6	1053
6	1064
6	1068
6	1071
6	1104
6	1108
6	1109
6	1110
6	1125
6	1129
6	1130
6	1167
6	1172
6	1173
6	1179
6	1229
6	1230
6	1233
6	1239
6	1248
6	1249
6	1296
6	1297
6	1341
6	1343
6	1356
6	1357
6	1358
6	1366
6	1378
6	1380
6	1402
6	1418
6	1423
6	1424
6	1457
6	1465
6	1466
6	1470
6	1473
6	1502
6	1524
6	1525
6	1528
6	1531
6	1558
6	1559
6	1563
6	1590
6	1591
6	1592
6	1593
6	1627
6	1628
7	8
7	9
7	30
7	54
7	55
7	69
7	70
7	74
7	85
7	86
7	103
7	105
7	131
7	145
7	149
7	170
7	174
7	182
7	184
7	188
7	195
7	200
7	201
7	217
7	234
7	250
7	270
7	275
7	289
7	308
7	309
7	312
7	322
7	337
7	338
7	339
7	351
7	365
7	370
7	372
7	375
7	377
7	378
7	392
7	411
7	417
7	418
7	434
7	436
7	438
7	439
7	448
7	466
7	468
7	469
7	470
7	471
7	482
7	519
7	536
7	541
7	547
7	553
7	560
7	590
7	608
7	634
7	635
7	636
7	656
7	668
7	687
7	688
7	699
7	716
7	752
7	777
7	786
7	790
7	794
7	795
7	819
7	827
7	850
7	862
7	865
7	876
7	878
7	879
7	884
7	888
7	902
7	903
7	919
7	921
7	936
7	937
7	938
7	939
7	945
7	946
7	950
7	970
7	983
7	1002
7	1003
7	1004
7	1005
7	1014
7	1026
7	1027
7	1041
7	1054
7	1055
7	1079
7	1087
7	1101
7	1102
7	1103
7	1111
7	1112
7	1113
7	1117
7	1145
7	1178
7	1191
7	1192
7	1210
7	1211
7	1213
7	1219
7	1234
7	1237
7	1250
7	1254
7	1267
7	1268
7	1271
7	1275
7	1278
7	1286
7	1308
7	1309
7	1314
7	1367
7	1374
7	1375
7	1376
7	1377
7	1397
7	1398
7	1425
7	1426
7	1427
7	1430
7	1447
7	1451
7	1458
7	1459
7	1477
7	1512
7	1514
7	1516
7	1532
7	1534
7	1545
7	1569
7	1573
7	1577
7	1580
7	1598
7	1599
7	1616
7	1636
7	1637
7	1638
7	1641
7	1648
8	31
8	54
8	55
8	69
8	71
8	75
8	86
8	103
8	104
8	105
8	136
8	156
8	180
8	181
8	189
8	196
8	200
8	201
8	218
8	219
8	220
8	234
8	250
8	252
8	270
8	276
8	289
8	291
8	308
8	313
8	337
8	338
8	339
8	343
8	359
8	370
8	377
8	378
8	393
8	401
8	402
8	411
8	435
8	437
8	438
8	439
8	442
8	467
8	470
8	471
8	511
8	515
8	516
8	530
8	554
8	560
8	591
8	608
8	634
8	635
8	636
8	656
8	679
8	687
8	688
8	711
8	717
8	748
8	752
8	778
8	779
8	787
8	791
8	794
8	795
8	819
8	828
8	839
8	849
8	851
8	852
8	853
8	863
8	867
8	881
8	885
8	886
8	889
8	898
8	902
8	903
8	905
8	906
8	936
8	937
8	947
8	948
8	965
8	983
8	997
8	1006
8	1007
8	1014
8	1027
8	1041
8	1056
8	1072
8	1106
8	1114
8	1115
8	1116
8	1145
8	1177
8	1178
8	1191
8	1192
8	1211
8	1234
8	1236
8	1237
8	1251
8	1254
8	1268
8	1279
8	1286
8	1308
8	1309
8	1314
8	1368
8	1369
8	1374
8	1375
8	1376
8	1377
8	1383
8	1384
8	1417
8	1421
8	1425
8	1426
8	1427
8	1430
8	1460
8	1476
8	1477
8	1481
8	1524
8	1532
8	1533
8	1534
8	1538
8	1542
8	1562
8	1569
8	1597
8	1598
8	1599
8	1602
8	1637
8	1638
9	32
9	34
9	72
9	76
9	128
9	131
9	139
9	163
9	182
9	183
9	190
9	197
9	202
9	203
9	220
9	247
9	248
9	251
9	277
9	278
9	290
9	297
9	298
9	315
9	371
9	373
9	394
9	396
9	409
9	424
9	434
9	436
9	437
9	452
9	458
9	478
9	515
9	524
9	525
9	548
9	555
9	561
9	562
9	592
9	606
9	692
9	718
9	749
9	779
9	780
9	788
9	792
9	796
9	797
9	820
9	839
9	846
9	850
9	851
9	856
9	864
9	865
9	870
9	877
9	887
9	889
9	904
9	920
9	921
9	939
9	949
9	966
9	1002
9	1008
9	1040
9	1074
9	1087
9	1111
9	1117
9	1118
9	1119
9	1121
9	1150
9	1167
9	1168
9	1169
9	1190
9	1203
9	1224
9	1235
9	1252
9	1257
9	1280
9	1315
9	1339
9	1340
9	1345
9	1354
9	1370
9	1382
9	1391
9	1403
9	1429
9	1461
9	1493
9	1494
9	1522
9	1533
9	1554
9	1596
9	1615
9	1616
9	1619
9	1628
9	1638
10	11
10	14
10	23
10	33
10	56
10	57
10	69
10	77
10	83
10	86
10	103
10	105
10	133
10	144
10	205
10	212
10	221
10	222
10	233
10	252
10	270
10	276
10	291
10	308
10	309
10	336
10	341
10	342
10	386
10	387
10	395
10	410
10	434
10	435
10	438
10	466
10	467
10	470
10	506
10	507
10	564
10	593
10	609
10	629
10	638
10	661
10	662
10	721
10	722
10	756
10	798
10	829
10	841
10	842
10	847
10	849
10	853
10	861
10	864
10	876
10	877
10	879
10	905
10	906
10	936
10	937
10	938
10	939
10	989
10	1012
10	1039
10	1053
10	1058
10	1069
10	1096
10	1197
10	1208
10	1209
10	1223
10	1253
10	1265
10	1266
10	1302
10	1303
10	1304
10	1367
10	1368
10	1369
10	1374
10	1375
10	1384
10	1425
10	1426
10	1427
10	1430
10	1433
10	1443
10	1508
10	1510
10	1511
10	1544
10	1568
10	1579
10	1594
10	1595
10	1624
10	1629
10	1631
10	1633
10	1634
10	1635
11	15
11	34
11	38
11	56
11	57
11	60
11	69
11	78
11	80
11	86
11	103
11	105
11	124
11	125
11	132
11	133
11	135
11	152
11	155
11	206
11	213
11	223
11	224
11	234
11	247
11	248
11	250
11	251
11	252
11	276
11	283
11	284
11	289
11	290
11	291
11	309
11	315
11	331
11	341
11	342
11	370
11	371
11	381
11	383
11	396
11	411
11	424
11	426
11	434
11	435
11	436
11	437
11	439
11	441
11	456
11	466
11	467
11	471
11	475
11	500
11	507
11	565
11	594
11	609
11	629
11	638
11	663
11	678
11	688
11	710
11	723
11	724
11	752
11	756
11	799
11	839
11	843
11	844
11	849
11	850
11	851
11	852
11	853
11	863
11	865
11	866
11	880
11	889
11	892
11	893
11	894
11	895
11	902
11	903
11	904
11	905
11	906
11	921
11	938
11	939
11	952
11	953
11	980
11	1013
11	1039
11	1040
11	1053
11	1059
11	1060
11	1061
11	1069
11	1070
11	1083
11	1176
11	1224
11	1228
11	1232
11	1234
11	1235
11	1254
11	1302
11	1303
11	1304
11	1339
11	1340
11	1344
11	1345
11	1367
11	1368
11	1369
11	1376
11	1377
11	1381
11	1382
11	1384
11	1406
11	1413
11	1425
11	1426
11	1427
11	1430
11	1472
11	1474
11	1475
11	1532
11	1561
11	1588
11	1589
11	1594
11	1595
11	1596
11	1633
11	1634
12	13
12	14
12	17
12	24
12	35
12	58
12	72
12	79
12	84
12	87
12	90
12	91
12	106
12	108
12	119
12	126
12	127
12	130
12	134
12	138
12	148
12	173
12	185
12	207
12	214
12	221
12	225
12	235
12	253
12	273
12	274
12	285
12	286
12	292
12	310
12	324
12	339
12	343
12	344
12	345
12	379
12	389
12	412
12	421
12	433
12	440
12	443
12	451
12	453
12	472
12	476
12	477
12	491
12	505
12	506
12	521
12	566
12	595
12	610
12	642
12	657
12	664
12	665
12	671
12	694
12	702
12	721
12	725
12	726
12	753
12	800
12	811
12	830
12	845
12	854
12	875
12	883
12	896
12	897
12	907
12	908
12	928
12	940
12	943
12	944
12	954
12	955
12	958
12	973
12	990
12	1014
12	1015
12	1028
12	1043
12	1056
12	1062
12	1063
12	1064
12	1068
12	1100
12	1105
12	1109
12	1181
12	1214
12	1215
12	1255
12	1256
12	1272
12	1273
12	1318
12	1321
12	1322
12	1323
12	1341
12	1366
12	1378
12	1386
12	1387
12	1388
12	1402
12	1404
12	1422
12	1431
12	1432
12	1440
12	1441
12	1448
12	1517
12	1518
12	1547
12	1548
12	1571
12	1575
12	1578
12	1579
12	1605
12	1624
12	1639
12	1643
12	1645
12	1646
12	1647
13	15
13	18
13	25
13	36
13	58
13	72
13	73
13	79
13	87
13	90
13	106
13	108
13	109
13	118
13	119
13	128
13	135
13	159
13	186
13	187
13	208
13	215
13	222
13	226
13	236
13	253
13	255
13	256
13	287
13	288
13	292
13	310
13	316
13	332
13	343
13	344
13	345
13	361
13	366
13	373
13	374
13	380
13	397
13	406
13	413
13	441
13	443
13	444
13	445
13	454
13	473
13	476
13	477
13	514
13	533
13	567
13	610
13	642
13	657
13	662
13	666
13	667
13	690
13	694
13	713
13	722
13	727
13	728
13	754
13	781
13	800
13	812
13	842
13	846
13	847
13	870
13	890
13	893
13	898
13	899
13	907
13	908
13	911
13	912
13	922
13	940
13	956
13	982
13	990
13	999
13	1016
13	1028
13	1043
13	1044
13	1056
13	1059
13	1065
13	1181
13	1182
13	1183
13	1225
13	1226
13	1242
13	1243
13	1244
13	1245
13	1257
13	1318
13	1321
13	1322
13	1323
13	1342
13	1379
13	1385
13	1386
13	1387
13	1388
13	1405
13	1409
13	1422
13	1431
13	1432
13	1440
13	1441
13	1482
13	1527
13	1528
13	1536
13	1540
13	1543
13	1544
13	1565
13	1589
13	1600
13	1604
13	1605
13	1606
13	1645
13	1646
14	15
14	19
14	26
14	37
14	47
14	59
14	60
14	66
14	77
14	80
14	88
14	99
14	107
14	120
14	123
14	127
14	129
14	130
14	134
14	135
14	154
14	161
14	166
14	188
14	189
14	209
14	216
14	223
14	249
14	254
14	259
14	266
14	267
14	271
14	293
14	311
14	320
14	346
14	347
14	348
14	349
14	367
14	381
14	398
14	414
14	425
14	428
14	429
14	431
14	440
14	455
14	461
14	474
14	488
14	491
14	500
14	503
14	518
14	538
14	574
14	611
14	614
14	615
14	658
14	665
14	668
14	669
14	670
14	671
14	695
14	723
14	726
14	729
14	730
14	731
14	782
14	798
14	813
14	840
14	848
14	854
14	871
14	872
14	883
14	900
14	901
14	909
14	910
14	927
14	928
14	929
14	930
14	941
14	942
14	955
14	957
14	958
14	985
14	1005
14	1011
14	1017
14	1018
14	1037
14	1059
14	1064
14	1066
14	1067
14	1068
14	1091
14	1092
14	1095
14	1109
14	1196
14	1197
14	1198
14	1199
14	1209
14	1227
14	1228
14	1258
14	1259
14	1288
14	1289
14	1290
14	1291
14	1319
14	1343
14	1347
14	1348
14	1349
14	1350
14	1351
14	1358
14	1380
14	1406
14	1410
14	1411
14	1433
14	1434
14	1435
14	1443
14	1499
14	1537
14	1538
14	1556
14	1559
14	1561
14	1572
14	1573
14	1588
14	1589
14	1593
14	1617
14	1621
14	1623
14	1624
14	1625
14	1634
14	1646
15	20
15	34
15	38
15	57
15	59
15	60
15	66
15	67
15	78
15	80
15	88
15	98
15	99
15	100
15	107
15	116
15	120
15	124
15	131
15	133
15	135
15	152
15	155
15	161
15	190
15	191
15	224
15	227
15	228
15	247
15	248
15	250
15	251
15	254
15	259
15	271
15	283
15	284
15	289
15	290
15	293
15	311
15	314
15	317
15	318
15	320
15	330
15	346
15	347
15	348
15	349
15	357
15	367
15	381
15	398
15	414
15	424
15	426
15	428
15	429
15	439
15	441
15	456
15	471
15	475
15	484
15	491
15	497
15	510
15	527
15	568
15	575
15	611
15	614
15	615
15	658
15	660
15	665
15	672
15	673
15	674
15	676
15	686
15	695
15	708
15	724
15	726
15	732
15	733
15	734
15	735
15	783
15	799
15	814
15	831
15	839
15	843
15	844
15	849
15	850
15	851
15	853
15	865
15	866
15	880
15	891
15	892
15	893
15	894
15	895
15	902
15	903
15	904
15	909
15	910
15	923
15	941
15	942
15	951
15	957
15	958
15	959
15	960
15	961
15	962
15	964
15	977
15	1011
15	1018
15	1019
15	1020
15	1021
15	1037
15	1059
15	1060
15	1061
15	1069
15	1070
15	1087
15	1171
15	1176
15	1197
15	1227
15	1228
15	1258
15	1259
15	1288
15	1289
15	1290
15	1291
15	1319
15	1339
15	1340
15	1344
15	1345
15	1347
15	1348
15	1349
15	1350
15	1351
15	1376
15	1377
15	1381
15	1382
15	1406
15	1407
15	1408
15	1410
15	1411
15	1412
15	1413
15	1414
15	1433
15	1434
15	1435
15	1463
15	1464
15	1523
15	1557
15	1585
15	1588
15	1589
15	1594
15	1595
15	1596
15	1605
15	1623
15	1624
16	18
16	27
16	39
16	42
16	46
16	47
16	48
16	68
16	70
16	81
16	82
16	93
16	102
16	106
16	107
16	112
16	122
16	132
16	134
16	135
16	136
16	137
16	157
16	161
16	167
16	179
16	185
16	193
16	194
16	198
16	204
16	217
16	225
16	230
16	253
16	254
16	259
16	292
16	293
16	296
16	304
16	320
16	323
16	347
16	350
16	360
16	361
16	368
16	376
16	382
16	385
16	399
16	403
16	404
16	408
16	427
16	429
16	432
16	442
16	443
16	447
16	457
16	477
16	480
16	486
16	491
16	521
16	531
16	532
16	533
16	535
16	544
16	553
16	569
16	576
16	583
16	626
16	666
16	677
16	678
16	680
16	696
16	712
16	713
16	725
16	726
16	727
16	738
16	739
16	740
16	757
16	784
16	786
16	801
16	816
16	821
16	841
16	854
16	855
16	858
16	859
16	860
16	861
16	868
16	882
16	883
16	898
16	907
16	908
16	909
16	910
16	916
16	917
16	925
16	932
16	948
16	953
16	956
16	968
16	969
16	986
16	998
16	999
16	1001
16	1016
16	1018
16	1030
16	1042
16	1059
16	1071
16	1076
16	1077
16	1078
16	1083
16	1109
16	1115
16	1186
16	1187
16	1188
16	1213
16	1229
16	1230
16	1233
16	1238
16	1248
16	1249
16	1264
16	1277
16	1301
16	1330
16	1346
16	1347
16	1350
16	1351
16	1365
16	1387
16	1388
16	1411
16	1418
16	1423
16	1424
16	1436
16	1437
16	1438
16	1441
16	1449
16	1450
16	1451
16	1456
16	1485
16	1486
16	1487
16	1488
16	1516
16	1530
16	1531
16	1545
16	1547
16	1548
16	1563
16	1567
16	1582
16	1593
16	1600
16	1601
16	1602
16	1607
16	1609
16	1610
16	1611
16	1632
16	1644
17	18
17	19
17	27
17	30
17	41
17	50
17	51
17	58
17	72
17	81
17	84
17	87
17	88
17	90
17	106
17	108
17	110
17	111
17	119
17	120
17	134
17	138
17	139
17	140
17	146
17	160
17	170
17	171
17	177
17	178
17	183
17	188
17	207
17	208
17	239
17	255
17	257
17	258
17	271
17	273
17	294
17	295
17	310
17	311
17	322
17	337
17	345
17	351
17	362
17	365
17	382
17	384
17	412
17	413
17	419
17	428
17	443
17	444
17	449
17	465
17	472
17	473
17	474
17	475
17	476
17	483
17	503
17	513
17	514
17	519
17	520
17	528
17	529
17	537
17	538
17	547
17	555
17	579
17	585
17	598
17	639
17	641
17	657
17	669
17	681
17	682
17	683
17	699
17	700
17	714
17	718
17	728
17	729
17	745
17	758
17	759
17	775
17	777
17	788
17	823
17	830
17	843
17	856
17	857
17	874
17	880
17	887
17	892
17	908
17	911
17	913
17	914
17	915
17	922
17	927
17	940
17	941
17	942
17	943
17	966
17	967
17	971
17	995
17	996
17	1004
17	1026
17	1027
17	1043
17	1049
17	1054
17	1055
17	1066
17	1074
17	1075
17	1080
17	1098
17	1104
17	1105
17	1108
17	1109
17	1113
17	1118
17	1195
17	1214
17	1242
17	1263
17	1269
17	1272
17	1277
17	1310
17	1311
17	1321
17	1322
17	1334
17	1348
17	1349
17	1363
17	1364
17	1378
17	1379
17	1386
17	1399
17	1400
17	1410
17	1431
17	1432
17	1440
17	1441
17	1448
17	1454
17	1456
17	1500
17	1513
17	1514
17	1536
17	1546
17	1570
17	1571
17	1572
17	1573
17	1600
17	1607
17	1608
17	1617
17	1622
17	1636
17	1639
17	1640
17	1641
17	1645
17	1646
18	20
18	31
18	39
18	42
18	50
18	72
18	79
18	82
18	87
18	90
18	106
18	107
18	108
18	112
18	119
18	137
18	138
18	141
18	142
18	143
18	144
18	157
18	161
18	179
18	189
18	198
18	199
18	207
18	208
18	220
18	240
18	253
18	254
18	255
18	259
18	273
18	292
18	293
18	296
18	323
18	324
18	344
18	345
18	351
18	360
18	369
18	385
18	403
18	404
18	427
18	429
18	440
18	441
18	443
18	445
18	457
18	472
18	473
18	477
18	487
18	488
18	512
18	513
18	514
18	517
18	518
18	531
18	555
18	570
18	580
18	585
18	599
18	639
18	642
18	680
18	712
18	728
18	730
18	731
18	747
18	758
18	760
18	761
18	785
18	788
18	800
18	801
18	823
18	841
18	854
18	855
18	858
18	859
18	860
18	861
18	868
18	882
18	883
18	890
18	893
18	907
18	908
18	909
18	910
18	911
18	916
18	917
18	928
18	943
18	968
18	969
18	1015
18	1028
18	1042
18	1043
18	1054
18	1058
18	1071
18	1073
18	1076
18	1077
18	1078
18	1089
18	1105
18	1107
18	1179
18	1181
18	1186
18	1195
18	1233
18	1238
18	1239
18	1264
18	1310
18	1311
18	1318
18	1346
18	1347
18	1350
18	1351
18	1378
18	1379
18	1387
18	1388
18	1411
18	1422
18	1423
18	1431
18	1432
18	1438
18	1440
18	1441
18	1478
18	1479
18	1500
18	1525
18	1533
18	1535
18	1536
18	1537
18	1538
18	1563
18	1571
18	1585
18	1597
18	1600
18	1601
18	1602
18	1605
18	1609
18	1610
18	1611
18	1622
18	1639
19	20
19	32
19	43
19	73
19	77
19	78
19	83
19	91
19	97
19	109
19	115
19	116
19	138
19	140
19	145
19	146
19	147
19	148
19	164
19	174
19	190
19	200
19	201
19	209
19	227
19	241
19	256
19	260
19	261
19	274
19	299
19	300
19	319
19	325
19	326
19	350
19	352
19	353
19	370
19	386
19	397
19	410
19	411
19	444
19	453
19	454
19	455
19	456
19	459
19	479
19	496
19	497
19	516
19	526
19	527
19	536
19	548
19	556
19	571
19	581
19	600
19	640
19	664
19	682
19	683
19	693
19	703
19	716
19	732
19	733
19	748
19	762
19	763
19	789
19	819
19	844
19	862
19	866
19	884
19	894
19	912
19	918
19	922
19	923
19	929
19	944
19	967
19	970
19	971
19	972
19	973
19	994
19	1003
19	1022
19	1023
19	1029
19	1030
19	1031
19	1047
19	1048
19	1062
19	1075
19	1079
19	1080
19	1081
19	1093
19	1103
19	1105
19	1112
19	1191
19	1192
19	1197
19	1205
19	1234
19	1244
19	1253
19	1254
19	1265
19	1282
19	1283
19	1341
19	1342
19	1352
19	1355
19	1389
19	1392
19	1404
19	1405
19	1412
19	1413
19	1433
19	1442
19	1443
19	1444
19	1495
19	1496
19	1497
19	1534
19	1555
19	1556
19	1557
19	1569
19	1585
19	1615
19	1617
19	1618
19	1619
19	1624
19	1629
19	1639
20	44
20	73
20	77
20	80
20	91
20	97
20	98
20	109
20	115
20	132
20	135
20	149
20	150
20	151
20	176
20	191
20	202
20	203
20	209
20	228
20	256
20	262
20	263
20	274
20	281
20	282
20	327
20	328
20	340
20	352
20	353
20	355
20	371
20	383
20	387
20	395
20	396
20	425
20	426
20	429
20	443
20	445
20	452
20	453
20	454
20	469
20	484
20	509
20	510
20	525
20	549
20	556
20	572
20	640
20	675
20	684
20	706
20	734
20	735
20	749
20	750
20	789
20	820
20	840
20	852
20	863
20	871
20	890
20	891
20	895
20	908
20	910
20	912
20	919
20	920
20	930
20	944
20	963
20	974
20	975
20	1010
20	1022
20	1032
20	1033
20	1034
20	1047
20	1059
20	1082
20	1083
20	1084
20	1085
20	1102
20	1168
20	1169
20	1175
20	1223
20	1224
20	1232
20	1235
20	1266
20	1282
20	1283
20	1338
20	1341
20	1342
20	1353
20	1373
20	1390
20	1404
20	1405
20	1406
20	1414
20	1442
20	1443
20	1444
20	1462
20	1522
20	1523
20	1554
20	1556
20	1585
20	1586
20	1587
20	1589
20	1600
20	1617
21	22
21	23
21	24
21	61
21	62
21	74
21	85
21	92
21	94
21	95
21	110
21	113
21	121
21	131
21	139
21	145
21	150
21	151
21	152
21	175
21	210
21	232
21	257
21	275
21	277
21	278
21	294
21	297
21	298
21	312
21	327
21	354
21	355
21	356
21	357
21	392
21	393
21	401
21	417
21	436
21	446
21	448
21	449
21	458
21	478
21	482
21	483
21	494
21	508
21	543
21	573
21	586
21	612
21	630
21	641
21	673
21	685
21	686
21	704
21	751
21	764
21	765
21	802
21	833
21	850
21	856
21	857
21	864
21	865
21	874
21	877
21	887
21	913
21	914
21	921
21	945
21	946
21	949
21	961
21	976
21	977
21	992
21	1019
21	1032
21	1034
21	1045
21	1057
21	1070
21	1084
21	1085
21	1086
21	1087
21	1098
21	1112
21	1118
21	1155
21	1162
21	1222
21	1236
21	1267
21	1278
21	1279
21	1333
21	1334
21	1335
21	1354
21	1370
21	1391
21	1397
21	1398
21	1399
21	1400
21	1403
21	1415
21	1445
21	1446
21	1447
21	1449
21	1452
21	1453
21	1454
21	1459
21	1489
21	1519
21	1521
21	1553
21	1583
21	1584
21	1612
21	1613
21	1631
21	1643
21	1648
21	1649
21	1650
22	25
22	27
22	45
22	61
22	62
22	74
22	75
22	86
22	89
22	92
22	94
22	110
22	113
22	114
22	121
22	125
22	140
22	146
22	153
22	154
22	155
22	162
22	192
22	211
22	229
22	233
22	234
22	257
22	260
22	261
22	275
22	294
22	299
22	300
22	312
22	317
22	329
22	330
22	333
22	348
22	354
22	355
22	356
22	357
22	363
22	377
22	378
22	388
22	390
22	402
22	418
22	444
22	448
22	449
22	450
22	451
22	459
22	479
22	482
22	483
22	492
22	493
22	522
22	523
22	550
22	563
22	573
22	582
22	586
22	612
22	630
22	641
22	663
22	687
22	688
22	691
22	715
22	736
22	737
22	752
22	766
22	767
22	803
22	844
22	862
22	866
22	884
22	896
22	913
22	914
22	918
22	922
22	923
22	931
22	945
22	946
22	978
22	979
22	980
22	983
22	1019
22	1020
22	1032
22	1035
22	1036
22	1037
22	1045
22	1046
22	1057
22	1060
22	1066
22	1075
22	1080
22	1088
22	1091
22	1110
22	1155
22	1162
22	1189
22	1237
22	1241
22	1247
22	1250
22	1251
22	1268
22	1333
22	1334
22	1335
22	1352
22	1355
22	1389
22	1392
22	1397
22	1398
22	1399
22	1400
22	1416
22	1417
22	1419
22	1426
22	1445
22	1446
22	1447
22	1452
22	1453
22	1454
22	1489
22	1490
22	1491
22	1492
22	1519
22	1532
22	1549
22	1550
22	1551
22	1552
22	1568
22	1604
22	1607
22	1612
22	1613
22	1614
22	1649
22	1650
23	26
23	28
23	46
23	50
23	65
23	84
23	87
23	90
23	93
23	111
23	126
23	128
23	139
23	143
23	147
23	156
23	157
23	158
23	159
23	165
23	169
23	171
23	193
23	212
23	235
23	236
23	242
23	258
23	264
23	265
23	268
23	269
23	271
23	295
23	301
23	302
23	306
23	307
23	335
23	358
23	384
23	385
23	389
23	391
23	403
23	419
23	430
23	446
23	447
23	460
23	464
23	465
23	481
23	502
23	503
23	505
23	520
23	534
23	535
23	551
23	557
23	564
23	587
23	601
23	613
23	667
23	689
23	690
23	698
23	738
23	753
23	754
23	768
23	769
23	804
23	806
23	834
23	845
23	846
23	856
23	857
23	860
23	867
23	868
23	869
23	870
23	873
23	874
23	875
23	886
23	887
23	915
23	924
23	925
23	926
23	934
23	935
23	981
23	982
23	988
23	1038
23	1052
23	1065
23	1066
23	1078
23	1089
23	1090
23	1093
23	1097
23	1098
23	1099
23	1100
23	1116
23	1118
23	1137
23	1138
23	1194
23	1207
23	1238
23	1256
23	1261
23	1263
23	1264
23	1269
23	1300
23	1349
23	1356
23	1357
23	1361
23	1362
23	1363
23	1364
23	1393
23	1394
23	1395
23	1396
23	1431
23	1437
23	1448
23	1472
23	1483
23	1484
23	1507
23	1508
23	1509
23	1511
23	1543
23	1546
23	1566
23	1567
23	1578
23	1620
23	1621
23	1622
23	1626
23	1631
23	1632
23	1634
23	1650
24	25
24	26
24	30
24	48
24	63
24	64
24	70
24	85
24	89
24	93
24	94
24	112
24	122
24	129
24	141
24	143
24	147
24	149
24	163
24	164
24	165
24	166
24	172
24	195
24	198
24	204
24	214
24	244
24	272
24	276
24	303
24	304
24	313
24	323
24	338
24	359
24	360
24	361
24	372
24	388
24	405
24	420
24	432
24	442
24	447
24	450
24	462
24	480
24	504
24	507
24	531
24	539
24	540
24	542
24	553
24	558
24	566
24	583
24	588
24	603
24	614
24	631
24	642
24	659
24	670
24	692
24	693
24	694
24	695
24	701
24	741
24	742
24	755
24	756
24	772
24	786
24	802
24	821
24	848
24	858
24	860
24	868
24	872
24	881
24	882
24	885
24	925
24	931
24	932
24	947
24	948
24	957
24	972
24	984
24	985
24	990
24	1008
24	1016
24	1041
24	1042
24	1067
24	1081
24	1089
24	1093
24	1094
24	1095
24	1099
24	1102
24	1107
24	1119
24	1212
24	1213
24	1222
24	1240
24	1241
24	1270
24	1271
24	1316
24	1317
24	1318
24	1319
24	1359
24	1365
24	1383
24	1384
24	1401
24	1419
24	1436
24	1437
24	1438
24	1445
24	1449
24	1450
24	1451
24	1459
24	1501
24	1502
24	1515
24	1516
24	1518
24	1563
24	1574
24	1575
24	1576
24	1577
24	1581
24	1582
24	1603
24	1604
24	1621
24	1636
24	1642
24	1643
24	1644
24	1646
24	1650
25	31
25	49
25	63
25	64
25	70
25	71
25	83
25	86
25	89
25	93
25	95
25	112
25	117
25	122
25	142
25	144
25	158
25	167
25	168
25	169
25	196
25	198
25	205
25	206
25	215
25	237
25	238
25	245
25	276
25	305
25	313
25	316
25	323
25	332
25	345
25	359
25	360
25	361
25	372
25	388
25	405
25	420
25	442
25	463
25	489
25	490
25	501
25	513
25	531
25	532
25	554
25	558
25	567
25	584
25	588
25	604
25	614
25	631
25	642
25	659
25	661
25	670
25	689
25	696
25	697
25	698
25	701
25	743
25	744
25	757
25	758
25	773
25	774
25	787
25	803
25	822
25	835
25	841
25	855
25	859
25	861
25	869
25	873
25	898
25	933
25	947
25	948
25	981
25	984
25	985
25	986
25	987
25	988
25	989
25	998
25	1016
25	1042
25	1043
25	1044
25	1058
25	1073
25	1090
25	1096
25	1097
25	1180
25	1189
25	1240
25	1241
25	1270
25	1271
25	1316
25	1317
25	1318
25	1319
25	1360
25	1383
25	1384
25	1415
25	1419
25	1420
25	1421
25	1426
25	1436
25	1437
25	1438
25	1439
25	1449
25	1450
25	1451
25	1480
25	1481
25	1482
25	1501
25	1502
25	1526
25	1539
25	1540
25	1541
25	1542
25	1563
25	1564
25	1597
25	1603
25	1604
25	1605
25	1613
25	1642
25	1643
26	32
26	46
26	50
26	65
26	72
26	79
26	87
26	90
26	91
26	96
26	106
26	108
26	119
26	126
26	128
26	141
26	143
26	144
26	150
26	157
26	165
26	169
26	170
26	171
26	172
26	173
26	197
26	199
26	207
26	208
26	216
26	231
26	239
26	240
26	246
26	253
26	254
26	259
26	264
26	265
26	268
26	269
26	296
26	301
26	302
26	306
26	307
26	324
26	344
26	362
26	363
26	373
26	379
26	380
26	389
26	412
26	413
26	421
26	427
26	430
26	446
26	447
26	457
26	460
26	464
26	481
26	487
26	488
26	498
26	499
26	512
26	517
26	528
26	529
26	537
26	555
26	559
26	574
26	575
26	585
26	589
26	605
26	610
26	611
26	615
26	632
26	671
26	694
26	699
26	700
26	701
26	702
26	731
26	745
26	746
26	747
26	759
26	760
26	761
26	775
26	776
26	788
26	804
26	806
26	807
26	823
26	836
26	841
26	845
26	846
26	857
26	858
26	860
26	861
26	867
26	868
26	869
26	870
26	873
26	874
26	875
26	882
26	886
26	916
26	917
26	924
26	925
26	926
26	934
26	935
26	954
26	955
26	984
26	990
26	1004
26	1015
26	1028
26	1035
26	1049
26	1058
26	1063
26	1078
26	1085
26	1089
26	1090
26	1094
26	1098
26	1099
26	1100
26	1107
26	1113
26	1127
26	1156
26	1170
26	1193
26	1194
26	1195
26	1242
26	1243
26	1255
26	1256
26	1257
26	1272
26	1273
26	1287
26	1288
26	1291
26	1323
26	1346
26	1347
26	1351
26	1356
26	1357
26	1361
26	1362
26	1388
26	1393
26	1394
26	1395
26	1396
26	1404
26	1422
26	1428
26	1431
26	1432
26	1440
26	1441
26	1463
26	1465
26	1466
26	1498
26	1499
26	1500
26	1525
26	1535
26	1536
26	1558
26	1559
26	1560
26	1570
26	1571
26	1615
26	1620
26	1621
26	1622
26	1624
26	1631
26	1632
26	1643
27	29
27	31
27	41
27	51
27	74
27	84
27	86
27	92
27	94
27	95
27	110
27	111
27	113
27	121
27	138
27	140
27	145
27	146
27	148
27	160
27	171
27	174
27	177
27	178
27	183
27	212
27	213
27	217
27	242
27	243
27	257
27	258
27	260
27	271
27	277
27	294
27	295
27	310
27	311
27	346
27	356
27	357
27	362
27	375
27	390
27	393
27	407
27	419
27	422
27	428
27	446
27	448
27	449
27	451
27	465
27	476
27	478
27	479
27	483
27	485
27	502
27	519
27	520
27	526
27	527
27	534
27	557
27	569
27	573
27	587
27	616
27	643
27	681
27	682
27	703
27	707
27	708
27	709
27	710
27	714
27	732
27	762
27	768
27	769
27	770
27	771
27	777
27	791
27	808
27	825
27	837
27	843
27	856
27	857
27	874
27	880
27	887
27	896
27	913
27	914
27	915
27	940
27	941
27	942
27	946
27	952
27	959
27	971
27	991
27	994
27	995
27	996
27	1000
27	1017
27	1019
27	1029
27	1045
27	1049
27	1062
27	1074
27	1075
27	1080
27	1103
27	1104
27	1105
27	1108
27	1112
27	1155
27	1162
27	1184
27	1185
27	1236
27	1246
27	1247
27	1263
27	1274
27	1275
27	1326
27	1327
27	1348
27	1349
27	1363
27	1364
27	1386
27	1391
27	1392
27	1399
27	1400
27	1415
27	1426
27	1445
27	1446
27	1447
27	1448
27	1452
27	1453
27	1454
27	1483
27	1484
27	1486
27	1489
27	1529
27	1545
27	1546
27	1566
27	1590
27	1597
27	1607
27	1608
27	1609
27	1613
27	1639
27	1640
27	1641
27	1648
28	29
28	32
28	52
28	70
28	75
28	81
28	82
28	87
28	93
28	95
28	96
28	101
28	112
28	114
28	122
28	141
28	145
28	147
28	167
28	180
28	198
28	205
28	214
28	215
28	218
28	229
28	244
28	245
28	261
28	272
28	278
28	303
28	304
28	321
28	334
28	350
28	364
28	382
28	391
28	394
28	415
28	423
28	432
28	448
28	450
28	458
28	459
28	460
28	461
28	462
28	480
28	489
28	530
28	531
28	539
28	558
28	588
28	617
28	644
28	666
28	672
28	676
28	696
28	711
28	712
28	713
28	772
28	773
28	774
28	792
28	809
28	826
28	838
28	848
28	857
28	858
28	862
28	872
28	874
28	881
28	882
28	884
28	885
28	900
28	918
28	931
28	932
28	934
28	946
28	949
28	956
28	960
28	964
28	968
28	986
28	997
28	998
28	999
28	1006
28	1024
28	1025
28	1030
28	1050
28	1051
28	1076
28	1093
28	1098
28	1106
28	1107
28	1112
28	1114
28	1200
28	1201
28	1202
28	1203
28	1220
28	1252
28	1260
28	1261
28	1276
28	1277
28	1294
28	1295
28	1354
28	1355
28	1359
28	1365
28	1401
28	1415
28	1416
28	1417
28	1423
28	1428
28	1436
28	1437
28	1438
28	1449
28	1450
28	1451
28	1455
28	1456
28	1457
28	1501
28	1502
28	1504
28	1508
28	1539
28	1540
28	1551
28	1562
28	1563
28	1574
28	1575
28	1590
28	1615
28	1626
28	1627
28	1628
28	1629
28	1631
28	1648
29	53
29	75
29	81
29	88
29	93
29	95
29	101
29	102
29	114
29	134
29	146
29	148
29	153
29	177
29	178
29	179
29	199
29	206
29	216
29	219
29	246
29	261
29	273
29	274
29	278
29	285
29	286
29	335
29	336
29	341
29	358
29	364
29	368
29	376
29	391
29	399
29	408
29	430
29	431
29	433
29	449
29	451
29	453
29	458
29	459
29	472
29	498
29	511
29	512
29	528
29	559
29	589
29	617
29	644
29	672
29	676
29	677
29	709
29	714
29	715
29	747
29	775
29	776
29	778
29	793
29	810
29	845
29	854
29	875
29	883
29	896
29	897
29	901
29	914
29	918
29	935
29	943
29	944
29	949
29	960
29	964
29	978
29	995
29	1000
29	1001
29	1012
29	1024
29	1038
29	1052
29	1053
29	1062
29	1066
29	1071
29	1075
29	1104
29	1108
29	1109
29	1110
29	1172
29	1173
29	1229
29	1230
29	1248
29	1249
29	1261
29	1294
29	1295
29	1341
29	1354
29	1355
29	1366
29	1378
29	1402
29	1415
29	1416
29	1417
29	1424
29	1437
29	1455
29	1456
29	1457
29	1465
29	1466
29	1468
29	1472
29	1524
29	1525
29	1558
29	1559
29	1590
29	1591
29	1592
29	1607
29	1626
30	31
30	32
30	54
30	76
30	85
30	86
30	92
30	94
30	96
30	104
30	141
30	145
30	149
30	150
30	170
30	174
30	176
30	182
30	184
30	200
30	207
30	217
30	262
30	275
30	279
30	309
30	312
30	322
30	337
30	351
30	365
30	377
30	392
30	417
30	418
30	434
30	448
30	466
30	468
30	469
30	470
30	471
30	482
30	510
30	519
30	536
30	541
30	590
30	618
30	645
30	668
30	699
30	716
30	734
30	777
30	794
30	827
30	862
30	876
30	878
30	879
30	884
30	888
30	902
30	919
30	936
30	938
30	939
30	945
30	946
30	950
30	970
30	1002
30	1003
30	1004
30	1005
30	1026
30	1027
30	1054
30	1055
30	1079
30	1082
30	1085
30	1101
30	1102
30	1103
30	1107
30	1111
30	1112
30	1113
30	1117
30	1210
30	1211
30	1217
30	1250
30	1267
30	1268
30	1278
30	1306
30	1307
30	1367
30	1372
30	1373
30	1397
30	1398
30	1425
30	1426
30	1428
30	1429
30	1445
30	1449
30	1453
30	1458
30	1459
30	1460
30	1512
30	1545
30	1569
30	1571
30	1580
30	1597
30	1615
30	1636
30	1637
30	1638
30	1639
30	1643
30	1648
31	55
31	76
31	85
31	89
31	95
31	96
31	104
31	105
31	136
31	142
31	149
31	156
31	180
31	181
31	201
31	208
31	218
31	219
31	220
31	252
31	262
31	276
31	279
31	291
31	313
31	338
31	339
31	343
31	359
31	365
31	378
31	390
31	393
31	401
31	402
31	435
31	438
31	439
31	442
31	467
31	468
31	469
31	510
31	511
31	515
31	516
31	530
31	560
31	570
31	591
31	618
31	645
31	679
31	711
31	717
31	734
31	748
31	778
31	779
31	795
31	808
31	828
31	849
31	852
31	853
31	863
31	867
31	881
31	885
31	886
31	903
31	905
31	906
31	919
31	937
31	947
31	948
31	950
31	965
31	997
31	1006
31	1007
31	1014
31	1026
31	1041
31	1056
31	1072
31	1073
31	1102
31	1106
31	1114
31	1115
31	1116
31	1177
31	1178
31	1185
31	1236
31	1237
31	1247
31	1251
31	1279
31	1306
31	1307
31	1368
31	1369
31	1372
31	1373
31	1383
31	1384
31	1415
31	1419
31	1427
31	1428
31	1429
31	1458
31	1459
31	1460
31	1476
31	1477
31	1479
31	1524
31	1533
31	1534
31	1536
31	1562
31	1597
31	1598
31	1599
31	1600
31	1604
31	1607
31	1636
32	90
32	93
32	96
32	139
32	143
32	149
32	150
32	163
32	182
32	183
32	202
32	209
32	220
32	263
32	277
32	278
32	297
32	298
32	391
32	394
32	409
32	436
32	452
32	458
32	478
32	515
32	524
32	525
32	561
32	571
32	574
32	592
32	619
32	692
32	718
32	749
32	779
32	780
32	796
32	806
32	809
32	850
32	856
32	860
32	864
32	865
32	868
32	877
32	887
32	920
32	921
32	949
32	966
32	1002
32	1008
32	1074
32	1085
32	1089
32	1102
32	1111
32	1117
32	1118
32	1119
32	1190
32	1194
32	1201
32	1252
32	1261
32	1280
32	1281
32	1338
32	1354
32	1370
32	1391
32	1403
32	1428
32	1431
32	1437
32	1493
32	1494
32	1496
32	1499
32	1533
32	1554
32	1556
32	1615
32	1616
32	1617
32	1621
32	1626
32	1636
33	34
33	37
33	40
33	46
33	56
33	97
33	99
33	144
33	152
33	158
33	221
33	222
33	233
33	270
33	280
33	298
33	308
33	315
33	336
33	341
33	386
33	387
33	395
33	398
33	410
33	436
33	437
33	438
33	464
33	466
33	467
33	470
33	506
33	508
33	564
33	577
33	593
33	620
33	661
33	662
33	721
33	722
33	765
33	798
33	813
33	817
33	829
33	841
33	842
33	847
33	861
33	864
33	876
33	877
33	879
33	889
33	905
33	921
33	926
33	936
33	937
33	938
33	989
33	1012
33	1040
33	1053
33	1058
33	1070
33	1097
33	1198
33	1206
33	1208
33	1209
33	1223
33	1253
33	1258
33	1265
33	1266
33	1305
33	1370
33	1371
33	1374
33	1375
33	1434
33	1444
33	1505
33	1510
33	1511
33	1544
33	1568
33	1579
33	1596
33	1625
33	1630
33	1632
33	1633
33	1634
33	1635
34	38
34	47
34	57
34	60
34	69
34	98
34	100
34	103
34	124
34	125
34	131
34	133
34	135
34	151
34	152
34	155
34	159
34	223
34	224
34	230
34	234
34	247
34	248
34	250
34	251
34	280
34	283
34	284
34	289
34	290
34	298
34	315
34	331
34	342
34	370
34	371
34	396
34	411
34	424
34	426
34	434
34	435
34	436
34	437
34	439
34	441
34	452
34	456
34	471
34	475
34	500
34	508
34	565
34	578
34	594
34	620
34	663
34	678
34	688
34	710
34	723
34	724
34	752
34	765
34	799
34	814
34	818
34	839
34	843
34	844
34	849
34	850
34	851
34	853
34	865
34	866
34	880
34	889
34	892
34	893
34	894
34	895
34	902
34	903
34	904
34	906
34	920
34	921
34	939
34	952
34	953
34	980
34	1013
34	1039
34	1040
34	1059
34	1060
34	1061
34	1065
34	1069
34	1070
34	1084
34	1087
34	1176
34	1224
34	1234
34	1235
34	1254
34	1305
34	1339
34	1340
34	1344
34	1345
34	1370
34	1371
34	1376
34	1377
34	1381
34	1382
34	1407
34	1414
34	1430
34	1469
34	1474
34	1475
34	1530
34	1532
34	1561
34	1588
34	1589
34	1593
34	1594
34	1595
34	1596
34	1616
34	1635
35	36
35	37
35	41
35	48
35	58
35	73
35	77
35	90
35	91
35	97
35	109
35	115
35	126
35	127
35	130
35	148
35	153
35	154
35	160
35	173
35	185
35	221
35	225
35	235
35	273
35	274
35	281
35	285
35	286
35	299
35	316
35	324
35	339
35	343
35	344
35	379
35	389
35	397
35	412
35	421
35	433
35	444
35	445
35	451
35	453
35	455
35	472
35	474
35	476
35	477
35	491
35	505
35	506
35	521
35	566
35	579
35	583
35	595
35	621
35	646
35	664
35	665
35	671
35	702
35	703
35	707
35	721
35	725
35	726
35	753
35	811
35	830
35	845
35	854
35	875
35	883
35	890
35	896
35	897
35	907
35	922
35	927
35	929
35	940
35	943
35	944
35	954
35	955
35	958
35	973
35	991
35	994
35	1014
35	1015
35	1028
35	1044
35	1056
35	1062
35	1063
35	1064
35	1068
35	1091
35	1100
35	1110
35	1214
35	1215
35	1244
35	1255
35	1256
35	1272
35	1273
35	1324
35	1325
35	1341
35	1366
35	1378
35	1389
35	1390
35	1402
35	1404
35	1405
35	1431
35	1442
35	1443
35	1444
35	1517
35	1518
35	1547
35	1548
35	1576
35	1578
35	1579
35	1606
35	1625
35	1640
35	1644
35	1645
35	1646
35	1647
36	38
36	42
36	49
36	72
36	73
36	77
36	79
36	91
36	97
36	108
36	109
36	115
36	118
36	128
36	155
36	159
36	161
36	186
36	187
36	209
36	222
36	226
36	236
36	255
36	256
36	281
36	287
36	288
36	299
36	316
36	332
36	333
36	345
36	361
36	366
36	373
36	374
36	380
36	397
36	406
36	413
36	443
36	444
36	445
36	454
36	456
36	473
36	514
36	533
36	567
36	580
36	584
36	621
36	646
36	662
36	666
36	667
36	690
36	703
36	707
36	713
36	722
36	727
36	728
36	754
36	781
36	789
36	800
36	812
36	842
36	844
36	846
36	847
36	866
36	870
36	890
36	894
36	898
36	899
36	908
36	911
36	912
36	922
36	956
36	982
36	991
36	994
36	999
36	1016
36	1036
36	1043
36	1044
36	1060
36	1065
36	1181
36	1182
36	1183
36	1225
36	1226
36	1242
36	1243
36	1244
36	1245
36	1257
36	1324
36	1325
36	1342
36	1379
36	1385
36	1389
36	1390
36	1404
36	1405
36	1409
36	1422
36	1432
36	1442
36	1443
36	1444
36	1482
36	1527
36	1528
36	1541
36	1543
36	1544
36	1556
36	1565
36	1601
36	1605
36	1606
36	1647
37	38
37	43
37	47
37	50
37	59
37	66
37	67
37	78
37	80
37	88
37	97
37	98
37	99
37	100
37	103
37	107
37	116
37	120
37	123
37	127
37	129
37	130
37	133
37	153
37	154
37	155
37	162
37	166
37	188
37	189
37	223
37	231
37	249
37	266
37	267
37	282
37	300
37	317
37	318
37	320
37	325
37	326
37	346
37	347
37	367
37	369
37	381
37	395
37	398
37	414
37	425
37	431
37	440
37	453
37	455
37	456
37	461
37	474
37	488
37	492
37	493
37	500
37	503
37	518
37	538
37	581
37	585
37	622
37	647
37	665
37	668
37	669
37	670
37	671
37	672
37	676
37	691
37	695
37	708
37	723
37	729
37	730
37	731
37	737
37	767
37	782
37	813
37	840
37	848
37	871
37	872
37	891
37	894
37	900
37	901
37	909
37	923
37	927
37	928
37	929
37	930
37	941
37	944
37	955
37	957
37	958
37	959
37	960
37	964
37	979
37	985
37	1005
37	1017
37	1018
37	1023
37	1048
37	1060
37	1064
37	1066
37	1067
37	1068
37	1069
37	1088
37	1091
37	1092
37	1095
37	1110
37	1125
37	1130
37	1196
37	1197
37	1198
37	1199
37	1227
37	1228
37	1239
37	1258
37	1259
37	1266
37	1292
37	1293
37	1343
37	1352
37	1353
37	1358
37	1380
37	1406
37	1407
37	1408
37	1410
37	1411
37	1412
37	1413
37	1414
37	1430
37	1433
37	1434
37	1435
37	1444
37	1497
37	1500
37	1537
37	1538
37	1560
37	1561
37	1572
37	1573
37	1593
37	1618
37	1622
37	1623
37	1624
37	1625
37	1635
37	1647
38	44
38	57
38	60
38	66
38	67
38	78
38	80
38	98
38	99
38	100
38	116
38	124
38	125
38	131
38	133
38	135
38	152
38	154
38	155
38	190
38	191
38	224
38	227
38	228
38	247
38	248
38	250
38	251
38	282
38	283
38	284
38	289
38	290
38	300
38	314
38	317
38	318
38	325
38	326
38	330
38	348
38	349
38	357
38	367
38	370
38	371
38	381
38	396
38	398
38	414
38	424
38	426
38	428
38	429
38	439
38	441
38	454
38	455
38	456
38	471
38	475
38	484
38	492
38	493
38	497
38	510
38	527
38	548
38	549
38	568
38	622
38	635
38	647
38	660
38	663
38	672
38	673
38	674
38	676
38	686
38	708
38	724
38	732
38	733
38	734
38	735
38	737
38	752
38	767
38	783
38	814
38	831
38	839
38	843
38	844
38	849
38	850
38	851
38	853
38	865
38	866
38	880
38	891
38	892
38	893
38	894
38	895
38	902
38	903
38	904
38	910
38	912
38	923
38	929
38	942
38	951
38	959
38	960
38	961
38	962
38	964
38	977
38	980
38	1011
38	1019
38	1020
38	1021
38	1023
38	1037
38	1048
38	1059
38	1060
38	1061
38	1069
38	1070
38	1087
38	1091
38	1145
38	1171
38	1224
38	1227
38	1228
38	1235
38	1254
38	1258
38	1259
38	1286
38	1292
38	1293
38	1339
38	1340
38	1344
38	1345
38	1352
38	1353
38	1376
38	1377
38	1381
38	1382
38	1406
38	1407
38	1408
38	1412
38	1413
38	1414
38	1434
38	1435
38	1464
38	1523
38	1557
38	1586
38	1587
38	1588
38	1589
38	1594
38	1595
38	1596
38	1606
38	1619
38	1625
39	42
39	51
39	68
39	82
39	101
39	102
39	112
39	134
39	135
39	137
39	143
39	151
39	156
39	157
39	159
39	161
39	179
39	185
39	193
39	194
39	225
39	230
39	235
39	253
39	254
39	259
39	264
39	292
39	293
39	296
39	301
39	306
39	307
39	319
39	320
39	335
39	347
39	358
39	368
39	376
39	399
39	408
39	427
39	429
39	443
39	447
39	457
39	477
39	481
39	486
39	491
39	505
39	521
39	534
39	535
39	544
39	566
39	569
39	576
39	587
39	595
39	633
39	648
39	654
39	655
39	677
39	678
39	709
39	725
39	726
39	738
39	739
39	740
39	753
39	768
39	784
39	801
39	815
39	816
39	841
39	846
39	854
39	855
39	858
39	859
39	860
39	861
39	867
39	868
39	870
39	882
39	883
39	886
39	907
39	908
39	909
39	910
39	916
39	917
39	924
39	925
39	953
39	1000
39	1001
39	1018
39	1031
39	1038
39	1052
39	1059
39	1065
39	1071
39	1076
39	1077
39	1078
39	1084
39	1089
39	1109
39	1116
39	1128
39	1160
39	1186
39	1187
39	1188
39	1221
39	1229
39	1230
39	1248
39	1249
39	1296
39	1328
39	1331
39	1332
39	1346
39	1347
39	1350
39	1351
39	1356
39	1387
39	1388
39	1393
39	1395
39	1396
39	1418
39	1423
39	1424
39	1438
39	1457
39	1483
39	1485
39	1486
39	1487
39	1488
39	1517
39	1518
39	1530
39	1531
39	1547
39	1548
39	1567
39	1578
39	1600
39	1601
39	1602
39	1608
39	1609
39	1610
39	1611
40	43
40	52
40	71
40	79
40	83
40	89
40	97
40	103
40	117
40	118
40	136
40	137
40	142
40	156
40	158
40	168
40	181
40	186
40	195
40	196
40	205
40	236
40	237
40	265
40	302
40	305
40	321
40	334
40	364
40	383
40	400
40	416
40	462
40	463
40	464
40	490
40	501
40	504
40	532
40	533
40	540
40	545
40	567
40	577
40	578
40	588
40	596
40	628
40	649
40	679
40	680
40	697
40	717
40	727
40	741
40	742
40	743
40	744
40	754
40	757
40	817
40	818
40	819
40	855
40	859
40	867
40	869
40	873
40	886
40	926
40	933
40	965
40	969
40	987
40	1007
40	1024
40	1025
40	1050
40	1051
40	1072
40	1073
40	1077
40	1096
40	1097
40	1115
40	1116
40	1191
40	1204
40	1205
40	1206
40	1231
40	1232
40	1262
40	1299
40	1329
40	1360
40	1361
40	1362
40	1409
40	1419
40	1420
40	1421
40	1422
40	1430
40	1439
40	1444
40	1469
40	1482
40	1501
40	1503
40	1504
40	1505
40	1506
40	1541
40	1542
40	1543
40	1564
40	1565
40	1576
40	1577
40	1618
40	1627
40	1629
40	1630
40	1635
41	42
41	43
41	51
41	54
41	66
41	87
41	88
41	99
41	101
41	107
41	119
41	120
41	138
41	139
41	140
41	146
41	153
41	160
41	161
41	162
41	171
41	178
41	183
41	188
41	207
41	239
41	247
41	257
41	258
41	266
41	271
41	283
41	294
41	295
41	310
41	311
41	322
41	323
41	324
41	337
41	351
41	365
41	384
41	419
41	428
41	440
41	441
41	449
41	465
41	472
41	473
41	474
41	475
41	476
41	483
41	503
41	520
41	537
41	538
41	547
41	579
41	580
41	590
41	598
41	606
41	623
41	634
41	650
41	669
41	682
41	683
41	700
41	718
41	729
41	739
41	759
41	770
41	815
41	843
41	856
41	857
41	874
41	880
41	887
41	892
41	893
41	911
41	913
41	914
41	915
41	927
41	928
41	940
41	941
41	942
41	943
41	966
41	967
41	971
41	1015
41	1026
41	1027
41	1042
41	1054
41	1055
41	1066
41	1074
41	1075
41	1080
41	1088
41	1098
41	1104
41	1105
41	1110
41	1118
41	1129
41	1157
41	1221
41	1263
41	1269
41	1312
41	1313
41	1314
41	1315
41	1348
41	1349
41	1363
41	1364
41	1380
41	1381
41	1382
41	1386
41	1399
41	1400
41	1410
41	1411
41	1433
41	1434
41	1435
41	1440
41	1457
41	1512
41	1513
41	1514
41	1546
41	1570
41	1571
41	1572
41	1573
41	1601
41	1602
41	1607
41	1608
41	1618
41	1637
41	1639
41	1640
41	1641
41	1647
42	44
42	55
42	66
42	88
42	99
42	102
42	106
42	107
42	120
42	137
42	141
42	142
42	143
42	144
42	157
42	160
42	161
42	179
42	189
42	198
42	199
42	208
42	240
42	247
42	253
42	254
42	259
42	266
42	283
42	292
42	293
42	296
42	322
42	323
42	324
42	344
42	360
42	369
42	385
42	397
42	399
42	403
42	404
42	427
42	429
42	440
42	441
42	443
42	457
42	474
42	475
42	477
42	487
42	488
42	512
42	517
42	518
42	531
42	570
42	579
42	580
42	591
42	599
42	606
42	623
42	634
42	650
42	680
42	712
42	730
42	731
42	739
42	747
42	760
42	761
42	770
42	785
42	816
42	840
42	841
42	854
42	855
42	858
42	859
42	860
42	861
42	868
42	871
42	882
42	883
42	892
42	893
42	907
42	908
42	909
42	910
42	916
42	917
42	927
42	928
42	968
42	969
42	1015
42	1028
42	1042
42	1055
42	1058
42	1071
42	1073
42	1076
42	1077
42	1078
42	1089
42	1107
42	1129
42	1157
42	1179
42	1187
42	1233
42	1238
42	1239
42	1244
42	1248
42	1264
42	1312
42	1313
42	1314
42	1315
42	1346
42	1347
42	1350
42	1351
42	1380
42	1381
42	1382
42	1387
42	1388
42	1410
42	1411
42	1424
42	1433
42	1434
42	1435
42	1441
42	1476
42	1478
42	1479
42	1525
42	1535
42	1536
42	1537
42	1538
42	1563
42	1586
42	1598
42	1600
42	1601
42	1602
42	1606
42	1609
42	1610
42	1611
42	1640
42	1641
43	44
43	67
43	77
43	78
43	80
43	98
43	99
43	100
43	103
43	115
43	116
43	140
43	145
43	146
43	147
43	148
43	154
43	160
43	162
43	164
43	190
43	200
43	201
43	209
43	227
43	241
43	248
43	260
43	261
43	267
43	284
43	299
43	300
43	319
43	325
43	326
43	327
43	328
43	350
43	352
43	353
43	370
43	386
43	398
43	400
43	410
43	411
43	425
43	426
43	444
43	453
43	454
43	455
43	456
43	459
43	479
43	496
43	497
43	516
43	526
43	527
43	536
43	548
43	568
43	571
43	581
43	592
43	600
43	624
43	635
43	651
43	664
43	682
43	683
43	693
43	716
43	732
43	733
43	748
43	762
43	763
43	817
43	819
43	844
43	862
43	866
43	884
43	894
43	895
43	912
43	918
43	922
43	923
43	929
43	930
43	941
43	944
43	967
43	970
43	971
43	972
43	973
43	1003
43	1010
43	1022
43	1023
43	1029
43	1030
43	1031
43	1034
43	1047
43	1048
43	1062
43	1075
43	1079
43	1080
43	1081
43	1088
43	1091
43	1093
43	1112
43	1125
43	1130
43	1191
43	1192
43	1206
43	1234
43	1253
43	1254
43	1258
43	1262
43	1265
43	1284
43	1285
43	1286
43	1343
43	1344
43	1345
43	1352
43	1355
43	1389
43	1392
43	1406
43	1407
43	1408
43	1412
43	1413
43	1414
43	1430
43	1434
43	1442
43	1443
43	1464
43	1493
43	1495
43	1496
43	1497
43	1534
43	1555
43	1556
43	1557
43	1569
43	1586
43	1587
43	1617
43	1618
43	1619
43	1625
43	1630
43	1640
44	67
44	78
44	80
44	97
44	98
44	100
44	116
44	132
44	149
44	150
44	151
44	155
44	161
44	176
44	191
44	202
44	203
44	228
44	248
44	262
44	263
44	267
44	281
44	282
44	284
44	325
44	326
44	327
44	328
44	340
44	355
44	371
44	387
44	395
44	396
44	425
44	426
44	445
44	452
44	455
44	456
44	469
44	484
44	509
44	510
44	525
44	549
44	568
44	572
44	581
44	624
44	635
44	651
44	675
44	684
44	706
44	734
44	735
44	749
44	750
44	818
44	820
44	840
44	852
44	863
44	871
44	890
44	891
44	894
44	895
44	909
44	919
44	920
44	929
44	930
44	963
44	974
44	975
44	1010
44	1023
44	1032
44	1033
44	1034
44	1048
44	1060
44	1082
44	1083
44	1084
44	1085
44	1102
44	1125
44	1130
44	1168
44	1169
44	1223
44	1224
44	1235
44	1266
44	1284
44	1285
44	1286
44	1338
44	1343
44	1344
44	1345
44	1353
44	1373
44	1390
44	1406
44	1407
44	1408
44	1412
44	1413
44	1414
44	1444
44	1462
44	1464
44	1497
44	1522
44	1523
44	1554
44	1585
44	1586
44	1587
44	1601
44	1618
44	1619
45	47
45	49
45	51
45	62
45	74
45	75
45	81
45	95
45	101
45	105
45	111
45	113
45	114
45	125
45	133
45	153
45	154
45	155
45	162
45	164
45	166
45	171
45	192
45	211
45	229
45	233
45	234
45	260
45	261
45	285
45	299
45	300
45	303
45	317
45	329
45	330
45	333
45	348
45	356
45	357
45	363
45	377
45	378
45	391
45	402
45	418
45	444
45	448
45	449
45	450
45	451
45	459
45	461
45	479
45	492
45	493
45	507
45	522
45	523
45	550
45	573
45	582
45	625
45	652
45	663
45	676
45	687
45	688
45	691
45	715
45	736
45	737
45	752
45	756
45	766
45	767
45	803
45	822
45	825
45	844
45	848
45	857
45	862
45	866
45	872
45	874
45	884
45	896
45	900
45	914
45	918
45	922
45	923
45	931
45	946
45	960
45	978
45	979
45	980
45	983
45	1019
45	1020
45	1035
45	1036
45	1037
45	1045
45	1046
45	1060
45	1067
45	1069
45	1081
45	1088
45	1091
45	1110
45	1189
45	1220
45	1237
45	1250
45	1251
45	1261
45	1268
45	1336
45	1352
45	1355
45	1389
45	1392
45	1401
45	1402
45	1415
45	1416
45	1417
45	1420
45	1427
45	1446
45	1447
45	1455
45	1456
45	1457
45	1489
45	1490
45	1491
45	1520
45	1532
45	1549
45	1550
45	1551
45	1552
45	1568
45	1593
45	1608
45	1612
45	1613
45	1614
46	47
46	50
46	52
46	65
46	68
46	79
46	82
46	84
46	102
46	106
46	108
46	112
46	126
46	128
46	143
46	156
46	157
46	158
46	159
46	163
46	165
46	166
46	169
46	172
46	193
46	212
46	230
46	235
46	236
46	242
46	264
46	265
46	268
46	269
46	286
46	301
46	302
46	304
46	306
46	307
46	331
46	334
46	335
46	358
46	384
46	385
46	403
46	419
46	430
46	432
46	433
46	446
46	447
46	458
46	460
46	461
46	464
46	465
46	481
46	502
46	504
46	505
46	534
46	535
46	551
46	569
46	601
46	626
46	667
46	689
46	690
46	694
46	698
46	738
46	742
46	753
46	754
46	768
46	769
46	801
46	804
46	823
46	826
46	834
46	845
46	846
46	857
46	860
46	867
46	868
46	869
46	870
46	873
46	874
46	875
46	886
46	897
46	900
46	915
46	924
46	925
46	926
46	932
46	934
46	935
46	949
46	981
46	982
46	988
46	990
46	1013
46	1025
46	1038
46	1052
46	1065
46	1067
46	1078
46	1089
46	1090
46	1094
46	1097
46	1098
46	1099
46	1100
46	1116
46	1119
46	1186
46	1195
46	1202
46	1207
46	1238
46	1263
46	1264
46	1269
46	1301
46	1356
46	1357
46	1361
46	1362
46	1365
46	1366
46	1393
46	1394
46	1395
46	1396
46	1418
46	1422
46	1423
46	1424
46	1432
46	1438
46	1441
46	1448
46	1485
46	1486
46	1507
46	1508
46	1509
46	1530
46	1543
46	1566
46	1567
46	1578
46	1593
46	1609
46	1620
46	1621
46	1622
46	1627
46	1631
46	1632
46	1635
47	53
47	59
47	68
47	80
47	82
47	102
47	107
47	109
47	123
47	127
47	129
47	130
47	135
47	154
47	160
47	161
47	162
47	164
47	165
47	166
47	173
47	194
47	213
47	230
47	243
47	249
47	266
47	267
47	286
47	304
47	315
47	320
47	331
47	334
47	342
47	347
47	369
47	376
47	404
47	406
47	425
47	431
47	432
47	433
47	440
47	455
47	459
47	460
47	461
47	474
47	485
47	486
47	491
47	500
47	504
47	552
47	569
47	602
47	607
47	623
47	624
47	626
47	665
47	678
47	687
47	691
47	695
47	723
47	726
47	739
47	740
47	742
47	770
47	771
47	792
47	793
47	801
47	805
47	840
47	848
47	871
47	872
47	897
47	900
47	901
47	918
47	927
47	928
47	929
47	930
47	932
47	934
47	953
47	957
47	958
47	979
47	983
47	1013
47	1018
47	1025
47	1039
47	1040
47	1059
47	1063
47	1064
47	1066
47	1067
47	1068
47	1081
47	1088
47	1091
47	1092
47	1095
47	1099
47	1173
47	1186
47	1203
47	1225
47	1230
47	1233
47	1239
47	1285
47	1297
47	1301
47	1313
47	1343
47	1358
47	1365
47	1366
47	1380
47	1405
47	1406
47	1411
47	1418
47	1423
47	1424
47	1433
47	1471
47	1472
47	1473
47	1485
47	1486
47	1529
47	1530
47	1531
47	1591
47	1592
47	1593
47	1596
47	1609
47	1614
47	1623
47	1624
47	1625
47	1628
47	1632
48	49
48	50
48	54
48	63
48	70
48	71
48	83
48	89
48	93
48	104
48	112
48	113
48	117
48	122
48	129
48	147
48	163
48	164
48	165
48	166
48	167
48	169
48	172
48	174
48	195
48	204
48	214
48	221
48	244
48	272
48	287
48	303
48	304
48	305
48	323
48	332
48	338
48	359
48	360
48	372
48	388
48	401
48	405
48	420
48	432
48	450
48	462
48	464
48	470
48	480
48	504
48	507
48	539
48	540
48	542
48	553
48	569
48	583
48	596
48	603
48	627
48	653
48	670
48	692
48	693
48	694
48	695
48	696
48	697
48	701
48	741
48	742
48	755
48	756
48	772
48	786
48	821
48	848
48	858
48	869
48	872
48	873
48	876
48	879
48	881
48	882
48	885
48	898
48	926
48	931
48	932
48	933
48	936
48	947
48	957
48	972
48	984
48	985
48	986
48	987
48	990
48	998
48	1008
48	1041
48	1042
48	1067
48	1081
48	1090
48	1093
48	1094
48	1095
48	1096
48	1099
48	1103
48	1119
48	1159
48	1204
48	1205
48	1212
48	1213
48	1240
48	1241
48	1270
48	1271
48	1279
48	1320
48	1330
48	1359
48	1365
48	1385
48	1401
48	1419
48	1420
48	1421
48	1436
48	1437
48	1438
48	1439
48	1446
48	1449
48	1450
48	1451
48	1460
48	1486
48	1503
48	1504
48	1515
48	1516
48	1541
48	1574
48	1575
48	1576
48	1577
48	1579
48	1581
48	1582
48	1609
48	1622
48	1629
48	1637
48	1642
48	1643
48	1644
48	1647
49	55
49	64
49	70
49	71
49	83
49	89
49	105
49	114
49	117
49	158
49	167
49	168
49	169
49	196
49	205
49	206
49	215
49	222
49	237
49	238
49	245
49	287
49	305
49	316
49	332
49	345
49	361
49	372
49	383
49	388
49	402
49	405
49	420
49	442
49	463
49	489
49	490
49	501
49	513
49	532
49	554
49	584
49	596
49	604
49	627
49	653
49	661
49	689
49	696
49	697
49	698
49	743
49	744
49	757
49	758
49	773
49	774
49	787
49	822
49	835
49	855
49	859
49	869
49	873
49	898
49	933
49	948
49	981
49	986
49	987
49	988
49	989
49	998
49	1016
49	1043
49	1044
49	1090
49	1096
49	1097
49	1132
49	1133
49	1180
49	1204
49	1205
49	1232
49	1240
49	1241
49	1251
49	1270
49	1271
49	1298
49	1320
49	1360
49	1385
49	1416
49	1419
49	1420
49	1421
49	1427
49	1439
49	1450
49	1451
49	1468
49	1480
49	1481
49	1503
49	1504
49	1526
49	1539
49	1540
49	1541
49	1542
49	1544
49	1564
49	1576
49	1598
49	1603
49	1604
49	1606
49	1614
49	1629
49	1644
50	65
50	72
50	79
50	84
50	87
50	90
50	106
50	108
50	109
50	118
50	119
50	126
50	128
50	143
50	165
50	167
50	169
50	170
50	171
50	172
50	173
50	175
50	197
50	207
50	208
50	216
50	223
50	231
50	236
50	239
50	240
50	246
50	255
50	264
50	265
50	268
50	269
50	288
50	301
50	302
50	306
50	307
50	321
50	333
50	362
50	373
50	379
50	380
50	384
50	385
50	389
50	403
50	406
50	412
50	413
50	421
50	430
50	446
50	447
50	457
50	460
50	462
50	464
50	473
50	481
50	487
50	489
50	490
50	498
50	499
50	517
50	528
50	529
50	537
50	555
50	570
50	574
50	577
50	578
50	585
50	597
50	605
50	628
50	639
50	666
50	667
50	689
50	690
50	694
50	698
50	699
50	700
50	701
50	702
50	713
50	744
50	745
50	746
50	754
50	759
50	760
50	761
50	774
50	775
50	776
50	788
50	806
50	817
50	818
50	823
50	832
50	836
50	845
50	846
50	857
50	860
50	867
50	868
50	869
50	870
50	873
50	874
50	875
50	886
50	899
50	911
50	916
50	924
50	925
50	926
50	934
50	935
50	954
50	956
50	981
50	982
50	984
50	988
50	990
50	999
50	1004
50	1036
50	1049
50	1051
50	1063
50	1086
50	1089
50	1090
50	1094
50	1098
50	1099
50	1100
50	1113
50	1148
50	1149
50	1153
50	1174
50	1175
50	1193
50	1194
50	1195
50	1206
50	1225
50	1238
50	1242
50	1243
50	1255
50	1256
50	1257
50	1264
50	1269
50	1272
50	1273
50	1310
50	1311
50	1329
50	1356
50	1357
50	1361
50	1362
50	1379
50	1393
50	1394
50	1395
50	1396
50	1405
50	1409
50	1422
50	1431
50	1432
50	1440
50	1441
50	1448
50	1467
50	1468
50	1469
50	1479
50	1498
50	1499
50	1500
50	1505
50	1535
50	1536
50	1543
50	1558
50	1559
50	1560
50	1561
50	1570
50	1571
50	1600
50	1620
50	1621
50	1622
50	1625
50	1631
50	1632
50	1639
50	1644
51	53
51	55
51	84
51	105
51	110
51	111
51	114
51	138
51	146
51	160
51	164
51	170
51	171
51	173
51	177
51	178
51	183
51	212
51	213
51	217
51	225
51	229
51	242
51	243
51	257
51	258
51	268
51	271
51	294
51	295
51	301
51	302
51	306
51	310
51	311
51	346
51	362
51	375
51	390
51	407
51	422
51	428
51	446
51	449
51	465
51	476
51	483
51	485
51	502
51	519
51	520
51	528
51	529
51	534
51	557
51	576
51	587
51	628
51	648
51	649
51	654
51	681
51	709
51	710
51	714
51	745
51	768
51	769
51	770
51	771
51	775
51	777
51	791
51	808
51	824
51	825
51	828
51	837
51	843
51	845
51	856
51	857
51	874
51	875
51	880
51	887
51	913
51	914
51	915
51	940
51	941
51	942
51	952
51	995
51	996
51	1000
51	1017
51	1049
51	1063
51	1074
51	1075
51	1081
51	1098
51	1104
51	1105
51	1108
51	1113
51	1177
51	1184
51	1185
51	1218
51	1246
51	1247
51	1274
51	1275
51	1299
51	1328
51	1329
51	1331
51	1348
51	1349
51	1361
51	1363
51	1364
51	1386
51	1393
51	1394
51	1395
51	1399
51	1400
51	1416
51	1427
51	1448
51	1454
51	1483
51	1484
51	1487
51	1529
51	1545
51	1546
51	1547
51	1551
51	1566
51	1591
51	1598
51	1607
51	1608
51	1610
51	1614
51	1639
51	1640
51	1641
52	53
52	68
52	70
52	81
52	82
52	93
52	102
52	106
52	112
52	122
52	141
52	165
52	167
52	170
52	172
52	180
52	198
52	214
52	215
52	218
52	244
52	245
52	249
52	269
52	272
52	303
52	304
52	307
52	321
52	334
52	335
52	336
52	364
52	382
52	391
52	415
52	423
52	430
52	431
52	432
52	450
52	458
52	459
52	460
52	461
52	462
52	480
52	489
52	530
52	531
52	539
52	558
52	577
52	588
52	607
52	655
52	666
52	696
52	711
52	712
52	713
52	772
52	773
52	774
52	792
52	809
52	826
52	838
52	848
52	858
52	872
52	881
52	882
52	885
52	900
52	901
52	918
52	931
52	932
52	934
52	935
52	949
52	956
52	968
52	986
52	997
52	998
52	999
52	1006
52	1012
52	1024
52	1025
52	1038
52	1050
52	1051
52	1076
52	1094
52	1099
52	1106
52	1107
52	1113
52	1114
52	1200
52	1201
52	1202
52	1203
52	1260
52	1261
52	1276
52	1277
52	1296
52	1297
52	1356
52	1357
52	1358
52	1359
52	1365
52	1401
52	1418
52	1423
52	1424
52	1436
52	1437
52	1438
52	1441
52	1449
52	1450
52	1451
52	1455
52	1456
52	1501
52	1502
52	1505
52	1539
52	1540
52	1562
52	1563
52	1574
52	1575
52	1591
52	1592
52	1626
52	1627
52	1628
52	1630
52	1632
53	68
53	82
53	101
53	102
53	107
53	112
53	134
53	153
53	166
53	171
53	173
53	177
53	178
53	179
53	199
53	216
53	219
53	226
53	230
53	246
53	249
53	269
53	273
53	274
53	285
53	286
53	307
53	334
53	335
53	336
53	341
53	358
53	368
53	376
53	399
53	408
53	430
53	431
53	433
53	451
53	453
53	460
53	461
53	465
53	472
53	498
53	511
53	512
53	528
53	559
53	578
53	589
53	607
53	655
53	677
53	709
53	714
53	715
53	747
53	775
53	776
53	778
53	793
53	810
53	826
53	845
53	854
53	857
53	874
53	875
53	883
53	896
53	897
53	900
53	901
53	915
53	934
53	935
53	943
53	944
53	978
53	995
53	1000
53	1001
53	1012
53	1025
53	1038
53	1052
53	1053
53	1063
53	1067
53	1071
53	1104
53	1108
53	1109
53	1110
53	1172
53	1173
53	1202
53	1229
53	1230
53	1248
53	1249
53	1296
53	1297
53	1341
53	1356
53	1357
53	1358
53	1366
53	1378
53	1402
53	1411
53	1418
53	1423
53	1424
53	1438
53	1457
53	1465
53	1466
53	1469
53	1524
53	1525
53	1527
53	1530
53	1558
53	1559
53	1590
53	1591
53	1592
53	1593
53	1608
53	1627
53	1628
54	55
54	69
54	85
54	86
54	103
54	105
54	110
54	113
54	145
54	149
54	167
54	170
54	174
54	175
54	182
54	184
54	200
54	217
54	250
54	270
54	275
54	289
54	308
54	309
54	312
54	322
54	337
54	338
54	339
54	351
54	365
54	377
54	392
54	405
54	407
54	417
54	418
54	434
54	438
54	439
54	448
54	466
54	468
54	469
54	470
54	471
54	482
54	519
54	536
54	541
54	579
54	590
54	608
54	636
54	656
54	668
54	699
54	716
54	777
54	794
54	824
54	827
54	862
54	864
54	876
54	877
54	878
54	879
54	884
54	888
54	902
54	903
54	919
54	936
54	937
54	938
54	939
54	945
54	946
54	950
54	970
54	1002
54	1003
54	1004
54	1005
54	1014
54	1026
54	1027
54	1041
54	1054
54	1055
54	1079
54	1086
54	1101
54	1102
54	1103
54	1111
54	1112
54	1113
54	1117
54	1210
54	1211
54	1218
54	1250
54	1267
54	1268
54	1270
54	1274
54	1278
54	1308
54	1309
54	1367
54	1374
54	1375
54	1376
54	1377
54	1397
54	1398
54	1425
54	1426
54	1427
54	1430
54	1446
54	1450
54	1454
54	1458
54	1459
54	1512
54	1545
54	1569
54	1572
54	1576
54	1580
54	1598
54	1599
54	1636
54	1637
54	1638
54	1640
54	1644
54	1648
55	69
55	86
55	103
55	104
55	105
55	111
55	114
55	136
55	156
55	168
55	174
55	180
55	181
55	201
55	218
55	219
55	220
55	250
55	252
55	270
55	276
55	289
55	291
55	308
55	313
55	337
55	338
55	339
55	343
55	359
55	378
55	393
55	401
55	402
55	435
55	438
55	439
55	442
55	467
55	470
55	471
55	511
55	515
55	516
55	530
55	560
55	580
55	591
55	608
55	636
55	656
55	679
55	711
55	717
55	748
55	778
55	779
55	795
55	825
55	828
55	849
55	852
55	853
55	863
55	867
55	876
55	879
55	881
55	885
55	886
55	902
55	903
55	905
55	906
55	936
55	937
55	947
55	948
55	965
55	997
55	1006
55	1007
55	1014
55	1027
55	1041
55	1056
55	1072
55	1103
55	1106
55	1114
55	1115
55	1116
55	1177
55	1178
55	1236
55	1237
55	1251
55	1279
55	1308
55	1309
55	1368
55	1369
55	1374
55	1375
55	1376
55	1377
55	1383
55	1384
55	1416
55	1420
55	1425
55	1426
55	1427
55	1430
55	1460
55	1476
55	1477
55	1524
55	1533
55	1534
55	1537
55	1541
55	1562
55	1597
55	1598
55	1599
55	1601
55	1608
55	1637
55	1638
56	57
56	59
56	69
56	86
56	103
56	105
56	115
56	117
56	144
56	200
56	221
56	222
56	233
56	234
56	237
56	242
56	252
56	270
56	291
56	308
56	309
56	336
56	341
56	342
56	377
56	386
56	387
56	395
56	410
56	411
56	418
56	434
56	435
56	438
56	462
56	466
56	467
56	468
56	470
56	506
56	536
56	564
56	593
56	594
56	596
56	601
56	609
56	629
56	630
56	638
56	661
56	662
56	683
56	721
56	722
56	798
56	803
56	829
56	841
56	842
56	847
56	861
56	864
56	876
56	877
56	878
56	879
56	888
56	905
56	906
56	936
56	937
56	938
56	939
56	950
56	967
56	989
56	1003
56	1012
56	1039
56	1053
56	1058
56	1189
56	1196
56	1204
56	1208
56	1209
56	1223
56	1234
56	1250
56	1253
56	1265
56	1266
56	1268
56	1302
56	1303
56	1304
56	1333
56	1367
56	1368
56	1369
56	1374
56	1375
56	1425
56	1426
56	1427
56	1430
56	1439
56	1442
56	1474
56	1503
56	1507
56	1510
56	1511
56	1532
56	1544
56	1564
56	1566
56	1568
56	1569
56	1579
56	1594
56	1595
56	1623
56	1633
56	1634
56	1635
57	60
57	69
57	86
57	103
57	105
57	116
57	118
57	124
57	125
57	133
57	135
57	152
57	155
57	176
57	200
57	223
57	224
57	233
57	234
57	238
57	243
57	247
57	248
57	250
57	251
57	252
57	283
57	284
57	289
57	290
57	291
57	309
57	315
57	331
57	341
57	342
57	370
57	371
57	377
57	396
57	410
57	411
57	414
57	416
57	418
57	424
57	426
57	434
57	435
57	436
57	437
57	439
57	441
57	456
57	466
57	467
57	469
57	471
57	475
57	500
57	536
57	565
57	593
57	594
57	597
57	602
57	609
57	629
57	630
57	638
57	663
57	678
57	683
57	688
57	710
57	723
57	724
57	752
57	799
57	803
57	829
57	831
57	832
57	839
57	843
57	844
57	849
57	850
57	851
57	853
57	865
57	866
57	880
57	889
57	892
57	893
57	894
57	895
57	902
57	903
57	904
57	905
57	906
57	919
57	921
57	938
57	939
57	952
57	953
57	967
57	980
57	1003
57	1013
57	1039
57	1040
57	1053
57	1059
57	1060
57	1061
57	1069
57	1070
57	1082
57	1171
57	1174
57	1176
57	1189
57	1208
57	1224
57	1227
57	1231
57	1234
57	1235
57	1250
57	1254
57	1265
57	1268
57	1302
57	1303
57	1304
57	1333
57	1339
57	1340
57	1344
57	1345
57	1367
57	1368
57	1369
57	1376
57	1377
57	1381
57	1382
57	1409
57	1412
57	1425
57	1426
57	1427
57	1430
57	1467
57	1471
57	1474
57	1475
57	1510
57	1526
57	1529
57	1532
57	1561
57	1568
57	1569
57	1588
57	1589
57	1594
57	1595
57	1596
57	1633
57	1634
58	59
58	63
58	72
58	87
58	90
58	91
58	106
58	108
58	119
58	126
58	127
58	130
58	148
58	173
58	177
58	178
58	185
58	221
58	225
58	235
58	236
58	239
58	244
58	253
58	273
58	274
58	285
58	286
58	292
58	294
58	295
58	310
58	324
58	339
58	343
58	344
58	345
58	351
58	379
58	384
58	389
58	409
58	412
58	419
58	421
58	433
58	443
58	451
58	453
58	472
58	473
58	474
58	476
58	477
58	491
58	505
58	506
58	521
58	566
58	595
58	598
58	603
58	610
58	657
58	664
58	665
58	671
58	702
58	721
58	725
58	726
58	753
58	804
58	811
58	830
58	834
58	845
58	854
58	875
58	883
58	896
58	897
58	907
58	908
58	911
58	927
58	940
58	943
58	944
58	954
58	955
58	958
58	973
58	1014
58	1015
58	1028
58	1043
58	1054
58	1056
58	1062
58	1063
58	1064
58	1068
58	1100
58	1104
58	1108
58	1137
58	1155
58	1162
58	1207
58	1214
58	1215
58	1255
58	1256
58	1263
58	1269
58	1272
58	1273
58	1280
58	1321
58	1322
58	1323
58	1341
58	1363
58	1366
58	1378
58	1386
58	1387
58	1388
58	1399
58	1402
58	1404
58	1431
58	1432
58	1440
58	1441
58	1513
58	1515
58	1517
58	1518
58	1543
58	1547
58	1548
58	1570
58	1574
58	1578
58	1579
58	1605
58	1623
58	1639
58	1642
58	1645
58	1646
58	1647
59	60
59	65
59	66
59	80
59	88
59	99
59	107
59	115
59	120
59	123
59	127
59	129
59	130
59	154
59	166
59	177
59	188
59	189
59	223
59	241
59	246
59	249
59	254
59	266
59	267
59	271
59	293
59	311
59	320
59	346
59	347
59	348
59	349
59	367
59	381
59	398
59	410
59	414
59	425
59	428
59	429
59	431
59	440
59	453
59	455
59	461
59	472
59	474
59	488
59	500
59	503
59	518
59	538
59	600
59	605
59	611
59	658
59	665
59	668
59	669
59	670
59	671
59	695
59	723
59	729
59	730
59	731
59	782
59	805
59	813
59	829
59	840
59	848
59	871
59	872
59	900
59	901
59	909
59	910
59	927
59	928
59	929
59	930
59	941
59	942
59	943
59	944
59	955
59	957
59	958
59	985
59	1005
59	1011
59	1017
59	1018
59	1037
59	1064
59	1066
59	1067
59	1068
59	1091
59	1092
59	1095
59	1108
59	1138
59	1196
59	1197
59	1198
59	1199
59	1208
59	1227
59	1228
59	1258
59	1259
59	1265
59	1289
59	1290
59	1291
59	1343
59	1348
59	1349
59	1350
59	1351
59	1358
59	1380
59	1406
59	1410
59	1411
59	1433
59	1434
59	1435
59	1442
59	1495
59	1498
59	1537
59	1538
59	1555
59	1558
59	1561
59	1572
59	1573
59	1588
59	1589
59	1593
59	1620
59	1623
59	1624
59	1625
59	1633
59	1645
60	66
60	67
60	78
60	80
60	88
60	98
60	99
60	100
60	107
60	116
60	120
60	124
60	131
60	133
60	135
60	152
60	155
60	190
60	191
60	224
60	227
60	228
60	247
60	248
60	250
60	251
60	254
60	271
60	283
60	284
60	289
60	290
60	293
60	311
60	314
60	317
60	318
60	330
60	346
60	347
60	348
60	349
60	357
60	367
60	381
60	398
60	411
60	414
60	424
60	426
60	428
60	429
60	439
60	441
60	456
60	471
60	473
60	475
60	484
60	497
60	510
60	527
60	568
60	611
60	658
60	660
60	672
60	673
60	674
60	676
60	686
60	708
60	724
60	732
60	733
60	734
60	735
60	783
60	805
60	814
60	831
60	839
60	843
60	844
60	849
60	850
60	851
60	853
60	865
60	866
60	880
60	891
60	892
60	893
60	894
60	895
60	902
60	903
60	904
60	909
60	910
60	911
60	923
60	941
60	942
60	951
60	959
60	960
60	961
60	962
60	964
60	977
60	1011
60	1019
60	1020
60	1021
60	1037
60	1059
60	1060
60	1061
60	1069
60	1070
60	1087
60	1138
60	1171
60	1227
60	1228
60	1234
60	1258
60	1259
60	1289
60	1290
60	1291
60	1339
60	1340
60	1344
60	1345
60	1348
60	1349
60	1350
60	1351
60	1376
60	1377
60	1381
60	1382
60	1406
60	1407
60	1408
60	1410
60	1411
60	1412
60	1413
60	1414
60	1433
60	1434
60	1435
60	1464
60	1523
60	1557
60	1588
60	1589
60	1594
60	1595
60	1596
60	1623
60	1624
61	62
61	63
61	74
61	92
61	94
61	95
61	110
61	113
61	121
61	131
61	150
61	151
61	152
61	175
61	182
61	210
61	232
61	257
61	275
61	277
61	278
61	294
61	297
61	298
61	309
61	312
61	327
61	354
61	355
61	356
61	357
61	392
61	393
61	401
61	417
61	418
61	436
61	448
61	449
61	458
61	478
61	479
61	482
61	483
61	494
61	508
61	541
61	543
61	612
61	630
61	641
61	673
61	685
61	686
61	704
61	716
61	751
61	764
61	765
61	802
61	833
61	850
61	856
61	862
61	864
61	865
61	877
61	884
61	887
61	913
61	914
61	921
61	945
61	946
61	949
61	961
61	970
61	976
61	977
61	992
61	1019
61	1029
61	1032
61	1034
61	1045
61	1057
61	1070
61	1084
61	1085
61	1086
61	1087
61	1111
61	1117
61	1212
61	1216
61	1222
61	1236
61	1250
61	1267
61	1278
61	1279
61	1333
61	1334
61	1335
61	1354
61	1367
61	1370
61	1391
61	1397
61	1398
61	1399
61	1400
61	1403
61	1415
61	1445
61	1446
61	1447
61	1452
61	1453
61	1454
61	1458
61	1521
61	1553
61	1580
61	1583
61	1584
61	1612
61	1613
61	1642
61	1648
61	1649
61	1650
62	64
62	74
62	75
62	92
62	94
62	110
62	113
62	114
62	121
62	125
62	153
62	154
62	155
62	162
62	183
62	192
62	211
62	229
62	232
62	233
62	234
62	257
62	260
62	261
62	275
62	294
62	299
62	300
62	309
62	312
62	317
62	329
62	330
62	333
62	348
62	354
62	355
62	356
62	357
62	363
62	377
62	378
62	402
62	417
62	418
62	420
62	422
62	444
62	448
62	449
62	450
62	451
62	459
62	478
62	479
62	482
62	483
62	492
62	493
62	522
62	523
62	541
62	550
62	573
62	582
62	612
62	630
62	641
62	663
62	687
62	688
62	691
62	715
62	716
62	736
62	737
62	752
62	766
62	767
62	803
62	833
62	835
62	837
62	844
62	856
62	862
62	866
62	884
62	887
62	896
62	913
62	914
62	918
62	922
62	923
62	931
62	945
62	946
62	970
62	978
62	979
62	980
62	983
62	1019
62	1020
62	1029
62	1032
62	1035
62	1036
62	1037
62	1045
62	1046
62	1057
62	1060
62	1074
62	1079
62	1088
62	1091
62	1110
62	1180
62	1184
62	1189
62	1237
62	1240
62	1246
62	1250
62	1251
62	1268
62	1278
62	1333
62	1334
62	1335
62	1352
62	1355
62	1367
62	1389
62	1392
62	1397
62	1398
62	1399
62	1400
62	1416
62	1417
62	1425
62	1445
62	1446
62	1447
62	1452
62	1453
62	1454
62	1489
62	1490
62	1491
62	1532
62	1549
62	1550
62	1551
62	1552
62	1553
62	1568
62	1580
62	1603
62	1612
62	1613
62	1614
62	1648
62	1649
62	1650
63	64
63	65
63	70
63	89
63	93
63	112
63	122
63	129
63	147
63	163
63	164
63	165
63	166
63	172
63	180
63	184
63	195
63	204
63	214
63	235
63	244
63	272
63	276
63	291
63	303
63	304
63	313
63	323
63	338
63	350
63	359
63	360
63	361
63	372
63	388
63	405
63	417
63	420
63	432
63	442
63	450
63	462
63	468
63	480
63	481
63	504
63	507
63	539
63	540
63	542
63	553
63	583
63	595
63	603
63	614
63	631
63	642
63	659
63	670
63	692
63	693
63	694
63	695
63	701
63	741
63	742
63	755
63	756
63	772
63	786
63	821
63	833
63	848
63	858
63	867
63	872
63	878
63	881
63	882
63	885
63	886
63	888
63	924
63	931
63	932
63	947
63	948
63	950
63	957
63	972
63	984
63	985
63	990
63	1008
63	1016
63	1030
63	1041
63	1042
63	1067
63	1081
63	1093
63	1094
63	1095
63	1099
63	1101
63	1106
63	1119
63	1212
63	1213
63	1240
63	1241
63	1270
63	1271
63	1278
63	1316
63	1317
63	1318
63	1319
63	1359
63	1365
63	1368
63	1383
63	1384
63	1401
63	1419
63	1436
63	1437
63	1438
63	1449
63	1450
63	1451
63	1458
63	1515
63	1516
63	1517
63	1574
63	1575
63	1576
63	1577
63	1578
63	1581
63	1582
63	1603
63	1604
63	1620
63	1642
63	1643
63	1644
63	1645
63	1649
64	70
64	71
64	83
64	89
64	93
64	112
64	117
64	122
64	158
64	167
64	168
64	169
64	181
64	196
64	205
64	206
64	215
64	236
64	237
64	238
64	245
64	276
64	291
64	305
64	313
64	316
64	332
64	345
64	350
64	359
64	360
64	361
64	372
64	388
64	405
64	418
64	420
64	442
64	463
64	480
64	489
64	490
64	501
64	513
64	532
64	554
64	584
64	604
64	614
64	631
64	642
64	659
64	661
64	689
64	696
64	697
64	698
64	743
64	744
64	757
64	758
64	773
64	774
64	787
64	822
64	835
64	855
64	859
64	869
64	873
64	881
64	885
64	898
64	933
64	947
64	948
64	981
64	986
64	987
64	988
64	989
64	998
64	1016
64	1030
64	1043
64	1044
64	1072
64	1090
64	1096
64	1097
64	1180
64	1240
64	1241
64	1250
64	1270
64	1271
64	1316
64	1317
64	1318
64	1319
64	1360
64	1368
64	1383
64	1384
64	1419
64	1420
64	1421
64	1425
64	1436
64	1437
64	1438
64	1439
64	1449
64	1450
64	1451
64	1480
64	1481
64	1526
64	1539
64	1540
64	1541
64	1542
64	1543
64	1564
64	1603
64	1604
64	1612
64	1642
64	1643
65	72
65	79
65	87
65	90
65	106
65	108
65	119
65	126
65	128
65	143
65	165
65	169
65	170
65	171
65	172
65	173
65	180
65	197
65	207
65	208
65	216
65	231
65	239
65	240
65	246
65	259
65	264
65	265
65	268
65	269
65	296
65	301
65	302
65	306
65	307
65	362
65	363
65	373
65	379
65	380
65	389
65	412
65	413
65	419
65	421
65	427
65	430
65	446
65	447
65	457
65	460
65	464
65	480
65	481
65	487
65	498
65	499
65	517
65	528
65	529
65	537
65	555
65	574
65	585
65	605
65	615
65	632
65	694
65	699
65	700
65	701
65	702
65	745
65	746
65	759
65	760
65	761
65	775
65	776
65	788
65	806
65	823
65	834
65	836
65	845
65	846
65	857
65	860
65	867
65	868
65	869
65	870
65	873
65	874
65	875
65	881
65	885
65	886
65	916
65	917
65	924
65	925
65	926
65	934
65	935
65	954
65	984
65	990
65	1004
65	1035
65	1049
65	1063
65	1089
65	1090
65	1094
65	1098
65	1099
65	1100
65	1106
65	1113
65	1193
65	1194
65	1195
65	1207
65	1242
65	1243
65	1255
65	1256
65	1257
65	1263
65	1272
65	1273
65	1287
65	1288
65	1346
65	1347
65	1356
65	1357
65	1361
65	1362
65	1393
65	1394
65	1395
65	1396
65	1422
65	1431
65	1432
65	1440
65	1441
65	1498
65	1499
65	1500
65	1535
65	1536
65	1558
65	1559
65	1560
65	1570
65	1571
65	1620
65	1621
65	1622
65	1623
65	1631
65	1632
65	1642
66	67
66	69
66	72
66	76
66	88
66	99
66	100
66	107
66	120
66	123
66	127
66	131
66	133
66	152
66	166
66	188
66	189
66	247
66	254
66	255
66	266
66	271
66	283
66	293
66	311
66	314
66	317
66	318
66	322
66	323
66	324
66	330
66	346
66	347
66	348
66	349
66	357
66	367
66	369
66	370
66	381
66	398
66	404
66	414
66	428
66	429
66	440
66	441
66	474
66	475
66	488
66	503
66	518
66	538
66	606
66	611
66	623
66	634
66	650
66	658
66	660
66	668
66	669
66	670
66	671
66	676
66	686
66	691
66	708
66	724
66	729
66	730
66	731
66	782
66	805
66	813
66	891
66	892
66	893
66	909
66	910
66	923
66	927
66	928
66	941
66	942
66	955
66	959
66	960
66	961
66	962
66	979
66	985
66	1005
66	1011
66	1015
66	1019
66	1020
66	1021
66	1037
66	1042
66	1055
66	1066
66	1067
66	1068
66	1069
66	1070
66	1087
66	1092
66	1192
66	1196
66	1197
66	1198
66	1199
66	1227
66	1228
66	1233
66	1239
66	1254
66	1258
66	1259
66	1289
66	1290
66	1291
66	1311
66	1312
66	1313
66	1314
66	1315
66	1348
66	1349
66	1350
66	1351
66	1379
66	1380
66	1381
66	1382
66	1407
66	1408
66	1410
66	1411
66	1429
66	1433
66	1434
66	1435
66	1537
66	1538
66	1572
66	1573
66	1588
66	1589
66	1601
66	1602
66	1619
66	1623
66	1624
66	1625
66	1640
66	1641
67	73
67	76
67	78
67	80
67	98
67	99
67	100
67	116
67	124
67	131
67	133
67	152
67	190
67	191
67	223
67	224
67	227
67	228
67	248
67	256
67	267
67	282
67	284
67	300
67	314
67	317
67	318
67	325
67	326
67	327
67	328
67	330
67	348
67	349
67	357
67	367
67	370
67	371
67	381
67	396
67	398
67	411
67	414
67	425
67	426
67	428
67	429
67	455
67	456
67	484
67	497
67	500
67	510
67	527
67	622
67	624
67	635
67	647
67	651
67	660
67	663
67	672
67	673
67	674
67	676
67	686
67	708
67	723
67	724
67	732
67	733
67	734
67	735
67	783
67	799
67	814
67	831
67	891
67	894
67	895
67	910
67	923
67	929
67	930
67	942
67	951
67	959
67	960
67	961
67	962
67	964
67	977
67	980
67	1010
67	1011
67	1019
67	1020
67	1021
67	1023
67	1034
67	1037
67	1048
67	1061
67	1069
67	1070
67	1087
67	1169
67	1171
67	1176
67	1224
67	1227
67	1228
67	1234
67	1235
67	1254
67	1258
67	1259
67	1283
67	1284
67	1285
67	1286
67	1292
67	1293
67	1342
67	1343
67	1344
67	1345
67	1352
67	1353
67	1406
67	1407
67	1408
67	1412
67	1413
67	1414
67	1429
67	1434
67	1435
67	1523
67	1557
67	1561
67	1586
67	1587
67	1588
67	1589
67	1618
67	1619
67	1625
68	75
68	82
68	102
68	123
68	154
68	161
68	179
68	193
68	194
68	198
68	199
68	230
68	249
68	261
68	269
68	286
68	304
68	307
68	315
68	331
68	334
68	335
68	336
68	342
68	366
68	368
68	369
68	376
68	385
68	399
68	403
68	404
68	408
68	430
68	431
68	432
68	433
68	460
68	461
68	486
68	512
68	531
68	535
68	607
68	617
68	626
68	636
68	655
68	677
68	678
68	687
68	691
68	738
68	739
68	740
68	747
68	781
68	784
68	785
68	801
68	816
68	897
68	900
68	901
68	932
68	934
68	935
68	953
68	979
68	983
68	1001
68	1012
68	1013
68	1025
68	1038
68	1039
68	1040
68	1071
68	1091
68	1092
68	1179
68	1183
68	1186
68	1187
68	1188
68	1229
68	1230
68	1233
68	1238
68	1239
68	1245
68	1248
68	1249
68	1264
68	1295
68	1296
68	1297
68	1301
68	1309
68	1355
68	1356
68	1357
68	1358
68	1365
68	1366
68	1417
68	1418
68	1423
68	1424
68	1525
68	1530
68	1531
68	1563
68	1567
68	1591
68	1592
68	1593
68	1602
68	1609
68	1610
68	1611
68	1627
68	1628
68	1632
69	76
69	86
69	103
69	105
69	124
69	125
69	135
69	155
69	200
69	201
69	224
69	233
69	234
69	250
69	252
69	262
69	270
69	289
69	291
69	308
69	309
69	315
69	331
69	337
69	338
69	339
69	341
69	342
69	367
69	370
69	371
69	377
69	378
69	386
69	402
69	410
69	411
69	418
69	434
69	435
69	436
69	437
69	438
69	439
69	466
69	467
69	470
69	471
69	485
69	516
69	536
69	608
69	609
69	618
69	629
69	636
69	638
69	656
69	663
69	678
69	683
69	687
69	688
69	710
69	724
69	748
69	752
69	771
69	782
69	803
69	819
69	889
69	902
69	903
69	905
69	906
69	921
69	936
69	937
69	938
69	939
69	952
69	953
69	967
69	980
69	983
69	1003
69	1013
69	1014
69	1027
69	1039
69	1040
69	1041
69	1053
69	1059
69	1060
69	1061
69	1169
69	1189
69	1191
69	1192
69	1199
69	1224
69	1234
69	1237
69	1250
69	1251
69	1253
69	1254
69	1259
69	1265
69	1268
69	1302
69	1303
69	1304
69	1307
69	1308
69	1309
69	1367
69	1368
69	1369
69	1373
69	1374
69	1375
69	1376
69	1377
69	1425
69	1426
69	1427
69	1429
69	1430
69	1435
69	1532
69	1534
69	1568
69	1569
69	1594
69	1595
69	1596
69	1598
69	1599
69	1619
69	1633
69	1634
69	1637
69	1638
70	71
70	72
70	74
70	93
70	112
70	122
70	128
70	129
70	141
70	147
70	158
70	167
70	172
70	180
70	204
70	214
70	215
70	244
70	245
70	276
70	313
70	316
70	332
70	345
70	350
70	359
70	360
70	361
70	372
70	377
70	382
70	388
70	391
70	405
70	415
70	420
70	423
70	442
70	480
70	489
70	507
70	539
70	542
70	614
70	631
70	642
70	659
70	661
70	689
70	690
70	692
70	693
70	694
70	695
70	711
70	712
70	713
70	754
70	755
70	756
70	772
70	773
70	774
70	786
70	792
70	794
70	809
70	821
70	823
70	826
70	838
70	869
70	873
70	898
70	933
70	947
70	948
70	956
70	957
70	968
70	972
70	986
70	987
70	988
70	989
70	990
70	1006
70	1008
70	1016
70	1030
70	1043
70	1044
70	1093
70	1094
70	1095
70	1096
70	1097
70	1106
70	1107
70	1195
70	1200
70	1201
70	1202
70	1203
70	1211
70	1212
70	1213
70	1240
70	1241
70	1260
70	1261
70	1268
70	1270
70	1271
70	1276
70	1277
70	1316
70	1317
70	1318
70	1319
70	1330
70	1360
70	1383
70	1384
70	1420
70	1421
70	1436
70	1437
70	1438
70	1447
70	1449
70	1450
70	1451
70	1539
70	1540
70	1574
70	1575
70	1581
70	1582
70	1603
70	1604
70	1609
70	1626
70	1627
70	1628
70	1638
70	1642
70	1643
70	1644
71	73
71	75
71	83
71	89
71	117
71	142
71	158
71	168
71	181
71	195
71	196
71	205
71	206
71	237
71	238
71	252
71	272
71	287
71	305
71	316
71	332
71	339
71	345
71	361
71	372
71	378
71	383
71	388
71	400
71	405
71	416
71	420
71	442
71	462
71	463
71	490
71	501
71	504
71	513
71	532
71	540
71	609
71	627
71	653
71	661
71	662
71	679
71	680
71	689
71	696
71	697
71	698
71	722
71	741
71	742
71	743
71	744
71	757
71	758
71	787
71	795
71	817
71	822
71	823
71	835
71	869
71	873
71	898
71	933
71	948
71	969
71	981
71	986
71	987
71	988
71	989
71	998
71	1007
71	1014
71	1016
71	1043
71	1044
71	1050
71	1072
71	1073
71	1096
71	1097
71	1178
71	1180
71	1195
71	1204
71	1205
71	1206
71	1231
71	1232
71	1237
71	1240
71	1241
71	1262
71	1270
71	1271
71	1298
71	1304
71	1320
71	1359
71	1360
71	1369
71	1385
71	1417
71	1419
71	1420
71	1421
71	1439
71	1450
71	1451
71	1526
71	1541
71	1542
71	1564
71	1576
71	1577
71	1599
71	1603
71	1604
71	1629
71	1630
71	1644
72	73
72	76
72	87
72	90
72	106
72	108
72	109
72	119
72	126
72	128
72	159
72	165
72	207
72	208
72	235
72	236
72	239
72	240
72	247
72	253
72	255
72	256
72	273
72	288
72	292
72	310
72	316
72	332
72	343
72	344
72	345
72	351
72	361
72	373
72	379
72	380
72	384
72	385
72	389
72	403
72	412
72	413
72	419
72	421
72	443
72	444
72	445
72	472
72	473
72	476
72	477
72	487
72	489
72	505
72	517
72	537
72	606
72	610
72	639
72	657
72	662
72	689
72	690
72	699
72	700
72	701
72	702
72	713
72	722
72	753
72	754
72	759
72	760
72	761
72	774
72	788
72	789
72	796
72	804
72	806
72	823
72	834
72	836
72	842
72	846
72	847
72	870
72	890
72	899
72	907
72	908
72	911
72	922
72	940
72	943
72	954
72	956
72	984
72	988
72	1004
72	1016
72	1028
72	1043
72	1044
72	1054
72	1056
72	1065
72	1098
72	1099
72	1100
72	1190
72	1193
72	1194
72	1195
72	1207
72	1238
72	1242
72	1243
72	1255
72	1256
72	1257
72	1263
72	1264
72	1269
72	1272
72	1273
72	1283
72	1310
72	1311
72	1315
72	1321
72	1322
72	1323
72	1342
72	1378
72	1379
72	1382
72	1386
72	1387
72	1388
72	1405
72	1429
72	1431
72	1432
72	1435
72	1440
72	1441
72	1451
72	1535
72	1536
72	1543
72	1570
72	1571
72	1578
72	1600
72	1605
72	1606
72	1616
72	1620
72	1621
72	1622
72	1639
72	1645
72	1646
73	77
73	91
73	97
73	108
73	109
73	115
73	127
73	128
73	159
73	209
73	221
73	222
73	241
73	248
73	254
73	255
73	256
73	274
73	281
73	288
73	299
73	316
73	324
73	332
73	345
73	352
73	353
73	361
73	366
73	374
73	386
73	387
73	395
73	397
73	406
73	410
73	443
73	444
73	445
73	453
73	454
73	488
73	490
73	496
73	506
73	526
73	611
73	621
73	640
73	646
73	661
73	662
73	671
73	690
73	703
73	704
73	713
73	721
73	722
73	731
73	744
73	754
73	762
73	763
73	788
73	789
73	797
73	798
73	807
73	829
73	842
73	846
73	847
73	870
73	890
73	899
73	908
73	912
73	922
73	944
73	955
73	956
73	976
73	989
73	994
73	1015
73	1016
73	1022
73	1043
73	1044
73	1047
73	1065
73	1068
73	1167
73	1170
73	1208
73	1209
73	1223
73	1225
73	1226
73	1244
73	1245
73	1253
73	1265
73	1266
73	1282
73	1283
73	1291
73	1311
73	1324
73	1325
73	1341
73	1342
73	1345
73	1351
73	1379
73	1389
73	1390
73	1404
73	1405
73	1408
73	1421
73	1432
73	1442
73	1443
73	1444
73	1544
73	1555
73	1556
73	1579
73	1585
73	1605
73	1606
73	1617
73	1647
74	75
74	76
74	92
74	94
74	110
74	113
74	114
74	121
74	125
74	131
74	149
74	162
74	174
74	184
74	210
74	211
74	217
74	234
74	257
74	260
74	261
74	275
74	277
74	294
74	300
74	312
74	317
74	329
74	330
74	333
74	348
74	354
74	355
74	356
74	357
74	363
74	372
74	375
74	377
74	378
74	390
74	392
74	407
74	417
74	418
74	422
74	448
74	449
74	450
74	451
74	478
74	479
74	482
74	483
74	492
74	494
74	508
74	519
74	522
74	541
74	543
74	612
74	616
74	617
74	630
74	634
74	635
74	641
74	643
74	663
74	686
74	687
74	688
74	691
74	705
74	706
74	707
74	708
74	715
74	716
74	751
74	752
74	764
74	765
74	766
74	767
74	777
74	786
74	790
74	794
74	795
74	813
74	814
74	824
74	827
74	844
74	866
74	896
74	913
74	914
74	923
74	931
74	945
74	946
74	959
74	961
74	970
74	974
74	978
74	979
74	980
74	983
74	991
74	1009
74	1019
74	1020
74	1029
74	1032
74	1035
74	1036
74	1037
74	1045
74	1046
74	1057
74	1087
74	1088
74	1101
74	1102
74	1103
74	1178
74	1198
74	1210
74	1211
74	1213
74	1216
74	1217
74	1218
74	1219
74	1237
74	1246
74	1247
74	1250
74	1267
74	1268
74	1271
74	1274
74	1275
74	1278
74	1286
74	1295
74	1314
74	1326
74	1327
74	1333
74	1334
74	1335
74	1352
74	1355
74	1391
74	1392
74	1397
74	1398
74	1399
74	1400
74	1416
74	1417
74	1429
74	1445
74	1446
74	1447
74	1451
74	1452
74	1453
74	1454
74	1532
74	1545
74	1549
74	1550
74	1580
74	1583
74	1584
74	1607
74	1612
74	1613
74	1614
74	1638
74	1648
74	1649
74	1650
75	81
75	95
75	101
75	113
75	114
75	125
75	162
75	192
75	218
75	219
75	229
75	234
75	249
75	258
75	260
75	261
75	278
75	285
75	300
75	303
75	317
75	329
75	330
75	333
75	348
75	356
75	357
75	363
75	364
75	377
75	378
75	382
75	391
75	393
75	401
75	402
75	415
75	423
75	448
75	449
75	450
75	451
75	458
75	459
75	493
75	495
75	511
75	523
75	530
75	607
75	613
75	616
75	617
75	625
75	634
75	635
75	644
75	652
75	660
75	663
75	675
75	676
75	687
75	688
75	691
75	715
75	717
75	720
75	736
75	737
75	752
75	778
75	787
75	791
75	794
75	795
75	813
75	814
75	815
75	828
75	844
75	866
75	896
75	914
75	918
75	923
75	931
75	946
75	949
75	960
75	962
75	965
75	975
75	978
75	979
75	980
75	983
75	997
75	1017
75	1019
75	1020
75	1024
75	1035
75	1036
75	1037
75	1045
75	1046
75	1088
75	1177
75	1178
75	1198
75	1211
75	1220
75	1221
75	1236
75	1237
75	1251
75	1260
75	1261
75	1268
75	1276
75	1277
75	1279
75	1286
75	1294
75	1295
75	1297
75	1300
75	1314
75	1327
75	1336
75	1352
75	1354
75	1355
75	1358
75	1364
75	1392
75	1401
75	1402
75	1415
75	1416
75	1417
75	1418
75	1421
75	1446
75	1447
75	1455
75	1456
75	1457
75	1524
75	1532
75	1551
75	1552
75	1562
75	1590
75	1599
75	1612
75	1613
75	1614
75	1626
76	85
76	96
76	104
76	123
76	124
76	129
76	131
76	220
76	232
76	250
76	262
76	263
76	279
76	282
76	314
76	318
76	340
76	349
76	365
76	373
76	392
76	393
76	394
76	401
76	409
76	417
76	468
76	469
76	492
76	494
76	495
76	515
76	606
76	608
76	614
76	618
76	619
76	637
76	645
76	660
76	685
76	686
76	695
76	708
76	718
76	720
76	751
76	767
76	779
76	782
76	783
76	788
76	792
76	796
76	797
76	802
76	833
76	840
76	871
76	891
76	919
76	950
76	957
76	959
76	961
76	962
76	966
76	992
76	1002
76	1011
76	1021
76	1026
76	1033
76	1061
76	1087
76	1092
76	1095
76	1167
76	1190
76	1199
76	1203
76	1222
76	1236
76	1252
76	1257
76	1267
76	1278
76	1279
76	1280
76	1281
76	1306
76	1307
76	1315
76	1319
76	1337
76	1338
76	1353
76	1372
76	1373
76	1377
76	1408
76	1428
76	1429
76	1435
76	1447
76	1458
76	1459
76	1460
76	1533
76	1553
76	1597
76	1616
76	1628
76	1636
77	78
77	83
77	87
77	91
77	93
77	97
77	109
77	115
77	116
77	133
77	140
77	164
77	209
77	221
77	222
77	241
77	256
77	266
77	274
77	281
77	299
77	316
77	319
77	325
77	326
77	350
77	352
77	353
77	366
77	374
77	386
77	387
77	395
77	397
77	406
77	410
77	444
77	445
77	453
77	454
77	455
77	456
77	496
77	506
77	507
77	526
77	621
77	640
77	646
77	661
77	662
77	664
77	672
77	682
77	693
77	703
77	704
77	716
77	721
77	722
77	756
77	762
77	763
77	789
77	798
77	807
77	829
77	890
77	894
77	912
77	922
77	929
77	944
77	964
77	970
77	971
77	972
77	973
77	976
77	989
77	994
77	1022
77	1023
77	1029
77	1030
77	1031
77	1044
77	1047
77	1048
77	1069
77	1079
77	1080
77	1081
77	1170
77	1205
77	1208
77	1209
77	1223
77	1225
77	1226
77	1244
77	1245
77	1253
77	1265
77	1266
77	1282
77	1283
77	1322
77	1324
77	1325
77	1341
77	1342
77	1380
77	1389
77	1390
77	1404
77	1405
77	1412
77	1413
77	1433
77	1437
77	1442
77	1443
77	1444
77	1544
77	1555
77	1556
77	1579
77	1585
77	1606
77	1617
77	1618
77	1619
77	1624
77	1629
77	1634
77	1647
78	80
78	88
78	93
78	98
78	100
78	115
78	116
78	132
78	133
78	135
78	140
78	152
78	164
78	190
78	191
78	223
78	224
78	227
78	228
78	248
78	267
78	271
78	282
78	284
78	300
78	317
78	318
78	319
78	325
78	326
78	327
78	328
78	350
78	352
78	353
78	367
78	370
78	371
78	381
78	383
78	396
78	398
78	411
78	414
78	425
78	426
78	453
78	454
78	455
78	456
78	484
78	497
78	500
78	507
78	510
78	527
78	622
78	624
78	635
78	647
78	651
78	663
78	664
78	672
78	673
78	674
78	682
78	684
78	693
78	716
78	723
78	724
78	732
78	733
78	734
78	735
78	756
78	783
78	799
78	814
78	831
78	891
78	894
78	895
78	912
78	923
78	929
78	930
78	944
78	951
78	963
78	964
78	970
78	971
78	972
78	973
78	977
78	980
78	1010
78	1022
78	1023
78	1029
78	1030
78	1031
78	1034
78	1047
78	1048
78	1059
78	1069
78	1070
78	1079
78	1080
78	1081
78	1083
78	1171
78	1175
78	1176
78	1224
78	1227
78	1228
78	1232
78	1234
78	1235
78	1254
78	1258
78	1259
78	1284
78	1285
78	1286
78	1290
78	1292
78	1293
78	1343
78	1344
78	1345
78	1349
78	1352
78	1353
78	1406
78	1407
78	1408
78	1412
78	1413
78	1414
78	1437
78	1442
78	1443
78	1523
78	1557
78	1561
78	1586
78	1587
78	1588
78	1589
78	1595
78	1617
78	1618
78	1619
78	1625
79	80
79	89
79	106
79	118
79	126
79	132
79	134
79	135
79	159
79	165
79	172
79	173
79	186
79	187
79	197
79	226
79	231
79	236
79	255
79	264
79	265
79	272
79	287
79	288
79	302
79	321
79	333
79	362
79	366
79	373
79	374
79	379
79	380
79	383
79	385
79	397
79	400
79	406
79	413
79	416
79	457
79	464
79	473
79	498
79	499
79	500
79	514
79	521
79	529
79	533
79	551
79	567
79	570
79	577
79	578
79	610
79	628
79	649
79	666
79	667
79	681
79	694
79	701
79	702
79	723
79	725
79	727
79	728
79	745
79	746
79	754
79	776
79	781
79	800
79	812
79	817
79	818
79	832
79	845
79	875
79	899
79	911
79	916
79	926
79	954
79	982
79	984
79	990
79	996
79	999
79	1036
79	1049
79	1051
79	1059
79	1063
79	1065
79	1083
79	1094
79	1098
79	1099
79	1100
79	1109
79	1148
79	1149
79	1153
79	1174
79	1175
79	1181
79	1182
79	1183
79	1206
79	1225
79	1226
79	1231
79	1232
79	1238
79	1242
79	1243
79	1244
79	1245
79	1257
79	1262
79	1273
79	1299
79	1323
79	1329
79	1359
79	1361
79	1362
79	1379
79	1385
79	1396
79	1406
79	1409
79	1419
79	1422
79	1441
79	1469
79	1479
79	1482
79	1505
79	1509
79	1527
79	1528
79	1543
79	1560
79	1565
79	1600
79	1605
79	1606
79	1620
79	1621
79	1622
79	1630
79	1632
79	1646
80	91
80	98
80	100
80	107
80	116
80	127
80	133
80	135
80	152
80	166
80	190
80	191
80	223
80	224
80	227
80	228
80	248
80	266
80	267
80	274
80	282
80	284
80	300
80	317
80	318
80	320
80	325
80	326
80	327
80	328
80	346
80	347
80	367
80	370
80	371
80	381
80	387
80	396
80	398
80	411
80	414
80	425
80	426
80	455
80	456
80	484
80	497
80	499
80	500
80	510
80	527
80	552
80	568
80	581
80	611
80	622
80	624
80	635
80	647
80	651
80	663
80	665
80	670
80	671
80	672
80	673
80	674
80	695
80	723
80	724
80	732
80	733
80	734
80	735
80	746
80	783
80	799
80	814
80	831
80	848
80	872
80	891
80	894
80	895
80	909
80	923
80	929
80	930
80	941
80	951
80	955
80	957
80	958
80	964
80	977
80	980
80	985
80	1010
80	1017
80	1018
80	1023
80	1034
80	1048
80	1059
80	1066
80	1067
80	1068
80	1069
80	1070
80	1125
80	1130
80	1171
80	1176
80	1223
80	1224
80	1227
80	1228
80	1234
80	1235
80	1254
80	1258
80	1259
80	1284
80	1285
80	1286
80	1291
80	1292
80	1293
80	1341
80	1343
80	1344
80	1345
80	1352
80	1353
80	1380
80	1404
80	1406
80	1407
80	1408
80	1411
80	1412
80	1413
80	1414
80	1422
80	1433
80	1464
80	1473
80	1497
80	1523
80	1557
80	1561
80	1585
80	1586
80	1587
80	1588
80	1589
80	1593
80	1595
80	1618
80	1619
80	1623
80	1624
80	1625
81	82
81	83
81	84
81	92
81	95
81	101
81	114
81	136
81	138
81	141
81	167
81	180
81	192
81	218
81	219
81	229
81	261
81	268
81	275
81	278
81	285
81	303
81	321
81	329
81	330
81	334
81	364
81	378
81	382
81	391
81	393
81	401
81	402
81	415
81	423
81	450
81	451
81	458
81	459
81	460
81	461
81	493
81	501
81	502
81	511
81	523
81	530
81	617
81	625
81	630
81	644
81	652
81	653
81	666
81	675
81	676
81	696
81	697
81	717
81	736
81	737
81	769
81	778
81	795
81	801
81	815
81	828
81	896
81	900
81	918
81	931
81	934
81	949
81	960
81	965
81	975
81	997
81	998
81	999
81	1020
81	1024
81	1025
81	1046
81	1050
81	1051
81	1096
81	1105
81	1106
81	1107
81	1115
81	1177
81	1178
81	1186
81	1220
81	1221
81	1236
81	1237
81	1251
81	1260
81	1261
81	1276
81	1277
81	1279
81	1294
81	1295
81	1320
81	1330
81	1333
81	1336
81	1354
81	1355
81	1394
81	1398
81	1401
81	1402
81	1415
81	1416
81	1417
81	1423
81	1448
81	1453
81	1455
81	1456
81	1457
81	1524
81	1551
81	1552
81	1562
81	1590
81	1609
81	1614
81	1626
81	1627
81	1628
81	1639
82	102
82	137
82	141
82	161
82	167
82	179
82	180
82	193
82	194
82	198
82	199
82	230
82	249
82	269
82	286
82	304
82	307
82	321
82	331
82	334
82	335
82	336
82	364
82	368
82	369
82	376
82	385
82	399
82	403
82	404
82	408
82	430
82	431
82	432
82	433
82	458
82	459
82	460
82	461
82	486
82	512
82	531
82	535
82	607
82	626
82	653
82	655
82	666
82	677
82	678
82	696
82	738
82	739
82	740
82	747
82	784
82	785
82	801
82	816
82	897
82	900
82	901
82	918
82	932
82	934
82	935
82	949
82	953
82	997
82	998
82	999
82	1001
82	1012
82	1013
82	1024
82	1025
82	1038
82	1050
82	1051
82	1071
82	1077
82	1106
82	1107
82	1179
82	1186
82	1187
82	1188
82	1229
82	1230
82	1233
82	1238
82	1239
82	1248
82	1249
82	1264
82	1296
82	1297
82	1301
82	1320
82	1330
82	1356
82	1357
82	1358
82	1365
82	1366
82	1418
82	1423
82	1424
82	1455
82	1456
82	1525
82	1530
82	1531
82	1563
82	1567
82	1591
82	1592
82	1593
82	1600
82	1609
82	1610
82	1611
82	1626
82	1627
82	1628
82	1632
83	89
83	93
83	117
83	118
83	136
83	142
83	158
83	168
83	181
83	195
83	196
83	205
83	206
83	237
83	238
83	270
83	272
83	276
83	287
83	305
83	321
83	332
83	334
83	364
83	372
83	383
83	388
83	400
83	405
83	416
83	420
83	462
83	463
83	464
83	490
83	501
83	504
83	513
83	532
83	540
83	627
83	631
83	653
83	679
83	680
83	696
83	697
83	698
83	717
83	741
83	742
83	743
83	744
83	757
83	758
83	787
83	798
83	817
83	822
83	835
83	898
83	926
83	933
83	965
83	969
83	981
83	987
83	998
83	1007
83	1024
83	1025
83	1050
83	1051
83	1072
83	1073
83	1096
83	1097
83	1115
83	1175
83	1180
83	1204
83	1205
83	1206
83	1209
83	1231
83	1232
83	1240
83	1241
83	1262
83	1270
83	1271
83	1298
83	1317
83	1320
83	1359
83	1360
83	1375
83	1384
83	1385
83	1409
83	1419
83	1420
83	1421
83	1437
83	1439
83	1443
83	1456
83	1526
83	1541
83	1542
83	1564
83	1576
83	1577
83	1603
83	1604
83	1617
83	1629
83	1630
83	1634
83	1644
84	94
84	110
84	111
84	128
84	136
84	138
84	143
84	158
84	159
84	160
84	169
84	170
84	171
84	177
84	178
84	212
84	213
84	242
84	243
84	258
84	268
84	269
84	277
84	295
84	301
84	302
84	306
84	335
84	358
84	362
84	375
84	379
84	384
84	390
84	407
84	419
84	422
84	446
84	465
84	485
84	502
84	513
84	514
84	519
84	520
84	528
84	529
84	534
84	555
84	585
84	601
84	613
84	628
84	648
84	649
84	654
84	667
84	681
84	682
84	698
84	709
84	710
84	714
84	728
84	745
84	758
84	768
84	769
84	770
84	771
84	775
84	777
84	791
84	808
84	824
84	825
84	837
84	846
84	857
84	869
84	870
84	873
84	874
84	915
84	952
84	971
84	981
84	982
84	995
84	996
84	1000
84	1017
84	1038
84	1049
84	1052
84	1065
84	1089
84	1090
84	1097
84	1098
84	1104
84	1105
84	1108
84	1113
84	1115
84	1184
84	1185
84	1218
84	1246
84	1247
84	1263
84	1269
84	1273
84	1274
84	1275
84	1299
84	1300
84	1328
84	1329
84	1331
84	1357
84	1361
84	1363
84	1364
84	1391
84	1393
84	1394
84	1395
84	1445
84	1448
84	1454
84	1456
84	1500
84	1507
84	1508
84	1529
84	1546
84	1566
84	1607
84	1608
84	1622
84	1631
84	1632
84	1639
84	1646
85	86
85	87
85	92
85	96
85	104
85	139
85	141
85	145
85	170
85	182
85	220
85	232
85	262
85	279
85	322
85	337
85	340
85	351
85	365
85	392
85	393
85	394
85	401
85	409
85	417
85	468
85	469
85	470
85	471
85	494
85	515
85	586
85	618
85	629
85	637
85	645
85	668
85	685
85	686
85	699
85	700
85	718
85	751
85	779
85	796
85	802
85	833
85	834
85	902
85	919
85	936
85	950
85	961
85	966
85	992
85	1002
85	1003
85	1004
85	1005
85	1026
85	1027
85	1033
85	1054
85	1055
85	1098
85	1107
85	1111
85	1112
85	1113
85	1118
85	1190
85	1207
85	1217
85	1222
85	1236
85	1252
85	1267
85	1278
85	1279
85	1280
85	1302
85	1306
85	1307
85	1337
85	1372
85	1373
85	1425
85	1426
85	1428
85	1429
85	1449
85	1453
85	1458
85	1459
85	1460
85	1519
85	1533
85	1553
85	1597
85	1636
85	1637
85	1638
85	1643
85	1648
85	1650
86	88
86	89
86	103
86	105
86	140
86	142
86	145
86	170
86	182
86	200
86	201
86	233
86	234
86	250
86	252
86	270
86	289
86	291
86	308
86	309
86	322
86	337
86	338
86	339
86	341
86	342
86	351
86	365
86	370
86	377
86	378
86	386
86	388
86	390
86	402
86	410
86	411
86	418
86	434
86	435
86	438
86	439
86	466
86	467
86	468
86	469
86	470
86	471
86	503
86	504
86	516
86	536
86	586
86	608
86	609
86	620
86	629
86	636
86	638
86	656
86	668
86	669
86	683
86	687
86	688
86	699
86	742
86	748
86	752
86	803
86	808
86	819
86	834
86	902
86	903
86	905
86	906
86	919
86	936
86	937
86	938
86	939
86	950
86	967
86	983
86	1002
86	1003
86	1004
86	1005
86	1014
86	1026
86	1027
86	1039
86	1041
86	1053
86	1054
86	1055
86	1066
86	1073
86	1080
86	1111
86	1112
86	1113
86	1185
86	1189
86	1191
86	1192
86	1207
86	1234
86	1237
86	1241
86	1247
86	1250
86	1251
86	1253
86	1254
86	1265
86	1268
86	1302
86	1303
86	1304
86	1305
86	1308
86	1309
86	1367
86	1368
86	1369
86	1374
86	1375
86	1376
86	1377
86	1419
86	1425
86	1426
86	1427
86	1430
86	1458
86	1459
86	1519
86	1532
86	1534
86	1568
86	1569
86	1594
86	1595
86	1598
86	1599
86	1604
86	1607
86	1613
86	1633
86	1634
86	1636
86	1637
86	1638
87	88
87	90
87	93
87	106
87	108
87	119
87	120
87	126
87	139
87	143
87	146
87	165
87	171
87	183
87	207
87	208
87	235
87	236
87	239
87	240
87	253
87	255
87	273
87	292
87	310
87	322
87	337
87	343
87	344
87	345
87	351
87	365
87	373
87	379
87	380
87	384
87	385
87	389
87	391
87	403
87	412
87	413
87	419
87	421
87	443
87	472
87	473
87	474
87	475
87	476
87	477
87	487
87	503
87	505
87	517
87	520
87	537
87	557
87	587
87	610
87	621
87	639
87	657
87	669
87	683
87	689
87	690
87	699
87	700
87	701
87	702
87	718
87	753
87	754
87	759
87	760
87	761
87	788
87	804
87	805
87	806
87	809
87	823
87	834
87	836
87	892
87	907
87	908
87	911
87	927
87	940
87	943
87	954
87	966
87	967
87	984
87	988
87	1004
87	1026
87	1027
87	1028
87	1043
87	1054
87	1055
87	1056
87	1066
87	1074
87	1075
87	1089
87	1098
87	1099
87	1100
87	1118
87	1193
87	1194
87	1195
87	1201
87	1207
87	1238
87	1242
87	1243
87	1255
87	1256
87	1257
87	1261
87	1263
87	1264
87	1269
87	1272
87	1273
87	1290
87	1310
87	1311
87	1321
87	1322
87	1323
87	1325
87	1378
87	1379
87	1386
87	1387
87	1388
87	1410
87	1431
87	1432
87	1437
87	1440
87	1441
87	1443
87	1459
87	1483
87	1484
87	1535
87	1536
87	1543
87	1546
87	1570
87	1571
87	1578
87	1600
87	1605
87	1620
87	1621
87	1622
87	1626
87	1631
87	1639
87	1640
87	1641
87	1645
87	1646
88	91
88	99
88	107
88	119
88	120
88	127
88	140
88	144
88	146
88	166
88	171
88	183
88	188
88	189
88	247
88	254
88	266
88	271
88	283
88	293
88	311
88	322
88	323
88	324
88	337
88	346
88	347
88	348
88	349
88	351
88	365
88	367
88	369
88	381
88	398
88	404
88	414
88	428
88	429
88	440
88	441
88	472
88	473
88	474
88	475
88	488
88	503
88	518
88	520
88	538
88	557
88	587
88	606
88	611
88	622
88	623
88	634
88	650
88	658
88	668
88	669
88	670
88	671
88	683
88	691
88	700
88	718
88	729
88	730
88	731
88	782
88	804
88	805
88	810
88	813
88	892
88	893
88	909
88	910
88	911
88	927
88	928
88	941
88	942
88	943
88	955
88	966
88	967
88	979
88	985
88	1005
88	1011
88	1015
88	1026
88	1027
88	1037
88	1042
88	1054
88	1055
88	1058
88	1066
88	1067
88	1068
88	1074
88	1075
88	1080
88	1098
88	1172
88	1196
88	1197
88	1198
88	1199
88	1227
88	1228
88	1233
88	1239
88	1258
88	1259
88	1289
88	1290
88	1291
88	1293
88	1312
88	1313
88	1314
88	1315
88	1322
88	1348
88	1349
88	1350
88	1351
88	1380
88	1381
88	1382
88	1404
88	1410
88	1411
88	1413
88	1426
88	1433
88	1434
88	1435
88	1440
88	1483
88	1484
88	1537
88	1538
88	1546
88	1572
88	1573
88	1588
88	1589
88	1590
88	1601
88	1602
88	1623
88	1624
88	1625
88	1639
88	1640
88	1641
89	91
89	95
89	112
89	117
89	129
89	140
89	141
89	142
89	144
89	147
89	158
89	165
89	166
89	168
89	172
89	181
89	195
89	196
89	205
89	206
89	237
89	238
89	265
89	272
89	287
89	305
89	323
89	332
89	337
89	338
89	359
89	360
89	372
89	383
89	388
89	393
89	400
89	405
89	416
89	420
89	462
89	463
89	490
89	501
89	504
89	506
89	513
89	517
89	518
89	532
89	540
89	569
89	614
89	627
89	629
89	642
89	653
89	670
89	679
89	680
89	694
89	695
89	696
89	697
89	698
89	701
89	721
89	730
89	741
89	742
89	743
89	744
89	757
89	758
89	760
89	787
89	817
89	822
89	835
89	855
89	859
89	898
89	933
89	947
89	957
89	969
89	981
89	984
89	985
89	987
89	990
89	998
89	1007
89	1027
89	1041
89	1042
89	1050
89	1058
89	1067
89	1072
89	1073
89	1080
89	1093
89	1094
89	1095
89	1096
89	1097
89	1099
89	1107
89	1159
89	1180
89	1204
89	1205
89	1206
89	1231
89	1232
89	1236
89	1240
89	1241
89	1262
89	1270
89	1271
89	1298
89	1302
89	1318
89	1319
89	1320
89	1359
89	1360
89	1362
89	1385
89	1404
89	1415
89	1419
89	1420
89	1421
89	1422
89	1426
89	1438
89	1439
89	1449
89	1486
89	1526
89	1541
89	1542
89	1564
89	1576
89	1577
89	1597
89	1603
89	1604
89	1613
89	1629
89	1630
89	1642
89	1643
89	1644
90	91
90	96
90	106
90	108
90	119
90	126
90	130
90	141
90	143
90	148
90	165
90	173
90	207
90	208
90	225
90	235
90	236
90	239
90	240
90	253
90	255
90	266
90	273
90	292
90	310
90	324
90	339
90	343
90	344
90	345
90	351
90	362
90	373
90	379
90	380
90	384
90	385
90	389
90	394
90	403
90	412
90	413
90	419
90	421
90	443
90	457
90	472
90	473
90	476
90	477
90	487
90	505
90	517
90	537
90	610
90	615
90	623
90	639
90	657
90	665
90	671
90	689
90	690
90	699
90	700
90	701
90	702
90	712
90	753
90	754
90	759
90	760
90	761
90	788
90	804
90	806
90	823
90	830
90	834
90	836
90	907
90	908
90	911
90	916
90	940
90	943
90	954
90	955
90	958
90	968
90	984
90	988
90	1004
90	1014
90	1015
90	1028
90	1043
90	1049
90	1054
90	1056
90	1062
90	1063
90	1064
90	1089
90	1098
90	1099
90	1100
90	1107
90	1193
90	1194
90	1195
90	1207
90	1214
90	1238
90	1242
90	1243
90	1252
90	1255
90	1256
90	1257
90	1263
90	1264
90	1269
90	1272
90	1273
90	1288
90	1310
90	1311
90	1313
90	1321
90	1322
90	1323
90	1378
90	1379
90	1380
90	1386
90	1387
90	1388
90	1404
90	1428
90	1431
90	1432
90	1433
90	1440
90	1441
90	1449
90	1535
90	1536
90	1543
90	1547
90	1570
90	1571
90	1578
90	1600
90	1605
90	1615
90	1620
90	1621
90	1622
90	1631
90	1639
90	1645
90	1646
90	1647
91	97
91	109
91	115
91	130
91	142
91	144
91	148
91	173
91	209
91	221
91	222
91	241
91	256
91	267
91	274
91	281
91	299
91	316
91	324
91	339
91	343
91	344
91	352
91	353
91	366
91	374
91	386
91	387
91	389
91	395
91	397
91	406
91	410
91	444
91	445
91	453
91	454
91	476
91	477
91	496
91	504
91	506
91	526
91	615
91	621
91	624
91	640
91	646
91	661
91	662
91	665
91	669
91	671
91	680
91	702
91	703
91	704
91	721
91	722
91	742
91	762
91	763
91	789
91	798
91	807
91	829
91	890
91	907
91	912
91	922
91	940
91	944
91	954
91	955
91	958
91	969
91	976
91	989
91	994
91	1014
91	1015
91	1022
91	1028
91	1044
91	1047
91	1056
91	1058
91	1062
91	1063
91	1064
91	1066
91	1073
91	1170
91	1208
91	1209
91	1223
91	1225
91	1226
91	1244
91	1245
91	1253
91	1256
91	1265
91	1266
91	1282
91	1283
91	1285
91	1288
91	1290
91	1324
91	1325
91	1341
91	1342
91	1343
91	1389
91	1390
91	1404
91	1405
91	1406
91	1419
91	1431
91	1442
91	1443
91	1444
91	1544
91	1555
91	1556
91	1579
91	1585
91	1606
91	1617
91	1621
91	1645
91	1646
91	1647
92	93
92	94
92	110
92	113
92	121
92	145
92	147
92	149
92	174
92	184
92	200
92	210
92	211
92	217
92	257
92	260
92	275
92	277
92	294
92	312
92	325
92	352
92	354
92	355
92	356
92	357
92	375
92	377
92	390
92	392
92	407
92	417
92	418
92	422
92	448
92	449
92	478
92	479
92	482
92	483
92	492
92	507
92	508
92	519
92	522
92	536
92	541
92	543
92	590
92	612
92	616
92	625
92	630
92	641
92	643
92	646
92	647
92	693
92	703
92	705
92	706
92	707
92	708
92	716
92	719
92	756
92	764
92	765
92	766
92	767
92	777
92	790
92	794
92	802
92	808
92	824
92	827
92	829
92	913
92	914
92	945
92	946
92	959
92	970
92	972
92	974
92	991
92	993
92	994
92	1009
92	1019
92	1029
92	1032
92	1045
92	1047
92	1048
92	1057
92	1093
92	1101
92	1102
92	1103
92	1112
92	1185
92	1208
92	1210
92	1211
92	1216
92	1217
92	1218
92	1219
92	1222
92	1246
92	1247
92	1250
92	1267
92	1268
92	1274
92	1275
92	1278
92	1292
92	1324
92	1326
92	1327
92	1333
92	1334
92	1335
92	1336
92	1391
92	1392
92	1397
92	1398
92	1399
92	1400
92	1437
92	1445
92	1446
92	1447
92	1452
92	1453
92	1454
92	1456
92	1459
92	1512
92	1545
92	1549
92	1550
92	1569
92	1580
92	1583
92	1584
92	1607
92	1612
92	1613
92	1636
92	1648
92	1649
92	1650
93	96
93	112
93	122
93	129
93	141
93	145
93	147
93	148
93	150
93	164
93	167
93	172
93	180
93	201
93	204
93	214
93	215
93	244
93	245
93	261
93	276
93	313
93	319
93	326
93	350
93	353
93	359
93	360
93	361
93	372
93	382
93	388
93	391
93	405
93	415
93	420
93	423
93	442
93	459
93	480
93	481
93	489
93	496
93	497
93	507
93	516
93	539
93	542
93	560
93	591
93	614
93	617
93	621
93	622
93	627
93	631
93	632
93	642
93	644
93	659
93	664
93	672
93	684
93	692
93	693
93	694
93	695
93	711
93	712
93	713
93	716
93	733
93	748
93	755
93	756
93	763
93	772
93	773
93	774
93	786
93	792
93	798
93	799
93	804
93	809
93	810
93	821
93	826
93	838
93	918
93	924
93	947
93	948
93	956
93	957
93	963
93	964
93	968
93	970
93	972
93	973
93	986
93	990
93	1006
93	1008
93	1016
93	1022
93	1023
93	1030
93	1031
93	1062
93	1081
93	1085
93	1093
93	1094
93	1095
93	1106
93	1107
93	1112
93	1172
93	1176
93	1200
93	1201
93	1202
93	1203
93	1209
93	1212
93	1213
93	1240
93	1241
93	1260
93	1261
93	1270
93	1271
93	1276
93	1277
93	1287
93	1293
93	1294
93	1295
93	1316
93	1317
93	1318
93	1319
93	1325
93	1330
93	1355
93	1383
93	1384
93	1413
93	1428
93	1436
93	1437
93	1438
93	1443
93	1449
93	1450
93	1451
93	1453
93	1476
93	1477
93	1534
93	1539
93	1540
93	1574
93	1575
93	1581
93	1582
93	1590
93	1603
93	1604
93	1609
93	1615
93	1626
93	1627
93	1628
93	1631
93	1642
93	1643
93	1644
94	95
94	96
94	110
94	113
94	121
94	131
94	145
94	149
94	150
94	152
94	174
94	175
94	176
94	184
94	210
94	211
94	217
94	257
94	260
94	268
94	275
94	277
94	294
94	312
94	327
94	354
94	355
94	356
94	357
94	375
94	377
94	390
94	392
94	407
94	417
94	418
94	422
94	448
94	449
94	478
94	479
94	482
94	483
94	492
94	508
94	510
94	519
94	522
94	541
94	543
94	612
94	616
94	628
94	630
94	641
94	643
94	673
94	704
94	705
94	706
94	707
94	708
94	716
94	734
94	764
94	765
94	766
94	767
94	777
94	790
94	794
94	824
94	827
94	913
94	914
94	945
94	946
94	959
94	970
94	974
94	976
94	977
94	991
94	1009
94	1019
94	1029
94	1032
94	1034
94	1045
94	1057
94	1070
94	1082
94	1085
94	1086
94	1087
94	1101
94	1102
94	1103
94	1112
94	1210
94	1211
94	1216
94	1217
94	1218
94	1219
94	1246
94	1247
94	1250
94	1267
94	1268
94	1274
94	1275
94	1278
94	1326
94	1327
94	1329
94	1333
94	1334
94	1335
94	1391
94	1392
94	1394
94	1397
94	1398
94	1399
94	1400
94	1415
94	1428
94	1445
94	1446
94	1447
94	1448
94	1449
94	1452
94	1453
94	1454
94	1521
94	1545
94	1549
94	1550
94	1580
94	1583
94	1584
94	1607
94	1612
94	1613
94	1636
94	1643
94	1648
94	1649
94	1650
95	101
95	114
95	131
95	146
95	149
95	150
95	152
95	175
95	192
95	218
95	219
95	229
95	261
95	269
95	278
95	285
95	303
95	327
95	329
95	330
95	354
95	355
95	364
95	378
95	382
95	388
95	391
95	393
95	401
95	402
95	415
95	423
95	450
95	451
95	458
95	459
95	482
95	483
95	493
95	508
95	510
95	511
95	523
95	530
95	617
95	625
95	644
95	652
95	673
95	675
95	676
95	704
95	717
95	734
95	736
95	737
95	765
95	778
95	795
95	808
95	815
95	828
95	896
95	913
95	918
95	931
95	945
95	949
95	960
95	965
95	975
95	976
95	977
95	997
95	1020
95	1024
95	1032
95	1034
95	1046
95	1057
95	1070
95	1075
95	1085
95	1086
95	1087
95	1102
95	1177
95	1178
95	1185
95	1220
95	1221
95	1236
95	1237
95	1241
95	1251
95	1260
95	1261
95	1276
95	1277
95	1279
95	1294
95	1295
95	1336
95	1354
95	1355
95	1357
95	1401
95	1402
95	1415
95	1416
95	1417
95	1419
95	1445
95	1455
95	1456
95	1457
95	1524
95	1551
95	1552
95	1562
95	1590
95	1597
95	1604
95	1607
95	1614
95	1626
95	1649
95	1650
96	104
96	147
96	149
96	150
96	220
96	232
96	262
96	270
96	279
96	328
96	340
96	365
96	389
96	392
96	393
96	394
96	401
96	409
96	417
96	468
96	469
96	494
96	508
96	515
96	618
96	631
96	637
96	645
96	674
96	685
96	686
96	693
96	706
96	718
96	751
96	765
96	779
96	796
96	802
96	806
96	809
96	833
96	919
96	950
96	951
96	961
96	966
96	972
96	974
96	992
96	1002
96	1010
96	1026
96	1033
96	1085
96	1093
96	1102
96	1190
96	1194
96	1201
96	1222
96	1236
96	1252
96	1256
96	1267
96	1278
96	1279
96	1280
96	1306
96	1307
96	1317
96	1337
96	1372
96	1373
96	1375
96	1428
96	1429
96	1431
96	1437
96	1445
96	1458
96	1459
96	1460
96	1533
96	1553
96	1597
96	1615
96	1621
96	1626
96	1636
97	98
97	99
97	106
97	109
97	115
97	132
97	149
97	151
97	152
97	154
97	176
97	209
97	221
97	222
97	241
97	256
97	274
97	281
97	292
97	299
97	316
97	327
97	328
97	340
97	348
97	352
97	353
97	355
97	366
97	374
97	386
97	387
97	395
97	397
97	400
97	406
97	410
97	425
97	426
97	444
97	445
97	453
97	454
97	496
97	506
97	508
97	510
97	526
97	621
97	634
97	640
97	646
97	661
97	662
97	675
97	703
97	704
97	706
97	721
97	722
97	734
97	762
97	763
97	765
97	789
97	798
97	807
97	813
97	817
97	829
97	890
97	895
97	912
97	922
97	930
97	944
97	974
97	975
97	976
97	989
97	994
97	1010
97	1022
97	1032
97	1033
97	1034
97	1037
97	1044
97	1047
97	1070
97	1082
97	1083
97	1084
97	1091
97	1102
97	1170
97	1198
97	1206
97	1208
97	1209
97	1223
97	1225
97	1226
97	1244
97	1245
97	1253
97	1262
97	1265
97	1266
97	1282
97	1283
97	1314
97	1324
97	1325
97	1341
97	1342
97	1387
97	1389
97	1390
97	1404
97	1405
97	1414
97	1434
97	1441
97	1442
97	1443
97	1444
97	1544
97	1555
97	1556
97	1579
97	1585
97	1586
97	1587
97	1606
97	1617
97	1625
97	1630
97	1635
97	1647
98	100
98	107
98	116
98	131
98	132
98	133
98	149
98	151
98	152
98	155
98	176
98	190
98	191
98	223
98	224
98	227
98	228
98	248
98	267
98	282
98	284
98	293
98	300
98	317
98	318
98	325
98	326
98	327
98	328
98	340
98	355
98	367
98	370
98	371
98	381
98	396
98	398
98	411
98	414
98	425
98	426
98	455
98	456
98	484
98	497
98	500
98	508
98	509
98	510
98	527
98	549
98	622
98	624
98	635
98	647
98	651
98	663
98	672
98	673
98	674
98	675
98	706
98	723
98	724
98	732
98	733
98	734
98	735
98	750
98	765
98	783
98	799
98	814
98	818
98	831
98	891
98	894
98	895
98	923
98	929
98	930
98	951
98	964
98	974
98	975
98	977
98	980
98	1010
98	1023
98	1032
98	1033
98	1034
98	1048
98	1060
98	1069
98	1070
98	1082
98	1083
98	1084
98	1087
98	1102
98	1171
98	1176
98	1224
98	1227
98	1228
98	1234
98	1235
98	1254
98	1258
98	1259
98	1284
98	1285
98	1286
98	1292
98	1293
98	1343
98	1344
98	1345
98	1350
98	1352
98	1353
98	1406
98	1407
98	1408
98	1411
98	1412
98	1413
98	1414
98	1444
98	1523
98	1557
98	1561
98	1585
98	1586
98	1587
98	1588
98	1589
98	1596
98	1618
98	1619
98	1625
99	100
99	103
99	107
99	108
99	120
99	127
99	133
99	152
99	153
99	154
99	166
99	188
99	189
99	234
99	247
99	254
99	266
99	271
99	283
99	293
99	300
99	311
99	314
99	317
99	318
99	322
99	323
99	324
99	330
99	346
99	347
99	348
99	349
99	357
99	367
99	369
99	381
99	398
99	404
99	414
99	428
99	429
99	440
99	441
99	474
99	475
99	488
99	503
99	518
99	538
99	565
99	594
99	606
99	611
99	616
99	617
99	622
99	623
99	634
99	635
99	639
99	647
99	650
99	658
99	660
99	668
99	669
99	670
99	671
99	676
99	686
99	691
99	708
99	715
99	729
99	730
99	731
99	752
99	782
99	794
99	795
99	805
99	813
99	814
99	819
99	891
99	892
99	893
99	909
99	910
99	923
99	927
99	928
99	941
99	942
99	955
99	959
99	960
99	961
99	962
99	978
99	979
99	985
99	1005
99	1011
99	1015
99	1019
99	1020
99	1021
99	1037
99	1042
99	1055
99	1066
99	1067
99	1068
99	1069
99	1070
99	1091
99	1110
99	1178
99	1191
99	1196
99	1197
99	1198
99	1199
99	1211
99	1227
99	1228
99	1233
99	1239
99	1258
99	1259
99	1286
99	1289
99	1290
99	1291
99	1292
99	1293
99	1295
99	1310
99	1312
99	1313
99	1314
99	1315
99	1327
99	1348
99	1349
99	1350
99	1351
99	1352
99	1380
99	1381
99	1382
99	1407
99	1408
99	1410
99	1411
99	1430
99	1432
99	1433
99	1434
99	1435
99	1444
99	1474
99	1475
99	1532
99	1537
99	1538
99	1572
99	1573
99	1588
99	1589
99	1601
99	1602
99	1618
99	1623
99	1624
99	1625
99	1635
99	1640
99	1641
100	109
100	116
100	133
100	152
100	155
100	190
100	191
100	223
100	224
100	227
100	228
100	234
100	248
100	267
100	282
100	284
100	300
100	314
100	317
100	318
100	325
100	326
100	327
100	328
100	330
100	348
100	349
100	357
100	367
100	370
100	371
100	381
100	396
100	398
100	411
100	414
100	425
100	426
100	428
100	429
100	455
100	456
100	484
100	497
100	500
100	510
100	527
100	565
100	594
100	616
100	617
100	622
100	624
100	634
100	635
100	640
100	647
100	651
100	660
100	663
100	672
100	673
100	674
100	676
100	686
100	708
100	723
100	724
100	732
100	733
100	734
100	735
100	752
100	783
100	794
100	795
100	799
100	813
100	814
100	820
100	831
100	891
100	894
100	895
100	910
100	923
100	929
100	930
100	942
100	951
100	959
100	960
100	961
100	962
100	964
100	977
100	980
100	1010
100	1011
100	1019
100	1020
100	1021
100	1023
100	1034
100	1037
100	1048
100	1060
100	1069
100	1070
100	1168
100	1171
100	1176
100	1178
100	1198
100	1211
100	1224
100	1227
100	1228
100	1234
100	1235
100	1254
100	1258
100	1259
100	1282
100	1284
100	1285
100	1286
100	1292
100	1293
100	1295
100	1314
100	1327
100	1343
100	1344
100	1345
100	1352
100	1353
100	1405
100	1406
100	1407
100	1408
100	1412
100	1413
100	1414
100	1434
100	1435
100	1474
100	1475
100	1523
100	1532
100	1557
100	1561
100	1586
100	1587
100	1588
100	1589
100	1596
100	1618
100	1619
100	1625
101	102
101	110
101	114
101	134
101	153
101	156
101	158
101	160
101	177
101	192
101	218
101	219
101	229
101	261
101	278
101	285
101	294
101	303
101	329
101	330
101	335
101	336
101	341
101	358
101	364
101	378
101	382
101	391
101	393
101	399
101	401
101	402
101	415
101	423
101	430
101	431
101	450
101	451
101	458
101	459
101	493
101	511
101	513
101	523
101	530
101	617
101	625
101	641
101	644
101	648
101	652
101	675
101	676
101	677
101	698
101	709
101	714
101	717
101	736
101	737
101	758
101	778
101	795
101	815
101	828
101	896
101	901
101	918
101	931
101	935
101	949
101	960
101	965
101	975
101	981
101	995
101	997
101	1000
101	1001
101	1012
101	1020
101	1024
101	1038
101	1046
101	1052
101	1053
101	1097
101	1108
101	1109
101	1110
101	1116
101	1177
101	1178
101	1220
101	1221
101	1236
101	1237
101	1248
101	1251
101	1260
101	1261
101	1276
101	1277
101	1279
101	1294
101	1295
101	1331
101	1334
101	1336
101	1354
101	1355
101	1399
101	1401
101	1402
101	1415
101	1416
101	1417
101	1424
101	1454
101	1455
101	1456
101	1457
101	1524
101	1551
101	1552
101	1562
101	1590
101	1591
101	1592
101	1610
101	1614
101	1626
101	1640
102	111
102	134
102	153
102	157
102	159
102	161
102	177
102	179
102	193
102	194
102	198
102	199
102	216
102	230
102	249
102	269
102	286
102	295
102	304
102	307
102	320
102	331
102	334
102	335
102	336
102	341
102	358
102	368
102	369
102	376
102	385
102	399
102	403
102	404
102	408
102	430
102	431
102	432
102	433
102	447
102	460
102	461
102	486
102	512
102	514
102	531
102	535
102	607
102	626
102	648
102	655
102	667
102	677
102	678
102	709
102	714
102	728
102	738
102	739
102	740
102	747
102	784
102	785
102	793
102	801
102	816
102	897
102	900
102	901
102	925
102	932
102	934
102	935
102	953
102	982
102	995
102	1000
102	1001
102	1012
102	1013
102	1018
102	1025
102	1038
102	1052
102	1053
102	1065
102	1071
102	1078
102	1108
102	1109
102	1110
102	1173
102	1179
102	1186
102	1187
102	1188
102	1229
102	1230
102	1233
102	1238
102	1239
102	1248
102	1249
102	1264
102	1296
102	1297
102	1301
102	1331
102	1356
102	1357
102	1358
102	1363
102	1365
102	1366
102	1418
102	1423
102	1424
102	1457
102	1525
102	1530
102	1531
102	1559
102	1563
102	1567
102	1590
102	1591
102	1592
102	1593
102	1601
102	1609
102	1610
102	1611
102	1627
102	1628
102	1632
103	105
103	124
103	135
103	155
103	158
103	160
103	162
103	200
103	201
103	233
103	234
103	250
103	252
103	270
103	289
103	291
103	308
103	309
103	315
103	331
103	337
103	338
103	339
103	341
103	342
103	370
103	377
103	378
103	386
103	398
103	400
103	402
103	410
103	411
103	418
103	434
103	435
103	436
103	437
103	438
103	439
103	466
103	467
103	470
103	471
103	513
103	516
103	536
103	568
103	608
103	609
103	629
103	636
103	638
103	645
103	656
103	678
103	683
103	687
103	688
103	710
103	748
103	752
103	758
103	770
103	785
103	803
103	813
103	819
103	889
103	902
103	903
103	905
103	906
103	921
103	936
103	937
103	938
103	939
103	952
103	953
103	967
103	983
103	1003
103	1013
103	1014
103	1027
103	1039
103	1040
103	1041
103	1053
103	1059
103	1060
103	1061
103	1088
103	1097
103	1179
103	1189
103	1191
103	1192
103	1198
103	1234
103	1237
103	1250
103	1251
103	1253
103	1254
103	1258
103	1262
103	1265
103	1268
103	1302
103	1303
103	1304
103	1306
103	1308
103	1309
103	1367
103	1368
103	1369
103	1374
103	1375
103	1376
103	1377
103	1425
103	1426
103	1427
103	1430
103	1434
103	1464
103	1532
103	1534
103	1568
103	1569
103	1594
103	1595
103	1596
103	1598
103	1599
103	1618
103	1625
103	1630
103	1633
103	1634
103	1637
103	1638
104	105
104	106
104	110
104	136
104	156
104	163
104	165
104	167
104	220
104	232
104	262
104	279
104	291
104	338
104	339
104	340
104	343
104	359
104	365
104	392
104	393
104	394
104	401
104	407
104	409
104	417
104	438
104	439
104	468
104	469
104	494
104	515
104	517
104	618
104	637
104	645
104	679
104	685
104	686
104	701
104	711
104	718
104	751
104	760
104	779
104	796
104	802
104	821
104	824
104	833
104	881
104	885
104	903
104	919
104	937
104	950
104	961
104	966
104	984
104	986
104	992
104	1002
104	1006
104	1007
104	1014
104	1026
104	1033
104	1041
104	1056
104	1099
104	1114
104	1115
104	1116
104	1119
104	1190
104	1218
104	1222
104	1236
104	1252
104	1267
104	1274
104	1278
104	1279
104	1280
104	1306
104	1307
104	1337
104	1368
104	1372
104	1373
104	1427
104	1428
104	1429
104	1441
104	1450
104	1454
104	1458
104	1459
104	1460
104	1520
104	1533
104	1553
104	1597
104	1598
104	1599
104	1636
104	1644
105	107
105	111
105	133
105	136
105	156
105	164
105	166
105	168
105	200
105	201
105	233
105	234
105	250
105	252
105	270
105	276
105	280
105	289
105	291
105	308
105	309
105	337
105	338
105	339
105	341
105	342
105	343
105	359
105	370
105	377
105	378
105	386
105	402
105	410
105	411
105	418
105	434
105	435
105	438
105	439
105	466
105	467
105	470
105	471
105	507
105	516
105	518
105	536
105	608
105	609
105	629
105	636
105	638
105	656
105	670
105	679
105	683
105	687
105	688
105	711
105	730
105	748
105	752
105	756
105	803
105	819
105	822
105	825
105	849
105	853
105	881
105	885
105	902
105	903
105	905
105	906
105	936
105	937
105	938
105	939
105	967
105	983
105	985
105	987
105	1003
105	1006
105	1007
105	1014
105	1027
105	1039
105	1041
105	1053
105	1056
105	1067
105	1069
105	1081
105	1114
105	1115
105	1116
105	1189
105	1191
105	1192
105	1234
105	1237
105	1250
105	1251
105	1253
105	1254
105	1265
105	1268
105	1302
105	1303
105	1304
105	1308
105	1309
105	1367
105	1368
105	1369
105	1371
105	1374
105	1375
105	1376
105	1377
105	1384
105	1411
105	1420
105	1425
105	1426
105	1427
105	1430
105	1460
105	1520
105	1532
105	1534
105	1568
105	1569
105	1594
105	1595
105	1597
105	1598
105	1599
105	1608
105	1614
105	1633
105	1634
105	1637
105	1638
106	107
106	108
106	112
106	119
106	126
106	137
106	141
106	142
106	157
106	163
106	165
106	166
106	169
106	207
106	208
106	235
106	236
106	239
106	240
106	253
106	255
106	273
106	281
106	292
106	293
106	310
106	323
106	324
106	343
106	344
106	345
106	351
106	360
106	373
106	379
106	380
106	384
106	385
106	389
106	403
106	412
106	413
106	419
106	421
106	440
106	441
106	443
106	472
106	473
106	476
106	477
106	487
106	504
106	505
106	515
106	517
106	518
106	537
106	569
106	610
106	639
106	642
106	657
106	680
106	689
106	690
106	694
106	699
106	700
106	701
106	702
106	712
106	730
106	742
106	753
106	754
106	759
106	760
106	761
106	779
106	788
106	800
106	804
106	806
106	823
106	826
106	834
106	836
106	855
106	858
106	859
106	882
106	893
106	907
106	908
106	911
106	928
106	940
106	943
106	954
106	968
106	969
106	984
106	988
106	990
106	1004
106	1015
106	1028
106	1042
106	1043
106	1054
106	1056
106	1067
106	1073
106	1076
106	1077
106	1078
106	1090
106	1098
106	1099
106	1100
106	1107
106	1119
106	1181
106	1193
106	1194
106	1195
106	1202
106	1207
106	1238
106	1242
106	1243
106	1255
106	1256
106	1257
106	1263
106	1264
106	1269
106	1272
106	1273
106	1310
106	1311
106	1318
106	1321
106	1322
106	1323
106	1350
106	1378
106	1379
106	1386
106	1387
106	1388
106	1390
106	1411
106	1422
106	1431
106	1432
106	1438
106	1440
106	1441
106	1444
106	1460
106	1485
106	1486
106	1535
106	1536
106	1543
106	1570
106	1571
106	1578
106	1600
106	1601
106	1602
106	1605
106	1609
106	1620
106	1621
106	1622
106	1627
106	1632
106	1639
106	1645
106	1646
107	109
107	120
107	127
107	129
107	130
107	135
107	137
107	141
107	142
107	157
107	161
107	164
107	165
107	166
107	188
107	189
107	247
107	254
107	259
107	266
107	271
107	282
107	283
107	292
107	293
107	311
107	320
107	322
107	323
107	324
107	344
107	346
107	347
107	348
107	349
107	360
107	367
107	369
107	381
107	398
107	404
107	408
107	414
107	428
107	429
107	440
107	441
107	474
107	475
107	488
107	491
107	500
107	503
107	504
107	516
107	517
107	518
107	538
107	569
107	580
107	606
107	611
107	614
107	615
107	623
107	634
107	650
107	658
107	665
107	668
107	669
107	670
107	671
107	680
107	691
107	695
107	712
107	723
107	726
107	729
107	730
107	731
107	742
107	748
107	760
107	782
107	805
107	813
107	855
107	858
107	859
107	882
107	892
107	893
107	909
107	910
107	927
107	928
107	941
107	942
107	955
107	957
107	958
107	968
107	969
107	979
107	985
107	1005
107	1011
107	1015
107	1018
107	1028
107	1037
107	1042
107	1055
107	1059
107	1064
107	1066
107	1067
107	1068
107	1073
107	1076
107	1077
107	1078
107	1081
107	1095
107	1099
107	1107
107	1196
107	1197
107	1198
107	1199
107	1227
107	1228
107	1229
107	1233
107	1239
107	1258
107	1259
107	1288
107	1289
107	1290
107	1291
107	1312
107	1313
107	1314
107	1315
107	1319
107	1347
107	1348
107	1349
107	1350
107	1351
107	1353
107	1380
107	1381
107	1382
107	1387
107	1405
107	1406
107	1410
107	1411
107	1414
107	1427
107	1433
107	1434
107	1435
107	1441
107	1485
107	1486
107	1537
107	1538
107	1572
107	1573
107	1588
107	1589
107	1591
107	1593
107	1600
107	1601
107	1602
107	1609
107	1623
107	1624
107	1625
107	1640
107	1641
108	109
108	119
108	126
108	159
108	165
108	167
108	169
108	207
108	208
108	235
108	236
108	239
108	240
108	253
108	255
108	273
108	283
108	292
108	310
108	316
108	332
108	343
108	344
108	345
108	351
108	361
108	373
108	379
108	380
108	384
108	385
108	389
108	403
108	412
108	413
108	419
108	421
108	443
108	444
108	445
108	472
108	473
108	476
108	477
108	487
108	505
108	517
108	537
108	610
108	634
108	639
108	657
108	662
108	689
108	690
108	699
108	700
108	701
108	702
108	713
108	753
108	754
108	759
108	760
108	761
108	773
108	788
108	804
108	806
108	823
108	834
108	836
108	890
108	907
108	908
108	911
108	922
108	940
108	943
108	954
108	956
108	984
108	986
108	988
108	1004
108	1016
108	1028
108	1043
108	1044
108	1054
108	1056
108	1065
108	1090
108	1098
108	1099
108	1100
108	1193
108	1194
108	1195
108	1207
108	1238
108	1242
108	1243
108	1255
108	1256
108	1257
108	1263
108	1264
108	1269
108	1272
108	1273
108	1310
108	1311
108	1314
108	1321
108	1322
108	1323
108	1378
108	1379
108	1381
108	1386
108	1387
108	1388
108	1405
108	1431
108	1432
108	1434
108	1440
108	1441
108	1450
108	1535
108	1536
108	1543
108	1570
108	1571
108	1578
108	1600
108	1605
108	1606
108	1620
108	1621
108	1622
108	1632
108	1639
108	1645
108	1646
109	115
109	159
109	166
109	168
109	209
109	221
109	222
109	241
109	256
109	274
109	281
109	284
109	293
109	299
109	316
109	332
109	345
109	352
109	353
109	361
109	366
109	374
109	386
109	387
109	395
109	397
109	406
109	410
109	443
109	444
109	445
109	453
109	454
109	496
109	506
109	518
109	526
109	621
109	635
109	640
109	646
109	661
109	662
109	690
109	703
109	704
109	713
109	721
109	722
109	730
109	743
109	762
109	763
109	789
109	798
109	807
109	823
109	829
109	890
109	908
109	912
109	922
109	944
109	956
109	976
109	987
109	989
109	994
109	1016
109	1022
109	1043
109	1044
109	1047
109	1065
109	1067
109	1170
109	1195
109	1208
109	1209
109	1223
109	1225
109	1226
109	1244
109	1245
109	1253
109	1265
109	1266
109	1282
109	1283
109	1286
109	1324
109	1325
109	1341
109	1342
109	1344
109	1350
109	1389
109	1390
109	1404
109	1405
109	1407
109	1411
109	1420
109	1432
109	1442
109	1443
109	1444
109	1544
109	1555
109	1556
109	1579
109	1585
109	1593
109	1605
109	1606
109	1617
109	1622
109	1647
110	111
110	112
110	113
110	121
110	138
110	149
110	160
110	170
110	172
110	174
110	178
110	184
110	210
110	211
110	217
110	257
110	260
110	275
110	277
110	285
110	294
110	295
110	312
110	346
110	354
110	355
110	356
110	357
110	362
110	375
110	377
110	390
110	392
110	401
110	407
110	417
110	418
110	422
110	446
110	448
110	449
110	478
110	479
110	482
110	483
110	492
110	508
110	519
110	522
110	541
110	543
110	573
110	586
110	598
110	612
110	616
110	628
110	630
110	641
110	643
110	654
110	681
110	694
110	705
110	706
110	707
110	708
110	709
110	714
110	716
110	764
110	765
110	766
110	767
110	777
110	790
110	794
110	824
110	827
110	913
110	914
110	945
110	946
110	959
110	970
110	974
110	990
110	991
110	995
110	996
110	1000
110	1009
110	1017
110	1019
110	1029
110	1032
110	1045
110	1049
110	1057
110	1094
110	1101
110	1102
110	1103
110	1104
110	1105
110	1113
110	1155
110	1162
110	1210
110	1211
110	1216
110	1217
110	1218
110	1219
110	1246
110	1247
110	1250
110	1267
110	1268
110	1274
110	1275
110	1278
110	1279
110	1326
110	1327
110	1328
110	1329
110	1333
110	1334
110	1335
110	1363
110	1391
110	1392
110	1397
110	1398
110	1399
110	1400
110	1402
110	1438
110	1445
110	1446
110	1447
110	1448
110	1452
110	1453
110	1454
110	1457
110	1460
110	1489
110	1513
110	1519
110	1545
110	1549
110	1550
110	1580
110	1583
110	1584
110	1607
110	1608
110	1612
110	1613
110	1637
110	1639
110	1648
110	1649
110	1650
111	114
111	138
111	160
111	171
111	173
111	178
111	212
111	213
111	242
111	243
111	258
111	268
111	271
111	286
111	294
111	295
111	306
111	346
111	358
111	362
111	375
111	384
111	390
111	402
111	407
111	419
111	422
111	446
111	465
111	485
111	502
111	503
111	520
111	521
111	534
111	557
111	587
111	598
111	613
111	628
111	654
111	681
111	682
111	709
111	710
111	714
111	725
111	768
111	769
111	770
111	771
111	791
111	808
111	825
111	837
111	857
111	874
111	915
111	952
111	971
111	995
111	996
111	1000
111	1017
111	1049
111	1052
111	1063
111	1066
111	1098
111	1104
111	1105
111	1137
111	1138
111	1184
111	1185
111	1246
111	1247
111	1251
111	1263
111	1269
111	1274
111	1275
111	1300
111	1328
111	1329
111	1349
111	1363
111	1364
111	1366
111	1393
111	1394
111	1399
111	1416
111	1424
111	1427
111	1448
111	1454
111	1472
111	1483
111	1484
111	1508
111	1513
111	1529
111	1546
111	1566
111	1598
111	1607
111	1608
111	1614
111	1631
111	1639
112	122
112	129
112	134
112	141
112	147
112	161
112	167
112	170
112	172
112	173
112	175
112	179
112	180
112	198
112	204
112	214
112	215
112	244
112	245
112	272
112	276
112	287
112	296
112	304
112	313
112	320
112	323
112	347
112	350
112	359
112	360
112	361
112	372
112	382
112	388
112	391
112	403
112	405
112	408
112	415
112	420
112	423
112	432
112	442
112	447
112	480
112	489
112	498
112	499
112	507
112	519
112	521
112	531
112	539
112	542
112	558
112	570
112	588
112	599
112	614
112	631
112	642
112	655
112	659
112	670
112	677
112	692
112	693
112	694
112	695
112	701
112	711
112	712
112	713
112	725
112	746
112	755
112	756
112	772
112	773
112	774
112	776
112	777
112	786
112	792
112	809
112	821
112	826
112	838
112	848
112	854
112	872
112	883
112	925
112	932
112	947
112	948
112	956
112	957
112	968
112	972
112	984
112	985
112	986
112	990
112	1001
112	1006
112	1008
112	1016
112	1018
112	1030
112	1042
112	1063
112	1071
112	1086
112	1093
112	1094
112	1095
112	1106
112	1107
112	1109
112	1113
112	1200
112	1201
112	1202
112	1203
112	1212
112	1213
112	1229
112	1240
112	1241
112	1260
112	1261
112	1264
112	1270
112	1271
112	1276
112	1277
112	1296
112	1316
112	1317
112	1318
112	1319
112	1330
112	1346
112	1359
112	1365
112	1383
112	1384
112	1385
112	1419
112	1436
112	1437
112	1438
112	1441
112	1449
112	1450
112	1451
112	1454
112	1478
112	1479
112	1501
112	1502
112	1539
112	1540
112	1563
112	1574
112	1575
112	1581
112	1582
112	1591
112	1600
112	1603
112	1604
112	1609
112	1610
112	1611
112	1626
112	1627
112	1628
112	1632
112	1642
112	1643
112	1644
113	114
113	121
113	125
113	149
113	162
113	170
113	174
113	175
113	184
113	210
113	211
113	217
113	257
113	260
113	275
113	277
113	294
113	312
113	317
113	329
113	330
113	333
113	348
113	354
113	355
113	356
113	357
113	363
113	375
113	377
113	390
113	392
113	405
113	407
113	417
113	418
113	422
113	448
113	449
113	450
113	451
113	478
113	479
113	482
113	483
113	492
113	508
113	519
113	522
113	541
113	543
113	612
113	616
113	630
113	641
113	643
113	663
113	685
113	691
113	705
113	706
113	707
113	708
113	715
113	716
113	764
113	765
113	766
113	767
113	777
113	790
113	794
113	821
113	824
113	827
113	896
113	913
113	914
113	931
113	945
113	946
113	959
113	970
113	974
113	978
113	979
113	980
113	991
113	992
113	1009
113	1019
113	1020
113	1029
113	1032
113	1035
113	1036
113	1037
113	1045
113	1046
113	1057
113	1086
113	1088
113	1101
113	1102
113	1103
113	1113
113	1210
113	1211
113	1216
113	1217
113	1218
113	1219
113	1246
113	1247
113	1250
113	1267
113	1268
113	1270
113	1274
113	1275
113	1278
113	1326
113	1327
113	1333
113	1334
113	1335
113	1391
113	1392
113	1397
113	1398
113	1399
113	1400
113	1416
113	1417
113	1445
113	1446
113	1447
113	1450
113	1452
113	1453
113	1454
113	1545
113	1549
113	1550
113	1580
113	1583
113	1584
113	1607
113	1612
113	1613
113	1614
113	1637
113	1644
113	1648
113	1649
113	1650
114	125
114	162
114	171
114	174
114	192
114	218
114	219
114	229
114	261
114	278
114	285
114	295
114	303
114	317
114	329
114	330
114	333
114	348
114	356
114	357
114	363
114	364
114	378
114	382
114	391
114	393
114	401
114	402
114	415
114	423
114	448
114	449
114	450
114	451
114	458
114	459
114	493
114	511
114	523
114	530
114	617
114	625
114	644
114	652
114	663
114	675
114	676
114	691
114	707
114	715
114	717
114	736
114	737
114	778
114	795
114	815
114	822
114	828
114	896
114	914
114	918
114	931
114	946
114	949
114	960
114	965
114	975
114	978
114	979
114	980
114	991
114	997
114	1019
114	1020
114	1024
114	1035
114	1036
114	1037
114	1045
114	1046
114	1088
114	1103
114	1177
114	1178
114	1220
114	1221
114	1236
114	1237
114	1251
114	1260
114	1261
114	1276
114	1277
114	1279
114	1294
114	1295
114	1336
114	1354
114	1355
114	1363
114	1401
114	1402
114	1415
114	1416
114	1417
114	1420
114	1446
114	1447
114	1455
114	1456
114	1457
114	1524
114	1551
114	1552
114	1562
114	1590
114	1598
114	1608
114	1612
114	1613
114	1614
114	1626
115	116
115	117
115	119
115	140
115	164
115	200
115	209
115	221
115	222
115	241
115	256
115	260
115	274
115	281
115	299
115	300
115	310
115	316
115	319
115	325
115	326
115	346
115	350
115	352
115	353
115	366
115	374
115	386
115	387
115	395
115	397
115	406
115	410
115	411
115	444
115	445
115	453
115	454
115	455
115	456
115	479
115	496
115	506
115	524
115	526
115	536
115	621
115	630
115	640
115	646
115	647
115	650
115	657
115	661
115	662
115	664
115	682
115	683
115	693
115	703
115	704
115	716
115	719
115	721
115	722
115	762
115	763
115	780
115	789
115	798
115	807
115	808
115	829
115	862
115	884
115	890
115	894
115	912
115	922
115	929
115	944
115	967
115	970
115	971
115	972
115	973
115	976
115	989
115	993
115	994
115	1003
115	1022
115	1023
115	1029
115	1030
115	1031
115	1044
115	1047
115	1048
115	1079
115	1080
115	1081
115	1170
115	1185
115	1196
115	1204
115	1208
115	1209
115	1217
115	1223
115	1225
115	1226
115	1234
115	1244
115	1245
115	1253
115	1265
115	1266
115	1282
115	1283
115	1292
115	1312
115	1321
115	1324
115	1325
115	1333
115	1341
115	1342
115	1352
115	1386
115	1389
115	1390
115	1392
115	1404
115	1405
115	1412
115	1413
115	1439
115	1440
115	1442
115	1443
115	1444
115	1544
115	1555
115	1556
115	1569
115	1579
115	1585
115	1606
115	1617
115	1618
115	1619
115	1623
115	1633
115	1647
116	118
116	120
116	133
116	140
116	152
116	164
116	176
116	190
116	191
116	200
116	223
116	224
116	227
116	228
116	248
116	260
116	267
116	282
116	284
116	299
116	300
116	311
116	317
116	318
116	319
116	325
116	326
116	327
116	328
116	350
116	352
116	353
116	367
116	370
116	371
116	381
116	396
116	398
116	410
116	411
116	414
116	416
116	425
116	426
116	453
116	454
116	455
116	456
116	479
116	484
116	497
116	500
116	510
116	525
116	527
116	536
116	622
116	624
116	630
116	635
116	646
116	647
116	651
116	658
116	663
116	664
116	672
116	673
116	674
116	682
116	683
116	693
116	716
116	723
116	724
116	732
116	733
116	734
116	735
116	749
116	783
116	799
116	808
116	814
116	829
116	831
116	832
116	862
116	884
116	891
116	894
116	895
116	912
116	923
116	929
116	930
116	944
116	951
116	964
116	967
116	970
116	971
116	972
116	973
116	977
116	980
116	1003
116	1010
116	1022
116	1023
116	1029
116	1030
116	1031
116	1034
116	1047
116	1048
116	1069
116	1070
116	1079
116	1080
116	1081
116	1082
116	1171
116	1174
116	1176
116	1185
116	1208
116	1217
116	1224
116	1227
116	1228
116	1231
116	1234
116	1235
116	1254
116	1258
116	1259
116	1265
116	1284
116	1285
116	1286
116	1289
116	1292
116	1293
116	1324
116	1333
116	1343
116	1344
116	1345
116	1348
116	1352
116	1353
116	1389
116	1392
116	1406
116	1407
116	1408
116	1409
116	1410
116	1412
116	1413
116	1414
116	1442
116	1443
116	1523
116	1557
116	1561
116	1569
116	1586
116	1587
116	1588
116	1589
116	1594
116	1617
116	1618
116	1619
116	1625
117	118
117	122
117	142
117	158
117	168
117	181
117	195
117	196
117	205
117	206
117	237
117	238
117	272
117	287
117	305
117	308
117	313
117	321
117	332
117	334
117	341
117	364
117	372
117	383
117	388
117	400
117	405
117	410
117	416
117	420
117	462
117	463
117	464
117	490
117	501
117	504
117	513
117	530
117	532
117	540
117	627
117	653
117	656
117	659
117	679
117	680
117	696
117	697
117	698
117	717
117	741
117	742
117	743
117	744
117	757
117	758
117	787
117	801
117	817
117	822
117	829
117	835
117	855
117	859
117	898
117	926
117	933
117	965
117	969
117	981
117	987
117	997
117	998
117	1007
117	1024
117	1025
117	1050
117	1051
117	1053
117	1072
117	1073
117	1096
117	1097
117	1114
117	1180
117	1186
117	1204
117	1205
117	1206
117	1208
117	1231
117	1232
117	1240
117	1241
117	1262
117	1265
117	1270
117	1271
117	1298
117	1308
117	1316
117	1320
117	1359
117	1360
117	1374
117	1383
117	1385
117	1409
117	1419
117	1420
117	1421
117	1436
117	1439
117	1442
117	1455
117	1526
117	1541
117	1542
117	1564
117	1576
117	1577
117	1603
117	1604
117	1629
117	1630
117	1633
117	1644
118	142
118	159
118	168
118	181
118	186
118	187
118	197
118	226
118	231
118	265
118	288
118	302
118	305
118	321
118	333
118	334
118	364
118	366
118	373
118	374
118	380
118	383
118	397
118	400
118	406
118	411
118	413
118	416
118	462
118	463
118	464
118	499
118	514
118	529
118	531
118	533
118	649
118	653
118	666
118	667
118	681
118	697
118	717
118	727
118	728
118	745
118	746
118	781
118	800
118	801
118	812
118	818
118	832
118	855
118	859
118	899
118	926
118	965
118	982
118	996
118	999
118	1024
118	1025
118	1036
118	1050
118	1051
118	1065
118	1072
118	1073
118	1076
118	1174
118	1175
118	1181
118	1182
118	1183
118	1186
118	1225
118	1226
118	1231
118	1232
118	1234
118	1242
118	1243
118	1244
118	1245
118	1257
118	1262
118	1299
118	1320
118	1361
118	1362
118	1409
118	1412
118	1422
118	1439
118	1527
118	1528
118	1560
118	1565
118	1594
118	1605
118	1606
118	1622
118	1629
118	1630
119	120
119	122
119	126
119	146
119	165
119	171
119	183
119	207
119	208
119	235
119	236
119	239
119	240
119	253
119	255
119	273
119	292
119	299
119	310
119	322
119	337
119	343
119	344
119	345
119	351
119	365
119	373
119	379
119	380
119	384
119	385
119	389
119	403
119	412
119	413
119	419
119	421
119	423
119	443
119	472
119	473
119	474
119	475
119	476
119	477
119	487
119	505
119	517
119	537
119	610
119	629
119	639
119	646
119	657
119	669
119	682
119	683
119	689
119	690
119	699
119	700
119	701
119	702
119	718
119	753
119	754
119	759
119	760
119	761
119	788
119	804
119	806
119	823
119	834
119	836
119	838
119	892
119	907
119	908
119	911
119	927
119	940
119	943
119	954
119	966
119	967
119	971
119	984
119	988
119	1002
119	1004
119	1026
119	1027
119	1028
119	1043
119	1054
119	1055
119	1056
119	1074
119	1075
119	1098
119	1099
119	1100
119	1117
119	1193
119	1194
119	1195
119	1200
119	1207
119	1238
119	1242
119	1243
119	1255
119	1256
119	1257
119	1260
119	1263
119	1264
119	1269
119	1272
119	1273
119	1302
119	1310
119	1311
119	1321
119	1322
119	1323
119	1324
119	1378
119	1379
119	1386
119	1387
119	1388
119	1389
119	1410
119	1431
119	1432
119	1436
119	1440
119	1441
119	1442
119	1458
119	1535
119	1536
119	1543
119	1570
119	1571
119	1578
119	1600
119	1605
119	1620
119	1621
119	1622
119	1639
119	1640
119	1641
119	1645
119	1646
120	127
120	146
120	166
120	171
120	183
120	188
120	189
120	247
120	254
120	266
120	271
120	283
120	293
120	300
120	311
120	322
120	323
120	324
120	337
120	346
120	347
120	348
120	349
120	351
120	365
120	367
120	369
120	381
120	398
120	404
120	414
120	419
120	428
120	429
120	440
120	441
120	472
120	473
120	474
120	475
120	488
120	503
120	518
120	536
120	538
120	606
120	611
120	623
120	629
120	634
120	647
120	650
120	658
120	668
120	669
120	670
120	671
120	682
120	683
120	691
120	700
120	718
120	729
120	730
120	731
120	782
120	805
120	813
120	834
120	892
120	893
120	909
120	910
120	911
120	927
120	928
120	941
120	942
120	943
120	955
120	966
120	967
120	971
120	979
120	985
120	1003
120	1005
120	1011
120	1015
120	1026
120	1027
120	1037
120	1042
120	1054
120	1055
120	1066
120	1067
120	1068
120	1074
120	1075
120	1079
120	1196
120	1197
120	1198
120	1199
120	1207
120	1227
120	1228
120	1233
120	1239
120	1258
120	1259
120	1263
120	1289
120	1290
120	1291
120	1292
120	1302
120	1312
120	1313
120	1314
120	1315
120	1348
120	1349
120	1350
120	1351
120	1352
120	1380
120	1381
120	1382
120	1410
120	1411
120	1412
120	1425
120	1433
120	1434
120	1435
120	1440
120	1537
120	1538
120	1572
120	1573
120	1588
120	1589
120	1601
120	1602
120	1623
120	1624
120	1625
120	1639
120	1640
120	1641
121	122
121	149
121	174
121	176
121	182
121	184
121	210
121	211
121	217
121	257
121	260
121	275
121	277
121	294
121	303
121	312
121	325
121	352
121	354
121	355
121	356
121	357
121	375
121	377
121	390
121	392
121	407
121	417
121	418
121	422
121	448
121	449
121	478
121	479
121	482
121	483
121	492
121	508
121	519
121	522
121	541
121	542
121	543
121	612
121	616
121	630
121	641
121	643
121	652
121	692
121	703
121	705
121	706
121	707
121	708
121	716
121	719
121	755
121	764
121	765
121	766
121	767
121	777
121	790
121	794
121	824
121	827
121	833
121	913
121	914
121	945
121	946
121	959
121	970
121	974
121	991
121	993
121	994
121	1008
121	1009
121	1019
121	1029
121	1032
121	1045
121	1047
121	1048
121	1057
121	1082
121	1101
121	1102
121	1103
121	1111
121	1210
121	1211
121	1216
121	1217
121	1218
121	1219
121	1246
121	1247
121	1250
121	1267
121	1268
121	1274
121	1275
121	1278
121	1326
121	1327
121	1333
121	1334
121	1335
121	1391
121	1392
121	1397
121	1398
121	1399
121	1400
121	1401
121	1436
121	1445
121	1446
121	1447
121	1452
121	1453
121	1454
121	1455
121	1458
121	1545
121	1549
121	1550
121	1580
121	1583
121	1584
121	1607
121	1612
121	1613
121	1648
121	1649
121	1650
122	129
122	141
122	147
122	167
122	172
122	180
122	182
122	204
122	214
122	215
122	244
122	245
122	276
122	305
122	313
122	319
122	326
122	350
122	353
122	359
122	360
122	361
122	372
122	382
122	388
122	391
122	405
122	415
122	419
122	420
122	423
122	442
122	480
122	481
122	489
122	507
122	539
122	541
122	542
122	614
122	631
122	642
122	653
122	659
122	672
122	684
122	692
122	693
122	694
122	695
122	711
122	712
122	713
122	755
122	756
122	772
122	773
122	774
122	786
122	792
122	809
122	821
122	826
122	834
122	838
122	924
122	947
122	948
122	956
122	957
122	963
122	964
122	968
122	972
122	986
122	990
122	1006
122	1008
122	1016
122	1022
122	1023
122	1030
122	1031
122	1093
122	1094
122	1095
122	1106
122	1107
122	1111
122	1200
122	1201
122	1202
122	1203
122	1207
122	1212
122	1213
122	1240
122	1241
122	1260
122	1261
122	1263
122	1270
122	1271
122	1276
122	1277
122	1316
122	1317
122	1318
122	1319
122	1320
122	1330
122	1383
122	1384
122	1436
122	1437
122	1438
122	1439
122	1440
122	1449
122	1450
122	1451
122	1452
122	1539
122	1540
122	1574
122	1575
122	1581
122	1582
122	1603
122	1604
122	1609
122	1626
122	1627
122	1628
122	1642
122	1643
122	1644
123	124
123	125
123	127
123	128
123	131
123	153
123	154
123	155
123	160
123	161
123	162
123	166
123	194
123	213
123	230
123	232
123	243
123	249
123	266
123	267
123	315
123	331
123	342
123	369
123	404
123	425
123	431
123	432
123	433
123	440
123	455
123	461
123	474
123	485
123	486
123	492
123	493
123	494
123	495
123	552
123	563
123	602
123	667
123	687
123	691
123	720
123	724
123	737
123	739
123	740
123	751
123	752
123	767
123	770
123	771
123	805
123	840
123	844
123	848
123	866
123	871
123	872
123	897
123	900
123	901
123	923
123	927
123	928
123	929
123	930
123	932
123	979
123	982
123	983
123	1013
123	1039
123	1040
123	1060
123	1061
123	1066
123	1067
123	1068
123	1087
123	1088
123	1091
123	1092
123	1110
123	1233
123	1239
123	1343
123	1358
123	1380
123	1418
123	1429
123	1435
123	1471
123	1472
123	1473
123	1492
123	1529
123	1530
123	1531
123	1553
123	1593
123	1619
123	1623
123	1624
123	1625
124	125
124	131
124	133
124	135
124	152
124	154
124	155
124	162
124	223
124	224
124	232
124	234
124	247
124	248
124	250
124	251
124	283
124	284
124	289
124	290
124	315
124	331
124	342
124	370
124	371
124	396
124	411
124	424
124	426
124	434
124	435
124	436
124	437
124	439
124	441
124	456
124	471
124	475
124	484
124	485
124	486
124	492
124	493
124	494
124	495
124	500
124	563
124	565
124	594
124	663
124	674
124	678
124	688
124	710
124	720
124	723
124	724
124	735
124	737
124	740
124	751
124	752
124	767
124	771
124	799
124	839
124	843
124	844
124	849
124	850
124	851
124	853
124	865
124	866
124	880
124	889
124	891
124	892
124	893
124	894
124	895
124	902
124	903
124	904
124	906
124	921
124	939
124	951
124	952
124	953
124	980
124	1013
124	1039
124	1040
124	1059
124	1060
124	1061
124	1069
124	1070
124	1087
124	1088
124	1091
124	1092
124	1176
124	1224
124	1234
124	1235
124	1254
124	1339
124	1340
124	1344
124	1345
124	1376
124	1377
124	1381
124	1382
124	1408
124	1429
124	1430
124	1474
124	1475
124	1492
124	1532
124	1553
124	1561
124	1587
124	1588
124	1589
124	1594
124	1595
124	1596
125	131
125	135
125	153
125	154
125	155
125	160
125	162
125	192
125	211
125	229
125	233
125	234
125	250
125	251
125	260
125	261
125	299
125	300
125	317
125	318
125	327
125	329
125	330
125	333
125	348
125	356
125	357
125	363
125	377
125	378
125	402
125	418
125	425
125	428
125	444
125	448
125	449
125	450
125	451
125	459
125	479
125	485
125	486
125	492
125	493
125	494
125	495
125	522
125	523
125	550
125	565
125	573
125	582
125	594
125	663
125	673
125	687
125	688
125	691
125	710
125	715
125	720
125	736
125	737
125	740
125	751
125	752
125	766
125	767
125	771
125	803
125	840
125	843
125	844
125	862
125	866
125	871
125	880
125	884
125	891
125	896
125	914
125	918
125	922
125	923
125	930
125	931
125	942
125	946
125	952
125	977
125	978
125	979
125	980
125	983
125	1019
125	1020
125	1034
125	1035
125	1036
125	1037
125	1045
125	1046
125	1059
125	1060
125	1061
125	1087
125	1088
125	1091
125	1092
125	1110
125	1189
125	1237
125	1250
125	1251
125	1268
125	1340
125	1352
125	1355
125	1377
125	1389
125	1392
125	1416
125	1417
125	1446
125	1447
125	1474
125	1475
125	1489
125	1490
125	1491
125	1532
125	1549
125	1550
125	1551
125	1552
125	1568
125	1594
125	1595
125	1596
125	1612
125	1613
125	1614
125	1619
125	1641
126	127
126	128
126	129
126	130
126	143
126	148
126	163
126	165
126	166
126	169
126	170
126	171
126	172
126	173
126	197
126	207
126	208
126	216
126	221
126	231
126	235
126	239
126	240
126	246
126	264
126	265
126	268
126	269
126	301
126	302
126	306
126	307
126	320
126	362
126	373
126	379
126	380
126	389
126	412
126	413
126	421
126	430
126	432
126	446
126	447
126	457
126	460
126	464
126	481
126	487
126	498
126	499
126	500
126	504
126	505
126	506
126	517
126	528
126	529
126	537
126	555
126	566
126	574
126	585
126	595
126	605
126	665
126	690
126	694
126	699
126	700
126	701
126	702
126	721
126	723
126	742
126	745
126	746
126	753
126	754
126	759
126	760
126	761
126	775
126	776
126	788
126	806
126	823
126	836
126	845
126	846
126	848
126	857
126	860
126	867
126	868
126	869
126	870
126	872
126	873
126	874
126	875
126	886
126	916
126	924
126	925
126	926
126	932
126	934
126	935
126	954
126	958
126	984
126	990
126	1004
126	1018
126	1049
126	1062
126	1063
126	1064
126	1067
126	1068
126	1089
126	1090
126	1094
126	1095
126	1098
126	1099
126	1100
126	1113
126	1119
126	1193
126	1194
126	1195
126	1242
126	1243
126	1255
126	1256
126	1257
126	1272
126	1273
126	1356
126	1357
126	1361
126	1362
126	1393
126	1394
126	1395
126	1396
126	1422
126	1431
126	1432
126	1440
126	1441
126	1498
126	1499
126	1500
126	1517
126	1518
126	1535
126	1536
126	1558
126	1559
126	1560
126	1570
126	1571
126	1578
126	1579
126	1620
126	1621
126	1622
126	1628
126	1631
126	1632
126	1645
126	1646
126	1647
127	129
127	130
127	148
127	154
127	164
127	165
127	166
127	172
127	173
127	188
127	189
127	221
127	223
127	235
127	249
127	266
127	267
127	314
127	319
127	320
127	346
127	347
127	367
127	381
127	389
127	398
127	414
127	425
127	431
127	433
127	440
127	447
127	455
127	461
127	474
127	488
127	498
127	499
127	500
127	503
127	504
127	505
127	506
127	518
127	538
127	566
127	595
127	660
127	662
127	664
127	665
127	668
127	669
127	670
127	671
127	695
127	721
127	722
127	723
127	729
127	730
127	731
127	742
127	746
127	753
127	776
127	782
127	813
127	840
127	848
127	871
127	872
127	897
127	900
127	901
127	909
127	925
127	927
127	928
127	929
127	930
127	941
127	955
127	957
127	958
127	962
127	973
127	985
127	1005
127	1017
127	1018
127	1021
127	1031
127	1062
127	1063
127	1064
127	1066
127	1067
127	1068
127	1081
127	1091
127	1092
127	1094
127	1095
127	1099
127	1100
127	1196
127	1197
127	1198
127	1199
127	1227
127	1228
127	1256
127	1258
127	1259
127	1343
127	1358
127	1380
127	1406
127	1410
127	1411
127	1433
127	1434
127	1435
127	1517
127	1518
127	1537
127	1538
127	1561
127	1572
127	1573
127	1578
127	1579
127	1592
127	1593
127	1623
127	1624
127	1625
127	1645
127	1646
127	1647
128	131
128	143
128	156
128	157
128	158
128	159
128	165
128	167
128	169
128	193
128	212
128	222
128	235
128	236
128	242
128	264
128	265
128	268
128	269
128	301
128	302
128	306
128	307
128	315
128	321
128	335
128	358
128	373
128	374
128	384
128	385
128	403
128	419
128	430
128	436
128	446
128	447
128	460
128	464
128	465
128	481
128	487
128	489
128	490
128	502
128	505
128	534
128	535
128	551
128	567
128	601
128	662
128	666
128	667
128	689
128	690
128	698
128	702
128	713
128	722
128	738
128	744
128	753
128	754
128	761
128	768
128	769
128	774
128	804
128	834
128	845
128	846
128	850
128	857
128	860
128	865
128	867
128	868
128	869
128	870
128	873
128	874
128	875
128	886
128	915
128	921
128	924
128	925
128	926
128	934
128	935
128	954
128	956
128	981
128	982
128	988
128	999
128	1038
128	1040
128	1051
128	1052
128	1065
128	1078
128	1087
128	1089
128	1090
128	1092
128	1097
128	1098
128	1099
128	1100
128	1116
128	1207
128	1226
128	1238
128	1257
128	1263
128	1264
128	1269
128	1356
128	1357
128	1361
128	1362
128	1393
128	1394
128	1395
128	1396
128	1448
128	1451
128	1482
128	1507
128	1508
128	1509
128	1543
128	1544
128	1566
128	1567
128	1578
128	1605
128	1606
128	1616
128	1620
128	1621
128	1622
128	1631
128	1632
129	130
129	131
129	147
129	163
129	164
129	165
129	166
129	170
129	172
129	173
129	195
129	204
129	214
129	223
129	244
129	266
129	267
129	272
129	303
129	304
129	316
129	322
129	323
129	324
129	331
129	338
129	359
129	360
129	372
129	381
129	388
129	405
129	420
129	430
129	432
129	433
129	440
129	441
129	450
129	462
129	480
129	494
129	498
129	499
129	500
129	504
129	505
129	506
129	507
129	539
129	540
129	542
129	553
129	583
129	603
129	661
129	668
129	670
129	671
129	686
129	692
129	693
129	694
129	695
129	701
129	721
129	723
129	741
129	742
129	746
129	751
129	753
129	755
129	756
129	772
129	776
129	786
129	821
129	845
129	848
129	858
129	872
129	875
129	881
129	882
129	885
129	893
129	897
129	928
129	931
129	932
129	935
129	947
129	955
129	957
129	961
129	972
129	984
129	985
129	989
129	990
129	1005
129	1008
129	1013
129	1015
129	1041
129	1042
129	1044
129	1055
129	1063
129	1064
129	1066
129	1067
129	1068
129	1081
129	1087
129	1093
129	1094
129	1095
129	1099
129	1100
129	1113
129	1119
129	1212
129	1213
129	1228
129	1240
129	1241
129	1270
129	1271
129	1343
129	1359
129	1365
129	1380
129	1401
129	1411
129	1419
129	1429
129	1436
129	1437
129	1438
129	1449
129	1450
129	1451
129	1515
129	1516
129	1561
129	1574
129	1575
129	1576
129	1577
129	1581
129	1582
129	1593
129	1623
129	1624
129	1625
129	1628
129	1642
129	1643
129	1644
130	148
130	165
130	166
130	171
130	172
130	173
130	185
130	221
130	223
130	225
130	235
130	266
130	267
130	273
130	274
130	285
130	286
130	323
130	324
130	331
130	339
130	343
130	344
130	379
130	381
130	389
130	412
130	421
130	431
130	432
130	433
130	440
130	441
130	451
130	453
130	472
130	476
130	477
130	491
130	495
130	498
130	499
130	500
130	504
130	505
130	506
130	521
130	566
130	595
130	660
130	662
130	664
130	665
130	669
130	670
130	671
130	702
130	720
130	721
130	723
130	725
130	726
130	742
130	746
130	753
130	776
130	811
130	830
130	845
130	848
130	854
130	872
130	875
130	883
130	893
130	896
130	897
130	901
130	907
130	928
130	932
130	940
130	943
130	944
130	954
130	955
130	958
130	962
130	973
130	985
130	1013
130	1014
130	1015
130	1028
130	1042
130	1056
130	1062
130	1063
130	1064
130	1066
130	1067
130	1068
130	1094
130	1095
130	1099
130	1100
130	1214
130	1215
130	1228
130	1255
130	1256
130	1272
130	1273
130	1341
130	1343
130	1366
130	1378
130	1380
130	1402
130	1404
130	1411
130	1431
130	1517
130	1518
130	1547
130	1548
130	1561
130	1578
130	1579
130	1592
130	1593
130	1623
130	1624
130	1625
130	1645
130	1646
130	1647
131	133
131	150
131	151
131	152
131	174
131	175
131	210
131	224
131	232
131	247
131	248
131	277
131	278
131	297
131	298
131	315
131	317
131	325
131	327
131	328
131	354
131	355
131	367
131	392
131	393
131	401
131	417
131	425
131	426
131	434
131	436
131	437
131	458
131	478
131	482
131	483
131	492
131	494
131	495
131	508
131	543
131	568
131	660
131	663
131	673
131	674
131	685
131	686
131	695
131	704
131	708
131	720
131	724
131	751
131	764
131	765
131	767
131	802
131	833
131	839
131	846
131	850
131	851
131	856
131	864
131	865
131	870
131	877
131	887
131	889
131	895
131	913
131	921
131	930
131	939
131	945
131	949
131	951
131	957
131	959
131	961
131	962
131	976
131	977
131	980
131	992
131	1010
131	1032
131	1034
131	1040
131	1048
131	1057
131	1061
131	1069
131	1070
131	1084
131	1085
131	1086
131	1087
131	1092
131	1095
131	1103
131	1222
131	1236
131	1259
131	1267
131	1278
131	1279
131	1345
131	1354
131	1370
131	1382
131	1391
131	1403
131	1408
131	1414
131	1415
131	1429
131	1435
131	1445
131	1447
131	1464
131	1521
131	1553
131	1583
131	1584
131	1588
131	1589
131	1596
131	1616
131	1638
131	1649
131	1650
132	133
132	137
132	140
132	149
132	150
132	151
132	176
132	184
132	191
132	202
132	203
132	204
132	228
132	262
132	263
132	281
132	282
132	327
132	328
132	330
132	340
132	355
132	371
132	387
132	395
132	396
132	425
132	426
132	439
132	445
132	452
132	469
132	484
132	497
132	499
132	507
132	509
132	510
132	525
132	541
132	542
132	549
132	572
132	675
132	682
132	684
132	706
132	733
132	734
132	735
132	746
132	749
132	750
132	755
132	756
132	820
132	840
132	852
132	855
132	859
132	863
132	871
132	890
132	891
132	895
132	903
132	919
132	920
132	930
132	963
132	971
132	974
132	975
132	1010
132	1020
132	1032
132	1033
132	1034
132	1069
132	1077
132	1080
132	1082
132	1083
132	1084
132	1085
132	1101
132	1102
132	1168
132	1169
132	1223
132	1224
132	1235
132	1266
132	1338
132	1353
132	1373
132	1390
132	1413
132	1414
132	1422
132	1444
132	1462
132	1520
132	1522
132	1523
132	1554
132	1581
132	1582
132	1585
132	1586
132	1587
132	1595
132	1609
133	135
133	147
133	148
133	152
133	155
133	164
133	174
133	176
133	190
133	191
133	204
133	223
133	224
133	227
133	228
133	234
133	247
133	248
133	250
133	251
133	283
133	284
133	289
133	290
133	300
133	314
133	317
133	318
133	329
133	330
133	338
133	339
133	348
133	349
133	357
133	367
133	370
133	381
133	398
133	411
133	414
133	424
133	426
133	428
133	429
133	438
133	439
133	441
133	450
133	451
133	456
133	471
133	475
133	484
133	496
133	497
133	500
133	507
133	510
133	527
133	542
133	550
133	560
133	565
133	568
133	582
133	594
133	609
133	616
133	617
133	622
133	634
133	635
133	638
133	647
133	660
133	664
133	672
133	673
133	674
133	676
133	686
133	693
133	708
133	723
133	724
133	732
133	733
133	734
133	735
133	752
133	755
133	756
133	763
133	783
133	794
133	795
133	799
133	813
133	814
133	831
133	839
133	843
133	844
133	849
133	850
133	851
133	853
133	865
133	866
133	880
133	891
133	892
133	893
133	894
133	895
133	896
133	898
133	902
133	903
133	904
133	910
133	923
133	931
133	937
133	942
133	951
133	959
133	960
133	961
133	962
133	964
133	972
133	973
133	977
133	1011
133	1014
133	1017
133	1019
133	1020
133	1021
133	1037
133	1041
133	1046
133	1059
133	1060
133	1061
133	1062
133	1066
133	1069
133	1070
133	1081
133	1082
133	1083
133	1087
133	1093
133	1103
133	1145
133	1171
133	1176
133	1178
133	1198
133	1211
133	1227
133	1228
133	1234
133	1254
133	1258
133	1259
133	1286
133	1292
133	1293
133	1295
133	1303
133	1304
133	1314
133	1327
133	1339
133	1340
133	1344
133	1345
133	1352
133	1376
133	1377
133	1381
133	1382
133	1406
133	1407
133	1408
133	1412
133	1413
133	1414
133	1427
133	1434
133	1435
133	1443
133	1464
133	1474
133	1475
133	1477
133	1490
133	1491
133	1520
133	1523
133	1532
133	1557
133	1561
133	1581
133	1582
133	1588
133	1589
133	1594
133	1595
133	1596
133	1614
133	1625
133	1634
134	135
134	138
134	141
134	153
134	161
134	177
134	178
134	179
134	185
134	199
134	216
134	219
134	225
134	246
134	273
134	274
134	285
134	286
134	335
134	336
134	341
134	358
134	368
134	376
134	399
134	408
134	430
134	431
134	433
134	440
134	451
134	453
134	472
134	491
134	498
134	511
134	512
134	513
134	514
134	519
134	520
134	521
134	528
134	544
134	559
134	569
134	576
134	589
134	677
134	694
134	709
134	714
134	715
134	725
134	726
134	728
134	747
134	758
134	775
134	776
134	777
134	778
134	793
134	810
134	845
134	854
134	875
134	883
134	896
134	897
134	901
134	928
134	935
134	943
134	944
134	978
134	990
134	995
134	1000
134	1001
134	1012
134	1038
134	1052
134	1053
134	1059
134	1071
134	1104
134	1105
134	1107
134	1108
134	1109
134	1110
134	1172
134	1173
134	1229
134	1230
134	1248
134	1249
134	1341
134	1366
134	1378
134	1402
134	1422
134	1424
134	1433
134	1438
134	1457
134	1465
134	1466
134	1485
134	1486
134	1487
134	1488
134	1524
134	1525
134	1547
134	1548
134	1558
134	1559
134	1590
134	1591
134	1592
134	1609
134	1610
134	1611
134	1624
134	1639
134	1646
135	144
135	152
135	155
135	160
135	161
135	179
135	185
135	223
135	224
135	225
135	234
135	247
135	248
135	250
135	251
135	283
135	284
135	289
135	290
135	315
135	323
135	324
135	331
135	336
135	342
135	370
135	371
135	396
135	411
135	424
135	426
135	432
135	433
135	434
135	435
135	436
135	437
135	439
135	440
135	441
135	445
135	456
135	471
135	475
135	491
135	497
135	500
135	521
135	544
135	552
135	565
135	568
135	569
135	576
135	594
135	611
135	636
135	663
135	672
135	678
135	688
135	710
135	723
135	724
135	725
135	726
135	733
135	739
135	752
135	770
135	785
135	799
135	839
135	843
135	844
135	849
135	850
135	851
135	853
135	865
135	866
135	880
135	889
135	890
135	892
135	893
135	894
135	895
135	897
135	902
135	903
135	904
135	906
135	921
135	928
135	932
135	939
135	952
135	953
135	964
135	980
135	1012
135	1013
135	1015
135	1039
135	1040
135	1042
135	1058
135	1059
135	1060
135	1061
135	1069
135	1070
135	1071
135	1109
135	1176
135	1179
135	1224
135	1234
135	1235
135	1254
135	1291
135	1309
135	1339
135	1340
135	1344
135	1345
135	1376
135	1377
135	1381
135	1382
135	1406
135	1411
135	1413
135	1422
135	1430
135	1464
135	1473
135	1474
135	1475
135	1485
135	1486
135	1487
135	1488
135	1532
135	1547
135	1548
135	1561
135	1585
135	1588
135	1589
135	1593
135	1594
135	1595
135	1596
135	1605
135	1609
135	1610
135	1611
135	1624
136	137
136	138
136	141
136	142
136	145
136	156
136	168
136	180
136	181
136	186
136	201
136	205
136	218
136	219
136	220
136	237
136	252
136	276
136	291
136	305
136	313
136	338
136	339
136	343
136	359
136	378
136	393
136	401
136	402
136	435
136	438
136	439
136	442
136	467
136	501
136	502
136	511
136	515
136	516
136	517
136	518
136	530
136	531
136	532
136	533
136	545
136	560
136	577
136	591
136	596
136	679
136	711
136	717
136	727
136	730
136	748
136	757
136	760
136	769
136	778
136	779
136	795
136	828
136	849
136	852
136	853
136	855
136	859
136	863
136	867
136	881
136	885
136	886
136	903
136	905
136	906
136	937
136	947
136	948
136	965
136	997
136	1003
136	1006
136	1007
136	1014
136	1041
136	1056
136	1072
136	1073
136	1076
136	1077
136	1096
136	1105
136	1106
136	1107
136	1112
136	1114
136	1115
136	1116
136	1177
136	1178
136	1236
136	1237
136	1251
136	1279
136	1330
136	1368
136	1369
136	1383
136	1384
136	1427
136	1448
136	1456
136	1460
136	1476
136	1477
136	1503
136	1504
136	1505
136	1506
136	1524
136	1533
136	1534
136	1562
136	1564
136	1565
136	1597
136	1598
136	1599
136	1609
136	1629
136	1630
137	141
137	142
137	143
137	144
137	146
137	157
137	161
137	168
137	179
137	180
137	181
137	186
137	189
137	198
137	199
137	205
137	208
137	237
137	240
137	253
137	254
137	259
137	292
137	293
137	296
137	305
137	323
137	324
137	332
137	337
137	344
137	360
137	369
137	385
137	403
137	404
137	427
137	429
137	440
137	441
137	443
137	457
137	477
137	487
137	488
137	501
137	512
137	515
137	516
137	517
137	518
137	530
137	531
137	532
137	533
137	545
137	570
137	577
137	580
137	596
137	599
137	680
137	683
137	712
137	727
137	730
137	731
137	747
137	748
137	757
137	760
137	761
137	779
137	785
137	841
137	852
137	854
137	855
137	858
137	859
137	860
137	861
137	863
137	868
137	882
137	883
137	893
137	907
137	908
137	909
137	910
137	916
137	917
137	928
137	967
137	968
137	969
137	1015
137	1027
137	1028
137	1042
137	1058
137	1071
137	1072
137	1073
137	1075
137	1076
137	1077
137	1078
137	1083
137	1089
137	1096
137	1106
137	1107
137	1114
137	1115
137	1179
137	1233
137	1238
137	1239
137	1264
137	1330
137	1346
137	1347
137	1350
137	1351
137	1387
137	1388
137	1411
137	1423
137	1441
137	1478
137	1479
137	1503
137	1504
137	1505
137	1506
137	1525
137	1535
137	1536
137	1537
137	1538
137	1563
137	1564
137	1565
137	1600
137	1601
137	1602
137	1609
137	1610
137	1611
137	1629
137	1630
138	146
138	149
138	160
138	171
138	177
138	178
138	179
138	183
138	187
138	206
138	212
138	213
138	217
138	226
138	238
138	242
138	243
138	255
138	257
138	258
138	271
138	287
138	288
138	294
138	295
138	310
138	311
138	333
138	346
138	362
138	375
138	390
138	407
138	422
138	428
138	446
138	449
138	465
138	473
138	476
138	483
138	485
138	502
138	511
138	512
138	513
138	514
138	519
138	520
138	521
138	534
138	546
138	557
138	578
138	587
138	597
138	639
138	667
138	681
138	698
138	709
138	710
138	714
138	717
138	725
138	728
138	747
138	758
138	768
138	769
138	770
138	771
138	777
138	778
138	791
138	808
138	825
138	837
138	843
138	854
138	856
138	857
138	874
138	880
138	883
138	887
138	911
138	913
138	914
138	915
138	940
138	941
138	942
138	952
138	965
138	981
138	982
138	995
138	996
138	1000
138	1017
138	1036
138	1049
138	1071
138	1074
138	1075
138	1102
138	1104
138	1105
138	1108
138	1109
138	1115
138	1184
138	1185
138	1246
138	1247
138	1274
138	1275
138	1310
138	1311
138	1348
138	1349
138	1363
138	1364
138	1379
138	1385
138	1386
138	1399
138	1400
138	1448
138	1454
138	1456
138	1467
138	1468
138	1469
138	1470
138	1483
138	1484
138	1526
138	1527
138	1528
138	1529
138	1545
138	1546
138	1566
138	1600
138	1607
138	1608
138	1617
138	1639
138	1640
138	1641
138	1646
139	140
139	141
139	145
139	146
139	163
139	171
139	182
139	183
139	188
139	202
139	207
139	220
139	239
139	277
139	278
139	297
139	298
139	394
139	409
139	419
139	436
139	446
139	448
139	452
139	458
139	478
139	503
139	515
139	524
139	525
139	526
139	527
139	536
139	537
139	538
139	547
139	561
139	579
139	586
139	592
139	598
139	682
139	692
139	712
139	718
139	729
139	732
139	749
139	759
139	762
139	779
139	780
139	796
139	850
139	856
139	862
139	864
139	865
139	877
139	884
139	887
139	920
139	921
139	946
139	949
139	966
139	968
139	971
139	1002
139	1008
139	1066
139	1074
139	1075
139	1079
139	1080
139	1098
139	1107
139	1111
139	1112
139	1117
139	1118
139	1119
139	1190
139	1252
139	1263
139	1280
139	1354
139	1370
139	1391
139	1403
139	1449
139	1459
139	1493
139	1494
139	1513
139	1514
139	1519
139	1533
139	1554
139	1570
139	1571
139	1572
139	1573
139	1615
139	1616
139	1631
139	1639
139	1640
139	1641
139	1648
139	1650
140	142
140	145
140	146
140	147
140	148
140	164
140	171
140	182
140	183
140	188
140	190
140	200
140	201
140	207
140	209
140	227
140	239
140	241
140	260
140	261
140	299
140	300
140	319
140	325
140	326
140	350
140	352
140	353
140	370
140	386
140	410
140	411
140	419
140	444
140	449
140	453
140	454
140	455
140	456
140	459
140	479
140	496
140	497
140	503
140	504
140	516
140	524
140	525
140	526
140	527
140	536
140	537
140	538
140	547
140	548
140	571
140	579
140	581
140	586
140	598
140	600
140	664
140	675
140	680
140	682
140	683
140	693
140	716
140	729
140	732
140	733
140	742
140	748
140	749
140	759
140	762
140	763
140	780
140	819
140	844
140	862
140	866
140	884
140	894
140	912
140	914
140	918
140	922
140	923
140	929
140	944
140	967
140	969
140	970
140	971
140	972
140	973
140	975
140	1003
140	1022
140	1023
140	1029
140	1030
140	1031
140	1047
140	1048
140	1062
140	1066
140	1073
140	1074
140	1075
140	1079
140	1080
140	1081
140	1083
140	1093
140	1098
140	1111
140	1112
140	1117
140	1118
140	1191
140	1192
140	1234
140	1253
140	1254
140	1263
140	1265
140	1352
140	1355
140	1389
140	1392
140	1412
140	1413
140	1419
140	1426
140	1442
140	1443
140	1495
140	1496
140	1497
140	1513
140	1514
140	1519
140	1534
140	1555
140	1556
140	1557
140	1569
140	1570
140	1571
140	1572
140	1573
140	1607
140	1613
140	1617
140	1618
140	1619
140	1639
140	1640
140	1641
141	142
141	143
141	144
141	149
141	157
141	167
141	180
141	181
141	189
141	198
141	208
141	214
141	215
141	218
141	240
141	244
141	245
141	272
141	303
141	304
141	321
141	323
141	334
141	360
141	364
141	382
141	391
141	403
141	404
141	415
141	423
141	432
141	447
141	450
141	458
141	459
141	460
141	461
141	462
141	480
141	487
141	488
141	489
141	515
141	516
141	517
141	518
141	530
141	531
141	532
141	533
141	539
141	558
141	570
141	580
141	588
141	599
141	666
141	670
141	677
141	680
141	696
141	701
141	711
141	712
141	713
141	718
141	727
141	730
141	731
141	748
141	757
141	760
141	761
141	772
141	773
141	774
141	779
141	792
141	809
141	826
141	838
141	848
141	858
141	872
141	881
141	882
141	885
141	900
141	918
141	925
141	931
141	932
141	934
141	949
141	956
141	966
141	968
141	969
141	984
141	985
141	986
141	997
141	998
141	999
141	1001
141	1006
141	1024
141	1025
141	1042
141	1050
141	1051
141	1058
141	1072
141	1073
141	1076
141	1077
141	1078
141	1089
141	1102
141	1106
141	1107
141	1109
141	1114
141	1115
141	1118
141	1200
141	1201
141	1202
141	1203
141	1233
141	1260
141	1261
141	1264
141	1276
141	1277
141	1359
141	1365
141	1401
141	1411
141	1419
141	1423
141	1431
141	1436
141	1437
141	1438
141	1441
141	1449
141	1450
141	1451
141	1455
141	1456
141	1459
141	1478
141	1479
141	1501
141	1502
141	1535
141	1536
141	1537
141	1538
141	1539
141	1540
141	1562
141	1563
141	1574
141	1575
141	1600
141	1601
141	1602
141	1621
141	1626
141	1627
141	1628
141	1636
141	1643
142	143
142	144
142	157
142	168
142	180
142	181
142	186
142	189
142	195
142	196
142	198
142	205
142	208
142	237
142	240
142	305
142	321
142	323
142	334
142	360
142	364
142	383
142	400
142	403
142	404
142	416
142	462
142	463
142	464
142	487
142	488
142	490
142	501
142	504
142	515
142	516
142	517
142	518
142	530
142	531
142	532
142	533
142	540
142	545
142	558
142	570
142	577
142	580
142	588
142	596
142	599
142	670
142	679
142	680
142	683
142	697
142	701
142	712
142	717
142	727
142	730
142	731
142	741
142	742
142	743
142	744
142	748
142	757
142	760
142	761
142	779
142	817
142	852
142	855
142	859
142	863
142	869
142	873
142	926
142	933
142	965
142	967
142	968
142	969
142	984
142	985
142	987
142	1007
142	1024
142	1025
142	1042
142	1050
142	1051
142	1058
142	1072
142	1073
142	1076
142	1077
142	1078
142	1080
142	1089
142	1096
142	1106
142	1107
142	1114
142	1115
142	1204
142	1205
142	1206
142	1231
142	1232
142	1233
142	1262
142	1264
142	1360
142	1404
142	1409
142	1411
142	1419
142	1420
142	1421
142	1426
142	1439
142	1441
142	1449
142	1478
142	1479
142	1501
142	1502
142	1503
142	1504
142	1505
142	1506
142	1535
142	1536
142	1537
142	1538
142	1541
142	1542
142	1563
142	1564
142	1565
142	1576
142	1577
142	1597
142	1600
142	1601
142	1602
142	1604
142	1629
142	1630
143	144
143	150
143	156
143	157
143	158
143	159
143	165
143	169
143	180
143	189
143	193
143	208
143	212
143	235
143	236
143	240
143	242
143	264
143	265
143	268
143	269
143	301
143	302
143	306
143	307
143	320
143	335
143	358
143	362
143	384
143	385
143	403
143	419
143	430
143	446
143	447
143	457
143	460
143	464
143	465
143	481
143	487
143	488
143	502
143	505
143	517
143	518
143	534
143	535
143	551
143	570
143	580
143	599
143	601
143	615
143	648
143	667
143	689
143	690
143	698
143	700
143	712
143	730
143	731
143	738
143	753
143	754
143	760
143	761
143	768
143	769
143	804
143	834
143	845
143	846
143	857
143	860
143	867
143	868
143	869
143	870
143	873
143	874
143	875
143	886
143	915
143	916
143	924
143	925
143	926
143	934
143	935
143	968
143	981
143	982
143	988
143	1018
143	1038
143	1049
143	1052
143	1058
143	1065
143	1073
143	1076
143	1077
143	1078
143	1085
143	1089
143	1090
143	1097
143	1098
143	1099
143	1100
143	1106
143	1107
143	1116
143	1207
143	1238
143	1263
143	1264
143	1269
143	1288
143	1331
143	1356
143	1357
143	1361
143	1362
143	1393
143	1394
143	1395
143	1396
143	1431
143	1448
143	1449
143	1478
143	1479
143	1507
143	1508
143	1509
143	1535
143	1536
143	1537
143	1538
143	1543
143	1566
143	1567
143	1578
143	1600
143	1601
143	1602
143	1610
143	1615
143	1620
143	1621
143	1622
143	1631
143	1632
143	1643
144	156
144	157
144	181
144	189
144	208
144	221
144	222
144	233
144	240
144	270
144	308
144	320
144	331
144	336
144	341
144	386
144	387
144	395
144	410
144	438
144	447
144	466
144	467
144	470
144	487
144	488
144	503
144	506
144	517
144	518
144	534
144	535
144	564
144	570
144	580
144	593
144	599
144	615
144	661
144	662
144	669
144	678
144	680
144	721
144	722
144	730
144	731
144	738
144	760
144	761
144	768
144	798
144	829
144	841
144	842
144	847
144	861
144	864
144	876
144	877
144	879
144	905
144	925
144	936
144	937
144	938
144	953
144	969
144	989
144	1012
144	1013
144	1018
144	1053
144	1058
144	1059
144	1066
144	1072
144	1073
144	1076
144	1077
144	1078
144	1089
144	1107
144	1116
144	1208
144	1209
144	1223
144	1253
144	1265
144	1266
144	1288
144	1374
144	1375
144	1404
144	1419
144	1478
144	1479
144	1510
144	1511
144	1535
144	1536
144	1537
144	1538
144	1544
144	1568
144	1579
144	1600
144	1601
144	1602
144	1604
144	1621
144	1633
144	1634
144	1635
145	146
145	147
145	148
145	149
145	164
145	170
145	174
145	182
145	183
145	184
145	190
145	200
145	209
145	217
145	227
145	241
145	260
145	275
145	299
145	300
145	309
145	312
145	322
145	337
145	351
145	365
145	377
145	392
145	410
145	411
145	417
145	418
145	434
145	448
145	466
145	468
145	469
145	470
145	471
145	479
145	482
145	496
145	497
145	507
145	508
145	519
145	524
145	525
145	526
145	527
145	536
145	537
145	538
145	541
145	548
145	571
145	581
145	590
145	600
145	616
145	643
145	668
145	679
145	683
145	699
145	706
145	716
145	729
145	732
145	733
145	749
145	756
145	759
145	762
145	763
145	765
145	777
145	780
145	794
145	827
145	856
145	862
145	876
145	878
145	879
145	884
145	887
145	888
145	902
145	919
145	936
145	938
145	939
145	945
145	946
145	950
145	967
145	970
145	974
145	1002
145	1003
145	1004
145	1005
145	1007
145	1026
145	1027
145	1054
145	1055
145	1062
145	1074
145	1075
145	1079
145	1080
145	1081
145	1093
145	1101
145	1102
145	1103
145	1111
145	1112
145	1113
145	1115
145	1117
145	1118
145	1210
145	1211
145	1234
145	1250
145	1265
145	1267
145	1268
145	1278
145	1326
145	1327
145	1352
145	1367
145	1389
145	1392
145	1397
145	1398
145	1425
145	1426
145	1437
145	1445
145	1453
145	1458
145	1459
145	1495
145	1496
145	1497
145	1512
145	1545
145	1555
145	1556
145	1557
145	1569
145	1580
145	1607
145	1617
145	1618
145	1619
145	1626
145	1636
145	1637
145	1638
145	1648
145	1650
146	147
146	148
146	160
146	164
146	171
146	178
146	182
146	183
146	188
146	190
146	200
146	207
146	209
146	227
146	239
146	241
146	257
146	258
146	260
146	271
146	294
146	295
146	299
146	300
146	310
146	311
146	322
146	337
146	351
146	365
146	384
146	410
146	411
146	419
146	428
146	449
146	465
146	472
146	473
146	474
146	475
146	476
146	479
146	483
146	496
146	497
146	503
146	520
146	524
146	525
146	526
146	527
146	536
146	537
146	538
146	547
146	548
146	571
146	579
146	581
146	590
146	598
146	600
146	616
146	643
146	669
146	675
146	680
146	682
146	683
146	700
146	718
146	729
146	732
146	733
146	749
146	759
146	762
146	763
146	780
146	843
146	856
146	857
146	862
146	874
146	880
146	884
146	887
146	892
146	911
146	913
146	914
146	915
146	927
146	940
146	941
146	942
146	943
146	966
146	967
146	969
146	971
146	975
146	1003
146	1026
146	1027
146	1054
146	1055
146	1062
146	1066
146	1074
146	1075
146	1077
146	1079
146	1080
146	1081
146	1093
146	1098
146	1104
146	1105
146	1111
146	1112
146	1117
146	1118
146	1234
146	1263
146	1265
146	1269
146	1326
146	1327
146	1348
146	1349
146	1352
146	1363
146	1364
146	1386
146	1389
146	1392
146	1399
146	1400
146	1410
146	1415
146	1440
146	1495
146	1496
146	1497
146	1512
146	1513
146	1514
146	1546
146	1555
146	1556
146	1557
146	1569
146	1570
146	1571
146	1572
146	1573
146	1590
146	1607
146	1608
146	1613
146	1617
146	1618
146	1619
146	1639
146	1640
146	1641
146	1648
147	148
147	150
147	163
147	164
147	165
147	166
147	172
147	182
147	190
147	195
147	204
147	209
147	214
147	227
147	241
147	244
147	272
147	303
147	304
147	323
147	338
147	350
147	359
147	360
147	372
147	388
147	405
147	420
147	432
147	446
147	450
147	462
147	480
147	496
147	497
147	504
147	507
147	526
147	527
147	539
147	540
147	542
147	548
147	553
147	571
147	581
147	583
147	600
147	603
147	670
147	672
147	692
147	693
147	694
147	695
147	701
147	732
147	733
147	741
147	742
147	755
147	756
147	762
147	763
147	772
147	786
147	821
147	848
147	857
147	858
147	862
147	872
147	874
147	881
147	882
147	884
147	885
147	931
147	932
147	947
147	957
147	964
147	972
147	984
147	985
147	987
147	990
147	1003
147	1008
147	1030
147	1041
147	1042
147	1062
147	1067
147	1069
147	1075
147	1079
147	1080
147	1081
147	1085
147	1093
147	1094
147	1095
147	1096
147	1098
147	1099
147	1111
147	1112
147	1119
147	1212
147	1213
147	1240
147	1241
147	1270
147	1271
147	1359
147	1365
147	1401
147	1419
147	1428
147	1436
147	1437
147	1438
147	1449
147	1450
147	1451
147	1453
147	1495
147	1496
147	1497
147	1515
147	1516
147	1520
147	1555
147	1556
147	1557
147	1574
147	1575
147	1576
147	1577
147	1581
147	1582
147	1617
147	1618
147	1619
147	1626
147	1631
147	1642
147	1643
147	1644
147	1648
148	163
148	164
148	173
148	183
148	185
148	190
148	209
148	221
148	225
148	227
148	235
148	241
148	273
148	274
148	285
148	286
148	324
148	332
148	339
148	343
148	344
148	379
148	389
148	412
148	421
148	433
148	451
148	453
148	472
148	476
148	477
148	491
148	496
148	497
148	505
148	506
148	507
148	521
148	526
148	527
148	539
148	540
148	548
148	566
148	571
148	581
148	595
148	600
148	664
148	665
148	671
148	672
148	683
148	702
148	721
148	725
148	726
148	732
148	733
148	741
148	753
148	756
148	762
148	763
148	772
148	811
148	830
148	845
148	854
148	875
148	883
148	896
148	897
148	907
148	940
148	943
148	944
148	954
148	955
148	958
148	964
148	967
148	973
148	1014
148	1015
148	1028
148	1056
148	1062
148	1063
148	1064
148	1066
148	1068
148	1069
148	1074
148	1075
148	1079
148	1080
148	1081
148	1093
148	1100
148	1112
148	1119
148	1214
148	1215
148	1255
148	1256
148	1272
148	1273
148	1341
148	1366
148	1378
148	1402
148	1404
148	1431
148	1437
148	1495
148	1496
148	1497
148	1517
148	1518
148	1547
148	1548
148	1555
148	1556
148	1557
148	1578
148	1579
148	1590
148	1607
148	1617
148	1618
148	1619
148	1645
148	1646
148	1647
149	150
149	151
149	170
149	174
149	176
149	182
149	184
149	191
149	202
149	210
149	211
149	228
149	262
149	275
149	281
149	282
149	309
149	312
149	325
149	327
149	352
149	355
149	375
149	390
149	395
149	396
149	407
149	422
149	434
149	448
149	466
149	469
149	478
149	479
149	482
149	484
149	492
149	508
149	509
149	510
149	522
149	525
149	541
149	542
149	543
149	549
149	561
149	572
149	586
149	592
149	618
149	645
149	673
149	675
149	681
149	684
149	703
149	704
149	705
149	706
149	707
149	708
149	716
149	719
149	734
149	735
149	749
149	750
149	755
149	764
149	765
149	766
149	767
149	790
149	824
149	852
149	858
149	862
149	863
149	876
149	878
149	879
149	882
149	884
149	888
149	919
149	938
149	939
149	945
149	946
149	959
149	963
149	970
149	974
149	975
149	976
149	977
149	991
149	993
149	994
149	996
149	1009
149	1029
149	1032
149	1034
149	1047
149	1048
149	1082
149	1083
149	1084
149	1085
149	1101
149	1102
149	1103
149	1105
149	1107
149	1111
149	1112
149	1113
149	1216
149	1217
149	1218
149	1219
149	1235
149	1246
149	1247
149	1266
149	1274
149	1275
149	1306
149	1307
149	1353
149	1367
149	1373
149	1390
149	1397
149	1398
149	1414
149	1415
149	1428
149	1444
149	1445
149	1446
149	1447
149	1452
149	1453
149	1454
149	1462
149	1493
149	1494
149	1519
149	1523
149	1549
149	1550
149	1554
149	1580
149	1583
149	1584
149	1585
149	1586
149	1587
149	1597
149	1615
149	1636
149	1637
149	1638
149	1643
149	1648
150	151
150	152
150	175
150	176
150	184
150	191
150	210
150	228
150	232
150	277
150	278
150	297
150	298
150	327
150	333
150	354
150	355
150	392
150	393
150	401
150	417
150	436
150	447
150	458
150	478
150	482
150	483
150	484
150	494
150	507
150	508
150	510
150	543
150	549
150	572
150	673
150	685
150	686
150	693
150	704
150	706
150	734
150	735
150	751
150	756
150	764
150	765
150	802
150	833
150	850
150	856
150	860
150	864
150	865
150	868
150	877
150	887
150	913
150	921
150	925
150	945
150	949
150	961
150	972
150	974
150	976
150	977
150	992
150	1032
150	1034
150	1036
150	1057
150	1070
150	1082
150	1083
150	1084
150	1085
150	1086
150	1087
150	1089
150	1093
150	1101
150	1102
150	1222
150	1236
150	1267
150	1278
150	1279
150	1354
150	1370
150	1391
150	1403
150	1415
150	1428
150	1437
150	1445
150	1462
150	1521
150	1523
150	1553
150	1583
150	1584
150	1585
150	1586
150	1587
150	1615
150	1621
150	1636
150	1649
150	1650
151	152
151	157
151	164
151	175
151	176
151	191
151	202
151	203
151	210
151	228
151	262
151	263
151	281
151	282
151	327
151	328
151	340
151	350
151	355
151	371
151	387
151	395
151	396
151	425
151	426
151	445
151	452
151	457
151	469
151	484
151	508
151	509
151	510
151	525
151	543
151	549
151	572
151	673
151	675
151	684
151	686
151	693
151	706
151	734
151	735
151	749
151	750
151	764
151	765
151	820
151	840
151	850
151	852
151	860
151	863
151	865
151	868
151	871
151	890
151	891
151	895
151	916
151	919
151	920
151	930
151	961
151	963
151	972
151	974
151	975
151	977
151	1010
151	1030
151	1032
151	1033
151	1034
151	1070
151	1078
151	1081
151	1082
151	1083
151	1084
151	1085
151	1086
151	1087
151	1102
151	1168
151	1169
151	1223
151	1224
151	1235
151	1266
151	1338
151	1353
151	1373
151	1390
151	1414
151	1444
151	1462
151	1521
151	1522
151	1523
151	1554
151	1583
151	1584
151	1585
151	1586
151	1587
151	1596
151	1610
151	1649
151	1650
152	155
152	159
152	166
152	175
152	190
152	191
152	210
152	224
152	227
152	228
152	232
152	247
152	248
152	250
152	251
152	277
152	278
152	283
152	284
152	289
152	290
152	298
152	314
152	317
152	318
152	327
152	330
152	348
152	349
152	355
152	357
152	367
152	381
152	392
152	393
152	398
152	414
152	424
152	426
152	428
152	429
152	436
152	439
152	441
152	456
152	471
152	475
152	484
152	494
152	497
152	508
152	510
152	527
152	543
152	563
152	568
152	620
152	660
152	663
152	672
152	673
152	674
152	675
152	676
152	685
152	686
152	695
152	704
152	706
152	708
152	724
152	732
152	733
152	734
152	735
152	751
152	764
152	765
152	783
152	814
152	831
152	839
152	843
152	844
152	846
152	849
152	850
152	851
152	853
152	864
152	865
152	866
152	870
152	877
152	880
152	891
152	892
152	893
152	894
152	895
152	902
152	903
152	904
152	910
152	921
152	923
152	942
152	951
152	957
152	959
152	960
152	961
152	962
152	964
152	974
152	975
152	976
152	977
152	980
152	992
152	1011
152	1019
152	1020
152	1021
152	1032
152	1034
152	1037
152	1059
152	1060
152	1061
152	1065
152	1067
152	1069
152	1070
152	1084
152	1085
152	1086
152	1087
152	1171
152	1227
152	1228
152	1236
152	1258
152	1259
152	1267
152	1305
152	1339
152	1340
152	1344
152	1345
152	1354
152	1370
152	1376
152	1377
152	1381
152	1382
152	1391
152	1406
152	1407
152	1408
152	1412
152	1413
152	1414
152	1415
152	1434
152	1435
152	1444
152	1445
152	1464
152	1492
152	1521
152	1523
152	1553
152	1557
152	1583
152	1584
152	1588
152	1589
152	1594
152	1595
152	1596
152	1635
152	1649
152	1650
153	154
153	155
153	160
153	162
153	167
153	174
153	177
153	178
153	179
153	192
153	199
153	211
153	216
153	219
153	229
153	246
153	273
153	274
153	285
153	286
153	335
153	336
153	341
153	358
153	368
153	376
153	399
153	408
153	430
153	431
153	433
153	451
153	453
153	472
153	492
153	493
153	498
153	511
153	512
153	522
153	523
153	528
153	550
153	559
153	573
153	582
153	589
153	677
153	687
153	696
153	707
153	709
153	714
153	715
153	736
153	737
153	747
153	766
153	767
153	775
153	776
153	778
153	793
153	810
153	845
153	854
153	875
153	883
153	896
153	897
153	901
153	935
153	941
153	943
153	944
153	978
153	983
153	991
153	995
153	998
153	1000
153	1001
153	1012
153	1038
153	1050
153	1052
153	1053
153	1060
153	1071
153	1088
153	1091
153	1092
153	1103
153	1104
153	1108
153	1109
153	1110
153	1172
153	1173
153	1229
153	1230
153	1248
153	1249
153	1341
153	1366
153	1378
153	1402
153	1424
153	1434
153	1457
153	1465
153	1466
153	1489
153	1490
153	1491
153	1524
153	1525
153	1549
153	1550
153	1551
153	1552
153	1558
153	1559
153	1590
153	1591
153	1592
153	1612
153	1613
153	1614
153	1625
153	1640
153	1647
154	155
154	160
154	161
154	162
154	166
154	169
154	192
154	194
154	211
154	213
154	229
154	230
154	234
154	243
154	249
154	260
154	261
154	266
154	267
154	300
154	315
154	331
154	342
154	369
154	377
154	378
154	404
154	425
154	431
154	432
154	433
154	440
154	455
154	461
154	474
154	485
154	486
154	492
154	493
154	494
154	495
154	522
154	523
154	550
154	552
154	565
154	573
154	582
154	594
154	602
154	622
154	647
154	687
154	688
154	691
154	698
154	704
154	720
154	736
154	737
154	739
154	740
154	751
154	752
154	766
154	767
154	770
154	771
154	805
154	840
154	844
154	848
154	866
154	871
154	872
154	897
154	900
154	901
154	923
154	927
154	928
154	929
154	930
154	932
154	976
154	979
154	981
154	983
154	1013
154	1039
154	1040
154	1060
154	1061
154	1066
154	1067
154	1068
154	1088
154	1090
154	1091
154	1092
154	1110
154	1233
154	1237
154	1239
154	1268
154	1292
154	1293
154	1343
154	1352
154	1355
154	1358
154	1380
154	1392
154	1418
154	1434
154	1444
154	1471
154	1472
154	1473
154	1474
154	1475
154	1489
154	1490
154	1491
154	1529
154	1530
154	1531
154	1532
154	1549
154	1550
154	1551
154	1552
154	1593
154	1612
154	1613
154	1614
154	1618
154	1623
154	1624
154	1625
154	1647
155	162
155	192
155	211
155	223
155	224
155	229
155	234
155	247
155	248
155	250
155	251
155	260
155	261
155	283
155	284
155	289
155	290
155	300
155	315
155	331
155	342
155	370
155	371
155	377
155	378
155	396
155	411
155	424
155	426
155	434
155	435
155	436
155	437
155	439
155	441
155	456
155	471
155	475
155	485
155	486
155	492
155	493
155	494
155	495
155	500
155	510
155	522
155	523
155	550
155	565
155	573
155	582
155	594
155	622
155	647
155	663
155	673
155	678
155	687
155	688
155	710
155	720
155	723
155	724
155	734
155	736
155	737
155	740
155	751
155	752
155	766
155	767
155	771
155	799
155	839
155	840
155	843
155	844
155	849
155	850
155	851
155	853
155	865
155	866
155	871
155	880
155	889
155	892
155	893
155	894
155	895
155	902
155	903
155	904
155	906
155	921
155	923
155	939
155	952
155	953
155	977
155	980
155	983
155	1013
155	1039
155	1040
155	1059
155	1060
155	1061
155	1069
155	1070
155	1088
155	1091
155	1092
155	1110
155	1176
155	1224
155	1234
155	1235
155	1237
155	1254
155	1268
155	1292
155	1293
155	1339
155	1340
155	1344
155	1345
155	1352
155	1355
155	1376
155	1377
155	1381
155	1382
155	1392
155	1407
155	1414
155	1430
155	1474
155	1475
155	1489
155	1490
155	1491
155	1532
155	1549
155	1550
155	1551
155	1552
155	1561
155	1586
155	1588
155	1589
155	1594
155	1595
155	1596
155	1606
155	1612
155	1613
155	1614
155	1625
156	157
156	158
156	159
156	160
156	169
156	170
156	180
156	181
156	193
156	201
156	212
156	218
156	219
156	220
156	242
156	252
156	276
156	291
156	313
156	338
156	339
156	343
156	351
156	359
156	362
156	378
156	393
156	401
156	402
156	435
156	438
156	439
156	442
156	457
156	467
156	487
156	488
156	502
156	511
156	515
156	516
156	530
156	534
156	535
156	551
156	560
156	591
156	601
156	648
156	679
156	689
156	698
156	699
156	711
156	717
156	731
156	738
156	748
156	761
156	768
156	769
156	770
156	778
156	779
156	795
156	828
156	849
156	852
156	853
156	863
156	867
156	881
156	885
156	886
156	903
156	905
156	906
156	916
156	937
156	947
156	948
156	965
156	981
156	988
156	997
156	1004
156	1006
156	1007
156	1014
156	1041
156	1049
156	1054
156	1056
156	1058
156	1065
156	1072
156	1078
156	1089
156	1090
156	1097
156	1106
156	1113
156	1114
156	1115
156	1116
156	1177
156	1178
156	1236
156	1237
156	1251
156	1279
156	1331
156	1368
156	1369
156	1383
156	1384
156	1427
156	1457
156	1460
156	1476
156	1477
156	1507
156	1508
156	1509
156	1524
156	1533
156	1534
156	1562
156	1566
156	1567
156	1597
156	1598
156	1599
156	1610
156	1630
156	1631
156	1632
157	158
157	159
157	161
157	169
157	171
157	179
157	189
157	193
157	198
157	199
157	208
157	212
157	240
157	242
157	253
157	254
157	259
157	292
157	293
157	296
157	320
157	323
157	324
157	344
157	360
157	362
157	369
157	385
157	403
157	404
157	427
157	429
157	440
157	441
157	443
157	447
157	452
157	457
157	477
157	487
157	488
157	502
157	512
157	517
157	518
157	531
157	534
157	535
157	551
157	570
157	580
157	599
157	601
157	615
157	648
157	667
157	680
157	690
157	700
157	712
157	730
157	731
157	738
157	739
157	747
157	760
157	761
157	768
157	769
157	785
157	841
157	854
157	855
157	858
157	859
157	860
157	861
157	868
157	882
157	883
157	893
157	907
157	908
157	909
157	910
157	916
157	917
157	920
157	925
157	928
157	968
157	969
157	982
157	1015
157	1018
157	1028
157	1042
157	1049
157	1058
157	1065
157	1071
157	1073
157	1076
157	1077
157	1078
157	1084
157	1089
157	1090
157	1097
157	1107
157	1116
157	1179
157	1233
157	1238
157	1239
157	1264
157	1288
157	1331
157	1346
157	1347
157	1350
157	1351
157	1387
157	1388
157	1411
157	1424
157	1441
157	1478
157	1479
157	1507
157	1508
157	1509
157	1525
157	1535
157	1536
157	1537
157	1538
157	1563
157	1566
157	1567
157	1600
157	1601
157	1602
157	1609
157	1610
157	1611
157	1621
157	1631
157	1632
158	159
158	162
158	167
158	168
158	169
158	172
158	193
158	196
158	205
158	206
158	212
158	215
158	236
158	237
158	238
158	242
158	245
158	305
158	316
158	332
158	345
158	361
158	372
158	384
158	385
158	388
158	405
158	420
158	442
158	463
158	489
158	490
158	501
158	502
158	513
158	532
158	534
158	535
158	551
158	554
158	567
158	584
158	601
158	604
158	661
158	667
158	687
158	689
158	690
158	696
158	697
158	698
158	701
158	722
158	738
158	743
158	744
158	754
158	757
158	758
158	768
158	769
158	773
158	774
158	787
158	822
158	835
158	855
158	859
158	864
158	869
158	873
158	877
158	898
158	933
158	948
158	981
158	982
158	983
158	984
158	986
158	987
158	988
158	989
158	998
158	1016
158	1043
158	1044
158	1065
158	1078
158	1088
158	1089
158	1090
158	1094
158	1096
158	1097
158	1116
158	1180
158	1238
158	1240
158	1241
158	1269
158	1270
158	1271
158	1360
158	1419
158	1420
158	1421
158	1430
158	1439
158	1448
158	1450
158	1451
158	1457
158	1480
158	1481
158	1482
158	1507
158	1508
158	1509
158	1526
158	1539
158	1540
158	1541
158	1542
158	1543
158	1564
158	1566
158	1567
158	1603
158	1604
158	1630
158	1631
158	1632
158	1635
159	169
159	173
159	186
159	187
159	193
159	212
159	222
159	226
159	236
159	242
159	255
159	256
159	287
159	288
159	316
159	332
159	345
159	361
159	366
159	373
159	374
159	380
159	384
159	385
159	397
159	406
159	413
159	443
159	444
159	445
159	454
159	457
159	473
159	489
159	490
159	502
159	514
159	533
159	534
159	535
159	551
159	567
159	601
159	662
159	666
159	667
159	689
159	690
159	698
159	702
159	713
159	722
159	727
159	728
159	738
159	744
159	754
159	768
159	769
159	774
159	781
159	800
159	812
159	842
159	846
159	847
159	850
159	865
159	870
159	890
159	898
159	899
159	908
159	911
159	912
159	916
159	922
159	954
159	956
159	981
159	982
159	988
159	999
159	1016
159	1043
159	1044
159	1063
159	1065
159	1070
159	1078
159	1089
159	1090
159	1097
159	1116
159	1181
159	1182
159	1183
159	1225
159	1226
159	1238
159	1242
159	1243
159	1244
159	1245
159	1257
159	1269
159	1342
159	1379
159	1385
159	1405
159	1409
159	1422
159	1424
159	1432
159	1448
159	1482
159	1507
159	1508
159	1509
159	1527
159	1528
159	1543
159	1544
159	1565
159	1566
159	1567
159	1596
159	1605
159	1606
159	1610
159	1631
159	1632
160	161
160	162
160	171
160	174
160	177
160	178
160	183
160	194
160	212
160	213
160	217
160	230
160	242
160	243
160	257
160	258
160	271
160	294
160	295
160	310
160	311
160	346
160	347
160	352
160	362
160	375
160	390
160	407
160	422
160	428
160	446
160	449
160	453
160	465
160	476
160	483
160	485
160	486
160	491
160	502
160	511
160	519
160	520
160	534
160	552
160	557
160	587
160	602
160	623
160	650
160	681
160	691
160	703
160	709
160	710
160	714
160	726
160	739
160	740
160	768
160	769
160	770
160	771
160	777
160	778
160	791
160	808
160	825
160	837
160	843
160	856
160	857
160	874
160	880
160	887
160	909
160	913
160	914
160	915
160	940
160	941
160	942
160	944
160	952
160	979
160	994
160	995
160	996
160	1000
160	1017
160	1047
160	1049
160	1059
160	1074
160	1075
160	1088
160	1091
160	1092
160	1103
160	1104
160	1105
160	1108
160	1110
160	1116
160	1138
160	1184
160	1185
160	1246
160	1247
160	1274
160	1275
160	1312
160	1313
160	1348
160	1349
160	1363
160	1364
160	1386
160	1399
160	1400
160	1430
160	1433
160	1448
160	1454
160	1457
160	1471
160	1472
160	1473
160	1483
160	1484
160	1529
160	1530
160	1531
160	1545
160	1546
160	1566
160	1593
160	1601
160	1607
160	1608
160	1618
160	1639
160	1640
160	1641
160	1647
161	162
161	179
161	185
161	193
161	194
161	198
161	199
161	213
161	225
161	230
161	243
161	253
161	254
161	259
161	292
161	293
161	296
161	320
161	323
161	324
161	331
161	346
161	347
161	353
161	368
161	369
161	376
161	399
161	404
161	408
161	427
161	429
161	432
161	433
161	440
161	441
161	443
161	447
161	454
161	457
161	477
161	485
161	486
161	491
161	512
161	521
161	535
161	544
161	552
161	568
161	569
161	576
161	602
161	611
161	623
161	650
161	677
161	678
161	725
161	726
161	738
161	739
161	740
161	747
161	770
161	771
161	784
161	785
161	801
161	816
161	841
161	854
161	855
161	858
161	859
161	860
161	861
161	868
161	882
161	883
161	893
161	897
161	907
161	908
161	909
161	910
161	912
161	916
161	917
161	925
161	928
161	932
161	941
161	953
161	1001
161	1013
161	1015
161	1018
161	1022
161	1042
161	1059
161	1071
161	1076
161	1077
161	1078
161	1088
161	1091
161	1092
161	1109
161	1179
161	1186
161	1187
161	1188
161	1229
161	1230
161	1233
161	1239
161	1248
161	1249
161	1291
161	1312
161	1313
161	1346
161	1347
161	1350
161	1351
161	1387
161	1388
161	1411
161	1418
161	1423
161	1424
161	1433
161	1438
161	1464
161	1471
161	1472
161	1473
161	1485
161	1486
161	1487
161	1488
161	1525
161	1529
161	1530
161	1531
161	1547
161	1548
161	1563
161	1567
161	1586
161	1589
161	1593
161	1600
161	1601
161	1602
161	1606
161	1609
161	1610
161	1611
161	1624
161	1640
162	175
162	192
162	194
162	211
162	213
162	229
162	230
162	233
162	234
162	243
162	260
162	261
162	299
162	300
162	317
162	329
162	330
162	333
162	348
162	356
162	357
162	363
162	369
162	377
162	378
162	402
162	418
162	444
162	448
162	449
162	450
162	451
162	455
162	459
162	479
162	485
162	486
162	492
162	493
162	494
162	495
162	513
162	522
162	523
162	550
162	552
162	568
162	573
162	582
162	602
162	663
162	687
162	688
162	691
162	698
162	704
162	715
162	720
162	736
162	737
162	739
162	740
162	751
162	752
162	758
162	766
162	767
162	770
162	771
162	803
162	844
162	862
162	866
162	884
162	896
162	914
162	918
162	922
162	923
162	929
162	931
162	941
162	946
162	976
162	978
162	979
162	980
162	981
162	983
162	1019
162	1020
162	1035
162	1036
162	1037
162	1045
162	1046
162	1060
162	1061
162	1086
162	1088
162	1091
162	1092
162	1097
162	1110
162	1189
162	1237
162	1239
162	1250
162	1251
162	1268
162	1352
162	1355
162	1389
162	1392
162	1416
162	1417
162	1430
162	1446
162	1447
162	1464
162	1471
162	1472
162	1473
162	1489
162	1490
162	1491
162	1529
162	1530
162	1531
162	1532
162	1549
162	1550
162	1551
162	1552
162	1568
162	1593
162	1612
162	1613
162	1614
162	1618
162	1625
162	1640
163	164
163	165
163	166
163	167
163	170
163	172
163	182
163	183
163	195
163	202
163	214
163	220
163	244
163	277
163	278
163	297
163	298
163	350
163	394
163	409
163	436
163	452
163	458
163	478
163	480
163	496
163	497
163	504
163	515
163	524
163	525
163	539
163	540
163	553
163	561
163	583
163	592
163	603
163	692
163	701
163	718
163	733
163	741
163	742
163	749
163	763
163	772
163	773
163	779
163	780
163	796
163	850
163	856
163	864
163	865
163	877
163	887
163	920
163	921
163	949
163	966
163	984
163	986
163	1002
163	1008
163	1030
163	1062
163	1067
163	1074
163	1081
163	1093
163	1094
163	1095
163	1099
163	1100
163	1111
163	1113
163	1117
163	1118
163	1119
163	1190
163	1252
163	1280
163	1354
163	1370
163	1391
163	1403
163	1441
163	1450
163	1460
163	1493
163	1494
163	1515
163	1516
163	1520
163	1533
163	1554
163	1574
163	1575
163	1576
163	1577
163	1615
163	1616
163	1632
163	1642
163	1643
163	1644
164	165
164	166
164	168
164	171
164	172
164	190
164	195
164	200
164	201
164	209
164	214
164	227
164	241
164	244
164	260
164	261
164	299
164	300
164	319
164	325
164	326
164	340
164	350
164	352
164	353
164	370
164	386
164	410
164	411
164	444
164	453
164	454
164	455
164	456
164	459
164	465
164	479
164	480
164	496
164	497
164	504
164	507
164	516
164	526
164	527
164	536
164	539
164	540
164	548
164	553
164	571
164	581
164	583
164	600
164	603
164	664
164	670
164	672
164	682
164	683
164	693
164	716
164	732
164	733
164	741
164	742
164	743
164	748
164	756
164	762
164	763
164	772
164	819
164	844
164	848
164	857
164	862
164	866
164	872
164	874
164	884
164	894
164	912
164	915
164	918
164	922
164	923
164	929
164	944
164	964
164	967
164	970
164	971
164	972
164	973
164	985
164	987
164	1003
164	1022
164	1023
164	1029
164	1030
164	1031
164	1033
164	1047
164	1048
164	1062
164	1067
164	1068
164	1069
164	1075
164	1079
164	1080
164	1081
164	1084
164	1093
164	1094
164	1095
164	1099
164	1112
164	1119
164	1191
164	1192
164	1234
164	1253
164	1254
164	1265
164	1352
164	1355
164	1389
164	1392
164	1411
164	1412
164	1413
164	1420
164	1427
164	1437
164	1442
164	1443
164	1495
164	1496
164	1497
164	1515
164	1516
164	1520
164	1534
164	1555
164	1556
164	1557
164	1569
164	1574
164	1575
164	1576
164	1577
164	1593
164	1608
164	1614
164	1617
164	1618
164	1619
164	1642
164	1643
164	1644
165	166
165	169
165	170
165	171
165	172
165	173
165	195
165	197
165	207
165	208
165	214
165	216
165	231
165	239
165	240
165	244
165	246
165	264
165	265
165	268
165	269
165	272
165	301
165	302
165	304
165	306
165	307
165	323
165	360
165	362
165	373
165	379
165	380
165	389
165	412
165	413
165	421
165	430
165	432
165	446
165	447
165	457
165	460
165	464
165	481
165	487
165	498
165	499
165	500
165	504
165	505
165	506
165	517
165	528
165	529
165	537
165	539
165	540
165	553
165	555
165	574
165	583
165	585
165	603
165	605
165	626
165	670
165	680
165	685
165	689
165	694
165	699
165	700
165	701
165	702
165	712
165	721
165	723
165	741
165	742
165	745
165	746
165	753
165	759
165	760
165	761
165	772
165	775
165	776
165	788
165	806
165	823
165	836
165	845
165	846
165	848
165	857
165	860
165	867
165	868
165	869
165	870
165	872
165	873
165	874
165	875
165	886
165	916
165	924
165	925
165	926
165	932
165	934
165	935
165	954
165	968
165	969
165	984
165	985
165	988
165	990
165	992
165	1004
165	1042
165	1049
165	1063
165	1064
165	1067
165	1068
165	1081
165	1089
165	1090
165	1093
165	1094
165	1095
165	1098
165	1099
165	1100
165	1113
165	1119
165	1193
165	1194
165	1195
165	1242
165	1243
165	1255
165	1256
165	1257
165	1272
165	1273
165	1301
165	1356
165	1357
165	1359
165	1361
165	1362
165	1365
165	1393
165	1394
165	1395
165	1396
165	1411
165	1419
165	1422
165	1431
165	1432
165	1440
165	1441
165	1449
165	1460
165	1498
165	1499
165	1500
165	1515
165	1516
165	1535
165	1536
165	1558
165	1559
165	1560
165	1570
165	1571
165	1574
165	1575
165	1576
165	1577
165	1593
165	1620
165	1621
165	1622
165	1627
165	1631
165	1632
165	1642
165	1643
165	1644
166	172
166	173
166	188
166	189
166	195
166	214
166	223
166	244
166	249
166	266
166	267
166	272
166	304
166	320
166	323
166	346
166	347
166	350
166	360
166	367
166	381
166	398
166	414
166	425
166	431
166	432
166	440
166	455
166	461
166	474
166	488
166	498
166	499
166	500
166	503
166	504
166	505
166	506
166	518
166	538
166	539
166	540
166	553
166	583
166	603
166	626
166	661
166	665
166	668
166	669
166	670
166	671
166	680
166	686
166	695
166	701
166	712
166	721
166	723
166	729
166	730
166	731
166	741
166	742
166	746
166	753
166	772
166	776
166	782
166	813
166	840
166	845
166	848
166	871
166	872
166	875
166	900
166	901
166	909
166	927
166	928
166	929
166	930
166	932
166	941
166	955
166	957
166	958
166	961
166	968
166	969
166	984
166	985
166	989
166	1005
166	1017
166	1018
166	1030
166	1042
166	1063
166	1064
166	1066
166	1067
166	1068
166	1070
166	1081
166	1091
166	1092
166	1093
166	1094
166	1095
166	1099
166	1100
166	1119
166	1196
166	1197
166	1198
166	1199
166	1227
166	1228
166	1258
166	1259
166	1301
166	1343
166	1358
166	1359
166	1365
166	1380
166	1405
166	1406
166	1410
166	1411
166	1419
166	1427
166	1433
166	1434
166	1435
166	1441
166	1449
166	1515
166	1516
166	1537
166	1538
166	1561
166	1572
166	1573
166	1574
166	1575
166	1576
166	1577
166	1591
166	1593
166	1614
166	1623
166	1624
166	1625
166	1632
166	1642
166	1643
166	1644
167	168
167	169
167	174
167	180
167	196
167	198
167	214
167	215
167	218
167	244
167	245
167	272
167	303
167	304
167	321
167	334
167	341
167	364
167	382
167	391
167	415
167	423
167	432
167	450
167	458
167	459
167	460
167	461
167	462
167	463
167	466
167	480
167	489
167	490
167	501
167	515
167	530
167	531
167	539
167	554
167	558
167	584
167	588
167	596
167	604
167	653
167	666
167	696
167	711
167	712
167	713
167	743
167	744
167	772
167	773
167	774
167	779
167	792
167	801
167	809
167	826
167	838
167	848
167	858
167	869
167	872
167	873
167	876
167	879
167	881
167	882
167	885
167	900
167	918
167	931
167	932
167	934
167	938
167	949
167	956
167	968
167	986
167	987
167	997
167	998
167	999
167	1006
167	1024
167	1025
167	1050
167	1051
167	1053
167	1076
167	1090
167	1096
167	1097
167	1103
167	1106
167	1107
167	1110
167	1114
167	1119
167	1186
167	1200
167	1201
167	1202
167	1203
167	1260
167	1261
167	1276
167	1277
167	1320
167	1330
167	1359
167	1365
167	1401
167	1420
167	1423
167	1432
167	1436
167	1437
167	1438
167	1449
167	1450
167	1451
167	1455
167	1456
167	1460
167	1480
167	1481
167	1501
167	1502
167	1503
167	1504
167	1539
167	1540
167	1541
167	1542
167	1562
167	1563
167	1574
167	1575
167	1603
167	1604
167	1609
167	1622
167	1626
167	1627
167	1628
167	1629
167	1637
167	1644
168	169
168	181
168	186
168	195
168	196
168	205
168	215
168	237
168	245
168	305
168	321
168	332
168	334
168	364
168	383
168	400
168	416
168	462
168	463
168	464
168	467
168	489
168	490
168	501
168	504
168	516
168	532
168	533
168	540
168	545
168	554
168	577
168	584
168	596
168	604
168	627
168	679
168	680
168	697
168	717
168	727
168	741
168	742
168	743
168	744
168	748
168	757
168	773
168	774
168	817
168	855
168	859
168	869
168	873
168	898
168	905
168	926
168	933
168	965
168	969
168	986
168	987
168	1007
168	1024
168	1025
168	1050
168	1051
168	1072
168	1073
168	1077
168	1081
168	1090
168	1096
168	1097
168	1115
168	1175
168	1204
168	1205
168	1206
168	1231
168	1232
168	1262
168	1298
168	1360
168	1405
168	1409
168	1419
168	1420
168	1421
168	1427
168	1439
168	1450
168	1480
168	1481
168	1503
168	1504
168	1505
168	1506
168	1539
168	1540
168	1541
168	1542
168	1564
168	1565
168	1576
168	1577
168	1598
168	1603
168	1604
168	1629
168	1630
169	175
169	193
169	196
169	212
169	215
169	235
169	236
169	242
169	245
169	264
169	265
169	268
169	269
169	301
169	302
169	306
169	307
169	335
169	342
169	358
169	384
169	385
169	403
169	419
169	430
169	446
169	447
169	460
169	464
169	465
169	481
169	489
169	490
169	502
169	505
169	517
169	534
169	535
169	551
169	554
169	584
169	601
169	604
169	667
169	687
169	689
169	690
169	698
169	701
169	722
169	738
169	743
169	744
169	753
169	754
169	760
169	768
169	769
169	773
169	774
169	804
169	834
169	845
169	846
169	857
169	860
169	864
169	867
169	868
169	869
169	870
169	873
169	874
169	875
169	877
169	886
169	915
169	924
169	925
169	926
169	934
169	935
169	981
169	982
169	983
169	984
169	988
169	1038
169	1039
169	1050
169	1052
169	1065
169	1078
169	1086
169	1089
169	1090
169	1091
169	1096
169	1097
169	1098
169	1099
169	1100
169	1116
169	1207
169	1238
169	1263
169	1264
169	1269
169	1356
169	1357
169	1360
169	1361
169	1362
169	1393
169	1394
169	1395
169	1396
169	1432
169	1441
169	1448
169	1450
169	1480
169	1481
169	1507
169	1508
169	1509
169	1539
169	1540
169	1541
169	1542
169	1543
169	1566
169	1567
169	1578
169	1603
169	1604
169	1620
169	1621
169	1622
169	1631
169	1632
169	1644
170	171
170	172
170	173
170	174
170	182
170	184
170	197
170	200
170	216
170	217
170	231
170	246
170	275
170	309
170	312
170	322
170	337
170	343
170	351
170	358
170	365
170	377
170	392
170	417
170	418
170	434
170	448
170	458
170	465
170	466
170	468
170	469
170	470
170	471
170	472
170	473
170	482
170	498
170	499
170	503
170	519
170	522
170	528
170	529
170	536
170	541
170	555
170	574
170	585
170	586
170	590
170	598
170	605
170	628
170	629
170	654
170	668
170	694
170	699
170	707
170	716
170	745
170	746
170	766
170	775
170	776
170	777
170	794
170	827
170	834
170	862
170	876
170	878
170	879
170	884
170	888
170	902
170	911
170	915
170	919
170	936
170	938
170	939
170	943
170	945
170	946
170	949
170	950
170	970
170	990
170	991
170	1002
170	1003
170	1004
170	1005
170	1026
170	1027
170	1052
170	1054
170	1055
170	1056
170	1063
170	1066
170	1079
170	1094
170	1095
170	1098
170	1099
170	1100
170	1101
170	1102
170	1103
170	1111
170	1112
170	1113
170	1116
170	1117
170	1119
170	1207
170	1210
170	1211
170	1250
170	1267
170	1268
170	1278
170	1302
170	1328
170	1329
170	1367
170	1397
170	1398
170	1425
170	1426
170	1438
170	1446
170	1448
170	1454
170	1458
170	1459
170	1498
170	1499
170	1500
170	1512
170	1513
170	1519
170	1545
170	1558
170	1559
170	1560
170	1569
170	1580
170	1608
170	1620
170	1621
170	1622
170	1627
170	1636
170	1637
170	1638
170	1639
170	1648
171	172
171	173
171	178
171	183
171	188
171	197
171	207
171	216
171	231
171	239
171	246
171	257
171	258
171	271
171	294
171	295
171	310
171	311
171	322
171	337
171	344
171	351
171	358
171	365
171	384
171	419
171	428
171	446
171	449
171	459
171	465
171	472
171	473
171	474
171	475
171	476
171	483
171	498
171	499
171	503
171	520
171	523
171	528
171	529
171	537
171	538
171	547
171	555
171	557
171	574
171	579
171	585
171	587
171	598
171	605
171	613
171	628
171	654
171	669
171	682
171	683
171	700
171	718
171	729
171	736
171	745
171	746
171	759
171	775
171	776
171	804
171	805
171	843
171	856
171	857
171	874
171	880
171	887
171	892
171	911
171	913
171	914
171	915
171	918
171	927
171	940
171	941
171	942
171	943
171	966
171	967
171	971
171	1017
171	1026
171	1027
171	1028
171	1052
171	1054
171	1055
171	1063
171	1064
171	1066
171	1074
171	1075
171	1078
171	1080
171	1081
171	1094
171	1098
171	1099
171	1100
171	1104
171	1105
171	1113
171	1118
171	1263
171	1269
171	1290
171	1300
171	1322
171	1328
171	1329
171	1348
171	1349
171	1363
171	1364
171	1386
171	1399
171	1400
171	1410
171	1416
171	1440
171	1448
171	1483
171	1484
171	1498
171	1499
171	1500
171	1513
171	1514
171	1546
171	1558
171	1559
171	1560
171	1570
171	1571
171	1572
171	1573
171	1591
171	1607
171	1608
171	1614
171	1620
171	1621
171	1622
171	1631
171	1639
171	1640
171	1641
172	173
172	175
172	195
172	197
172	204
172	214
172	216
172	231
172	244
172	246
172	272
172	303
172	304
172	323
172	338
172	345
172	351
172	359
172	360
172	372
172	388
172	405
172	420
172	432
172	450
172	460
172	462
172	480
172	498
172	499
172	500
172	504
172	505
172	506
172	507
172	528
172	529
172	539
172	540
172	542
172	553
172	555
172	574
172	583
172	585
172	603
172	605
172	670
172	685
172	689
172	692
172	693
172	694
172	695
172	701
172	721
172	723
172	741
172	742
172	745
172	746
172	753
172	755
172	756
172	772
172	775
172	776
172	786
172	821
172	848
172	858
172	872
172	881
172	882
172	885
172	931
172	932
172	934
172	947
172	957
172	972
172	984
172	985
172	988
172	990
172	992
172	1008
172	1041
172	1042
172	1043
172	1054
172	1063
172	1064
172	1067
172	1068
172	1081
172	1086
172	1093
172	1094
172	1095
172	1097
172	1098
172	1099
172	1100
172	1113
172	1119
172	1212
172	1213
172	1240
172	1241
172	1270
172	1271
172	1359
172	1365
172	1401
172	1419
172	1422
172	1436
172	1437
172	1438
172	1449
172	1450
172	1451
172	1454
172	1498
172	1499
172	1500
172	1515
172	1516
172	1558
172	1559
172	1560
172	1574
172	1575
172	1576
172	1577
172	1581
172	1582
172	1620
172	1621
172	1622
172	1627
172	1632
172	1642
172	1643
172	1644
173	185
173	197
173	216
173	221
173	225
173	231
173	235
173	246
173	273
173	274
173	285
173	286
173	324
173	339
173	343
173	344
173	379
173	389
173	412
173	421
173	433
173	451
173	453
173	461
173	465
173	472
173	476
173	477
173	491
173	498
173	499
173	500
173	504
173	505
173	506
173	521
173	528
173	529
173	555
173	566
173	574
173	585
173	595
173	605
173	664
173	665
173	671
173	690
173	694
173	702
173	721
173	723
173	725
173	726
173	742
173	745
173	746
173	753
173	775
173	776
173	811
173	830
173	845
173	848
173	854
173	872
173	875
173	883
173	896
173	897
173	900
173	907
173	915
173	940
173	943
173	944
173	954
173	955
173	958
173	973
173	990
173	1014
173	1015
173	1028
173	1056
173	1062
173	1063
173	1064
173	1065
173	1067
173	1068
173	1094
173	1095
173	1098
173	1099
173	1100
173	1113
173	1214
173	1215
173	1255
173	1256
173	1272
173	1273
173	1341
173	1366
173	1378
173	1402
173	1404
173	1422
173	1431
173	1438
173	1498
173	1499
173	1500
173	1517
173	1518
173	1547
173	1548
173	1558
173	1559
173	1560
173	1578
173	1579
173	1591
173	1593
173	1608
173	1620
173	1621
173	1622
173	1645
173	1646
173	1647
174	175
174	176
174	182
174	184
174	200
174	210
174	211
174	217
174	260
174	275
174	309
174	312
174	325
174	341
174	346
174	352
174	353
174	375
174	377
174	390
174	407
174	418
174	422
174	434
174	448
174	453
174	454
174	462
174	466
174	467
174	478
174	479
174	482
174	492
174	507
174	508
174	519
174	522
174	523
174	536
174	541
174	543
174	556
174	571
174	575
174	586
174	590
174	593
174	594
174	600
174	616
174	630
174	643
174	646
174	647
174	656
174	703
174	705
174	706
174	707
174	708
174	715
174	719
174	736
174	756
174	764
174	765
174	766
174	767
174	777
174	790
174	794
174	808
174	824
174	827
174	829
174	862
174	876
174	878
174	879
174	884
174	888
174	905
174	912
174	938
174	939
174	944
174	945
174	946
174	959
174	974
174	978
174	991
174	993
174	994
174	1009
174	1022
174	1029
174	1047
174	1048
174	1053
174	1069
174	1082
174	1086
174	1087
174	1101
174	1102
174	1103
174	1110
174	1111
174	1112
174	1113
174	1185
174	1208
174	1210
174	1211
174	1216
174	1217
174	1218
174	1219
174	1246
174	1247
174	1250
174	1268
174	1274
174	1275
174	1292
174	1308
174	1324
174	1326
174	1327
174	1333
174	1367
174	1392
174	1397
174	1398
174	1416
174	1445
174	1446
174	1447
174	1452
174	1453
174	1454
174	1463
174	1474
174	1495
174	1496
174	1510
174	1512
174	1519
174	1545
174	1549
174	1550
174	1569
174	1580
174	1583
174	1584
174	1598
174	1607
174	1617
174	1636
174	1637
174	1638
174	1644
174	1648
175	210
175	232
175	277
175	278
175	297
175	298
175	327
175	348
175	352
175	354
175	355
175	392
175	393
175	401
175	417
175	436
175	458
175	464
175	466
175	478
175	482
175	483
175	494
175	508
175	522
175	543
175	556
175	575
175	673
175	685
175	686
175	691
175	694
175	704
175	724
175	751
175	764
175	765
175	766
175	802
175	833
175	850
175	856
175	864
175	865
175	869
175	873
175	877
175	887
175	913
175	921
175	926
175	938
175	945
175	949
175	961
175	976
175	977
175	979
175	990
175	992
175	1032
175	1034
175	1037
175	1047
175	1057
175	1070
175	1084
175	1085
175	1086
175	1087
175	1088
175	1090
175	1094
175	1103
175	1222
175	1236
175	1267
175	1278
175	1279
175	1354
175	1370
175	1391
175	1403
175	1415
175	1438
175	1445
175	1446
175	1463
175	1521
175	1553
175	1583
175	1584
175	1622
175	1637
175	1649
175	1650
176	182
176	183
176	184
176	191
176	202
176	203
176	228
176	262
176	263
176	281
176	282
176	312
176	327
176	328
176	340
176	354
176	355
176	357
176	365
176	371
176	387
176	395
176	396
176	422
176	425
176	426
176	445
176	452
176	468
176	469
176	471
176	482
176	483
176	484
176	509
176	510
176	524
176	525
176	527
176	529
176	541
176	542
176	549
176	572
176	586
176	675
176	681
176	684
176	705
176	706
176	708
176	716
176	719
176	732
176	734
176	735
176	745
176	749
176	750
176	755
176	780
176	820
176	840
176	852
176	858
176	863
176	871
176	878
176	882
176	888
176	890
176	891
176	895
176	902
176	913
176	919
176	920
176	930
176	945
176	950
176	959
176	963
176	970
176	974
176	975
176	993
176	996
176	1009
176	1010
176	1019
176	1026
176	1029
176	1032
176	1033
176	1034
176	1057
176	1069
176	1074
176	1076
176	1079
176	1082
176	1083
176	1084
176	1085
176	1101
176	1102
176	1103
176	1111
176	1168
176	1169
176	1223
176	1224
176	1235
176	1246
176	1266
176	1338
176	1353
176	1373
176	1390
176	1397
176	1412
176	1414
176	1444
176	1445
176	1452
176	1462
176	1519
176	1522
176	1523
176	1554
176	1580
176	1585
176	1586
176	1587
176	1594
176	1636
176	1648
177	178
177	179
177	180
177	199
177	216
177	217
177	219
177	246
177	273
177	274
177	285
177	286
177	294
177	295
177	335
177	336
177	341
177	351
177	358
177	368
177	376
177	399
177	407
177	408
177	430
177	431
177	433
177	451
177	453
177	465
177	472
177	473
177	474
177	476
177	498
177	511
177	512
177	513
177	514
177	519
177	520
177	521
177	524
177	528
177	557
177	559
177	587
177	589
177	677
177	709
177	714
177	715
177	719
177	725
177	728
177	747
177	758
177	775
177	776
177	777
177	778
177	780
177	793
177	810
177	845
177	854
177	875
177	883
177	896
177	897
177	901
177	911
177	915
177	927
177	935
177	940
177	943
177	944
177	978
177	993
177	995
177	997
177	1000
177	1001
177	1012
177	1038
177	1052
177	1053
177	1054
177	1071
177	1104
177	1105
177	1106
177	1108
177	1109
177	1110
177	1172
177	1173
177	1229
177	1230
177	1248
177	1249
177	1274
177	1341
177	1363
177	1366
177	1378
177	1399
177	1402
177	1424
177	1448
177	1457
177	1465
177	1466
177	1483
177	1484
177	1524
177	1525
177	1545
177	1546
177	1558
177	1559
177	1590
177	1591
177	1592
177	1607
177	1608
177	1623
177	1639
177	1645
178	179
178	183
178	184
178	199
178	212
178	213
178	217
178	219
178	242
178	243
178	257
178	258
178	271
178	294
178	295
178	310
178	311
178	346
178	362
178	363
178	375
178	390
178	399
178	407
178	422
178	428
178	446
178	449
178	457
178	465
178	472
178	476
178	483
178	485
178	502
178	511
178	512
178	513
178	514
178	519
178	520
178	521
178	530
178	534
178	557
178	559
178	587
178	589
178	681
178	709
178	710
178	714
178	715
178	719
178	725
178	728
178	747
178	758
178	768
178	769
178	770
178	771
178	777
178	778
178	791
178	808
178	825
178	837
178	843
178	856
178	857
178	874
178	880
178	887
178	913
178	914
178	915
178	916
178	940
178	941
178	942
178	943
178	952
178	978
178	993
178	995
178	996
178	997
178	1000
178	1017
178	1035
178	1049
178	1071
178	1074
178	1075
178	1101
178	1104
178	1105
178	1108
178	1109
178	1110
178	1114
178	1184
178	1185
178	1246
178	1247
178	1248
178	1274
178	1275
178	1348
178	1349
178	1363
178	1364
178	1386
178	1399
178	1400
178	1448
178	1454
178	1455
178	1465
178	1466
178	1483
178	1484
178	1524
178	1525
178	1529
178	1545
178	1546
178	1566
178	1590
178	1591
178	1592
178	1607
178	1608
178	1639
178	1640
178	1641
178	1645
179	185
179	193
179	194
179	199
179	219
179	225
179	230
179	253
179	254
179	259
179	292
179	293
179	296
179	320
179	347
179	362
179	368
179	376
179	399
179	408
179	427
179	429
179	443
179	447
179	457
179	473
179	477
179	486
179	491
179	511
179	512
179	513
179	514
179	519
179	520
179	521
179	531
179	535
179	544
179	559
179	569
179	576
179	589
179	677
179	678
179	714
179	725
179	726
179	728
179	738
179	739
179	740
179	747
179	758
179	777
179	778
179	784
179	801
179	816
179	841
179	854
179	855
179	858
179	859
179	860
179	861
179	868
179	882
179	883
179	907
179	908
179	909
179	910
179	911
179	916
179	917
179	925
179	953
179	995
179	1001
179	1018
179	1049
179	1059
179	1071
179	1076
179	1077
179	1078
179	1104
179	1105
179	1108
179	1109
179	1110
179	1186
179	1187
179	1188
179	1229
179	1230
179	1248
179	1249
179	1346
179	1347
179	1350
179	1351
179	1387
179	1388
179	1418
179	1423
179	1424
179	1438
179	1465
179	1466
179	1485
179	1486
179	1487
179	1488
179	1524
179	1525
179	1530
179	1531
179	1547
179	1548
179	1567
179	1590
179	1591
179	1592
179	1600
179	1601
179	1602
179	1609
179	1610
179	1611
180	181
180	184
180	198
180	201
180	214
180	215
180	218
180	220
180	244
180	245
180	272
180	291
180	303
180	304
180	321
180	334
180	350
180	358
180	364
180	382
180	391
180	415
180	423
180	432
180	450
180	458
180	459
180	460
180	461
180	462
180	480
180	481
180	489
180	515
180	516
180	517
180	518
180	530
180	531
180	532
180	533
180	539
180	558
180	560
180	588
180	591
180	666
180	696
180	709
180	711
180	712
180	713
180	727
180	730
180	748
180	757
180	760
180	772
180	773
180	774
180	779
180	792
180	809
180	826
180	838
180	848
180	858
180	867
180	872
180	878
180	881
180	882
180	885
180	886
180	888
180	900
180	918
180	924
180	931
180	932
180	934
180	949
180	956
180	968
180	986
180	997
180	998
180	999
180	1000
180	1002
180	1006
180	1024
180	1025
180	1030
180	1050
180	1051
180	1052
180	1072
180	1073
180	1076
180	1077
180	1089
180	1101
180	1106
180	1107
180	1108
180	1114
180	1115
180	1116
180	1117
180	1200
180	1201
180	1202
180	1203
180	1260
180	1261
180	1276
180	1277
180	1359
180	1365
180	1368
180	1401
180	1423
180	1436
180	1437
180	1438
180	1449
180	1450
180	1451
180	1455
180	1456
180	1458
180	1476
180	1477
180	1501
180	1502
180	1533
180	1534
180	1539
180	1540
180	1562
180	1563
180	1574
180	1575
180	1597
180	1598
180	1599
180	1620
180	1626
180	1627
180	1628
180	1642
181	186
181	195
181	196
181	201
181	205
181	220
181	237
181	291
181	305
181	321
181	334
181	350
181	364
181	383
181	400
181	416
181	462
181	463
181	464
181	480
181	490
181	501
181	504
181	515
181	516
181	517
181	518
181	530
181	531
181	532
181	533
181	536
181	540
181	545
181	560
181	577
181	591
181	596
181	679
181	680
181	697
181	717
181	727
181	730
181	741
181	742
181	743
181	744
181	748
181	757
181	760
181	779
181	817
181	855
181	859
181	869
181	873
181	881
181	885
181	926
181	933
181	965
181	969
181	987
181	1003
181	1007
181	1024
181	1025
181	1030
181	1050
181	1051
181	1058
181	1072
181	1073
181	1076
181	1077
181	1079
181	1096
181	1106
181	1107
181	1114
181	1115
181	1116
181	1204
181	1205
181	1206
181	1231
181	1232
181	1262
181	1360
181	1368
181	1409
181	1419
181	1420
181	1421
181	1425
181	1439
181	1476
181	1477
181	1503
181	1504
181	1505
181	1506
181	1533
181	1534
181	1541
181	1542
181	1564
181	1565
181	1576
181	1577
181	1597
181	1598
181	1599
181	1603
181	1629
181	1630
182	183
182	184
182	200
182	202
182	217
182	275
182	309
182	312
182	322
182	337
182	351
182	359
182	365
182	377
182	392
182	417
182	418
182	434
182	448
182	466
182	468
182	469
182	470
182	471
182	478
182	482
182	519
182	524
182	525
182	526
182	527
182	536
182	537
182	538
182	541
182	542
182	543
182	561
182	590
182	592
182	668
182	692
182	699
182	705
182	711
182	716
182	729
182	732
182	749
182	755
182	759
182	762
182	764
182	777
182	780
182	794
182	827
182	862
182	876
182	878
182	879
182	884
182	888
182	902
182	919
182	936
182	938
182	939
182	945
182	946
182	950
182	970
182	1002
182	1003
182	1004
182	1005
182	1006
182	1008
182	1009
182	1026
182	1027
182	1054
182	1055
182	1074
182	1075
182	1079
182	1080
182	1082
182	1093
182	1101
182	1102
182	1103
182	1111
182	1112
182	1113
182	1114
182	1117
182	1118
182	1119
182	1210
182	1211
182	1250
182	1267
182	1268
182	1278
182	1367
182	1397
182	1398
182	1425
182	1426
182	1436
182	1452
182	1458
182	1459
182	1493
182	1494
182	1512
182	1545
182	1554
182	1569
182	1580
182	1615
182	1616
182	1636
182	1637
182	1638
182	1648
182	1649
183	188
183	202
183	207
183	239
183	257
183	258
183	271
183	294
183	295
183	310
183	311
183	322
183	337
183	351
183	360
183	365
183	384
183	419
183	428
183	449
183	465
183	472
183	473
183	474
183	475
183	476
183	479
183	483
183	503
183	520
183	524
183	525
183	526
183	527
183	536
183	537
183	538
183	541
183	547
183	561
183	579
183	592
183	598
183	669
183	682
183	683
183	700
183	712
183	718
183	729
183	732
183	749
183	759
183	762
183	780
183	843
183	856
183	857
183	862
183	874
183	880
183	884
183	887
183	892
183	911
183	913
183	914
183	915
183	927
183	940
183	941
183	942
183	943
183	966
183	967
183	968
183	971
183	1026
183	1027
183	1054
183	1055
183	1062
183	1066
183	1074
183	1075
183	1076
183	1079
183	1080
183	1082
183	1098
183	1104
183	1105
183	1111
183	1112
183	1117
183	1118
183	1119
183	1263
183	1269
183	1348
183	1349
183	1363
183	1364
183	1386
183	1399
183	1400
183	1410
183	1440
183	1493
183	1494
183	1513
183	1514
183	1546
183	1554
183	1570
183	1571
183	1572
183	1573
183	1607
183	1608
183	1612
183	1615
183	1616
183	1639
183	1640
183	1641
184	203
184	210
184	211
184	275
184	309
184	312
184	325
184	352
184	362
184	375
184	390
184	407
184	422
184	434
184	448
184	466
184	478
184	479
184	480
184	482
184	492
184	508
184	509
184	510
184	522
184	541
184	542
184	543
184	562
184	586
184	703
184	705
184	706
184	707
184	708
184	714
184	719
184	734
184	750
184	755
184	764
184	765
184	766
184	767
184	790
184	824
184	862
184	876
184	878
184	879
184	881
184	884
184	885
184	888
184	938
184	939
184	945
184	946
184	959
184	974
184	991
184	993
184	994
184	995
184	1009
184	1029
184	1047
184	1048
184	1049
184	1082
184	1083
184	1085
184	1101
184	1102
184	1103
184	1104
184	1106
184	1111
184	1112
184	1113
184	1216
184	1217
184	1218
184	1219
184	1246
184	1247
184	1274
184	1275
184	1367
184	1397
184	1398
184	1445
184	1446
184	1447
184	1452
184	1453
184	1454
184	1461
184	1519
184	1522
184	1549
184	1550
184	1580
184	1583
184	1584
184	1636
184	1637
184	1638
184	1642
184	1648
185	187
185	189
185	225
185	249
185	258
185	286
185	324
185	344
185	368
185	369
185	379
185	389
185	412
185	421
185	427
185	433
185	491
185	520
185	521
185	544
185	551
185	552
185	569
185	576
185	610
185	611
185	664
185	665
185	725
185	726
185	789
185	806
185	807
185	811
185	830
185	897
185	899
185	917
185	958
185	973
185	1015
185	1028
185	1059
185	1062
185	1063
185	1064
185	1071
185	1109
185	1122
185	1125
185	1130
185	1139
185	1140
185	1147
185	1170
185	1194
185	1214
185	1215
185	1239
185	1249
185	1255
185	1256
185	1272
185	1273
185	1291
185	1323
185	1358
185	1364
185	1366
185	1473
185	1485
185	1486
185	1487
185	1488
185	1509
185	1528
185	1538
185	1546
185	1547
185	1548
185	1609
185	1610
185	1611
185	1645
185	1646
185	1647
186	187
186	190
186	198
186	205
186	209
186	226
186	237
186	250
186	287
186	316
186	333
186	366
186	370
186	373
186	374
186	380
186	397
186	406
186	413
186	432
186	501
186	514
186	531
186	532
186	533
186	545
186	553
186	554
186	577
186	596
186	666
186	667
186	727
186	728
186	757
186	781
186	789
186	800
186	812
186	823
186	898
186	899
186	932
186	982
186	999
186	1036
186	1044
186	1065
186	1072
186	1073
186	1077
186	1096
186	1115
186	1123
186	1145
186	1148
186	1153
186	1154
186	1181
186	1182
186	1183
186	1195
186	1225
186	1226
186	1242
186	1243
186	1244
186	1245
186	1254
186	1257
186	1377
186	1385
186	1409
186	1422
186	1481
186	1503
186	1504
186	1505
186	1506
186	1516
186	1527
186	1528
186	1556
186	1563
186	1564
186	1565
186	1605
186	1606
186	1628
186	1629
186	1630
187	191
187	199
187	206
187	209
187	226
187	238
187	251
187	259
187	288
187	314
187	333
187	366
187	371
187	373
187	374
187	376
187	380
187	397
187	406
187	413
187	424
187	427
187	433
187	512
187	513
187	514
187	533
187	546
187	555
187	556
187	578
187	597
187	666
187	667
187	727
187	728
187	747
187	758
187	781
187	788
187	789
187	797
187	800
187	807
187	812
187	897
187	899
187	904
187	917
187	982
187	999
187	1021
187	1036
187	1065
187	1105
187	1124
187	1149
187	1167
187	1170
187	1181
187	1182
187	1183
187	1224
187	1225
187	1226
187	1230
187	1242
187	1243
187	1244
187	1245
187	1257
187	1283
187	1311
187	1340
187	1347
187	1409
187	1422
187	1467
187	1468
187	1469
187	1470
187	1525
187	1526
187	1527
187	1528
187	1548
187	1556
187	1565
187	1592
187	1605
187	1606
188	189
188	190
188	200
188	207
188	239
188	317
188	325
188	346
188	367
188	369
188	377
188	381
188	398
188	414
188	428
188	434
188	488
188	503
188	518
188	536
188	537
188	538
188	547
188	557
188	579
188	581
188	598
188	612
188	613
188	668
188	669
188	670
188	671
188	691
188	729
188	730
188	731
188	759
188	782
188	813
188	814
188	831
188	923
188	939
188	942
188	955
188	979
188	985
188	1005
188	1017
188	1048
188	1066
188	1067
188	1068
188	1074
188	1075
188	1080
188	1098
188	1118
188	1125
188	1130
188	1157
188	1171
188	1196
188	1197
188	1198
188	1199
188	1227
188	1228
188	1239
188	1258
188	1259
188	1268
188	1300
188	1335
188	1410
188	1411
188	1433
188	1434
188	1435
188	1484
188	1497
188	1513
188	1514
188	1537
188	1538
188	1569
188	1570
188	1571
188	1572
188	1573
188	1623
188	1624
188	1625
188	1638
188	1639
188	1640
188	1641
189	191
189	201
189	208
189	240
189	249
189	318
189	320
189	326
189	347
189	366
189	367
189	368
189	369
189	378
189	381
189	387
189	398
189	404
189	414
189	429
189	435
189	487
189	488
189	503
189	516
189	517
189	518
189	538
189	558
189	559
189	570
189	580
189	581
189	599
189	614
189	615
189	668
189	669
189	670
189	671
189	691
189	729
189	730
189	731
189	748
189	760
189	761
189	782
189	783
189	813
189	891
189	906
189	910
189	955
189	979
189	985
189	1005
189	1018
189	1023
189	1058
189	1066
189	1067
189	1068
189	1073
189	1076
189	1077
189	1078
189	1089
189	1107
189	1120
189	1122
189	1125
189	1129
189	1130
189	1135
189	1140
189	1196
189	1197
189	1198
189	1199
189	1223
189	1227
189	1228
189	1233
189	1237
189	1239
189	1245
189	1249
189	1258
189	1259
189	1288
189	1319
189	1358
189	1410
189	1411
189	1433
189	1434
189	1435
189	1466
189	1478
189	1479
189	1497
189	1502
189	1534
189	1535
189	1536
189	1537
189	1538
189	1548
189	1572
189	1573
189	1599
189	1600
189	1601
189	1602
189	1623
189	1624
189	1625
190	191
190	202
190	209
190	224
190	227
190	228
190	241
190	247
190	250
190	300
190	315
190	317
190	318
190	367
190	370
190	371
190	381
190	398
190	411
190	414
190	425
190	428
190	436
190	484
190	496
190	497
190	510
190	525
190	526
190	527
190	548
190	549
190	560
190	571
190	581
190	600
190	616
190	617
190	663
190	672
190	673
190	674
190	724
190	732
190	733
190	734
190	735
190	749
190	762
190	763
190	783
190	813
190	814
190	820
190	831
190	891
190	921
190	923
190	930
190	942
190	951
190	964
190	977
190	980
190	1040
190	1062
190	1069
190	1070
190	1075
190	1079
190	1080
190	1081
190	1093
190	1112
190	1121
190	1123
190	1145
190	1150
190	1154
190	1168
190	1171
190	1198
190	1224
190	1227
190	1228
190	1234
190	1254
190	1258
190	1259
190	1295
190	1327
190	1352
190	1377
190	1382
190	1406
190	1407
190	1408
190	1412
190	1413
190	1414
190	1477
190	1495
190	1496
190	1497
190	1523
190	1554
190	1555
190	1556
190	1557
190	1565
190	1573
190	1588
190	1589
190	1616
190	1617
190	1618
190	1619
191	203
191	224
191	227
191	228
191	248
191	251
191	282
191	317
191	318
191	367
191	370
191	371
191	381
191	396
191	398
191	414
191	426
191	429
191	437
191	484
191	497
191	509
191	510
191	527
191	548
191	549
191	561
191	562
191	572
191	618
191	619
191	663
191	672
191	673
191	674
191	724
191	732
191	733
191	734
191	735
191	750
191	782
191	783
191	814
191	831
191	889
191	891
191	895
191	910
191	923
191	951
191	964
191	977
191	980
191	1069
191	1070
191	1082
191	1083
191	1084
191	1085
191	1102
191	1121
191	1124
191	1145
191	1150
191	1169
191	1171
191	1199
191	1224
191	1227
191	1228
191	1235
191	1254
191	1258
191	1259
191	1281
191	1307
191	1340
191	1345
191	1353
191	1406
191	1407
191	1408
191	1412
191	1413
191	1414
191	1461
191	1462
191	1494
191	1522
191	1523
191	1528
191	1538
191	1557
191	1585
191	1586
191	1587
191	1588
191	1589
192	194
192	196
192	211
192	229
192	252
192	258
192	261
192	319
192	320
192	378
192	382
192	391
192	402
192	415
192	423
192	431
192	459
192	492
192	493
192	495
192	522
192	523
192	550
192	564
192	565
192	573
192	582
192	621
192	622
192	675
192	676
192	720
192	736
192	737
192	766
192	767
192	793
192	809
192	810
192	815
192	901
192	918
192	960
192	975
192	1018
192	1031
192	1060
192	1088
192	1091
192	1110
192	1126
192	1133
192	1141
192	1142
192	1152
192	1172
192	1173
192	1201
192	1220
192	1221
192	1237
192	1251
192	1260
192	1261
192	1276
192	1277
192	1293
192	1325
192	1355
192	1360
192	1364
192	1369
192	1415
192	1416
192	1417
192	1455
192	1456
192	1457
192	1475
192	1489
192	1490
192	1491
192	1511
192	1531
192	1542
192	1546
192	1549
192	1550
192	1551
192	1552
192	1612
192	1613
192	1614
193	194
193	197
193	198
193	212
193	216
193	230
193	242
193	253
193	255
193	320
193	323
193	368
193	373
193	376
193	385
193	399
193	403
193	408
193	430
193	447
193	486
193	502
193	534
193	535
193	551
193	566
193	567
193	601
193	677
193	678
193	738
193	739
193	740
193	768
193	769
193	784
193	793
193	801
193	816
193	826
193	925
193	935
193	953
193	1001
193	1018
193	1042
193	1065
193	1071
193	1078
193	1089
193	1090
193	1097
193	1116
193	1127
193	1149
193	1156
193	1173
193	1186
193	1187
193	1188
193	1202
193	1229
193	1230
193	1238
193	1248
193	1249
193	1257
193	1264
193	1379
193	1388
193	1418
193	1423
193	1424
193	1482
193	1507
193	1508
193	1509
193	1518
193	1530
193	1531
193	1559
193	1563
193	1566
193	1567
193	1609
193	1610
193	1611
193	1628
193	1631
193	1632
194	199
194	213
194	216
194	230
194	243
194	254
194	256
194	259
194	314
194	319
194	320
194	324
194	347
194	368
194	369
194	374
194	376
194	399
194	404
194	408
194	424
194	431
194	447
194	485
194	486
194	535
194	552
194	568
194	602
194	623
194	624
194	677
194	678
194	738
194	739
194	740
194	770
194	771
194	784
194	792
194	793
194	797
194	801
194	810
194	816
194	901
194	904
194	925
194	953
194	1001
194	1015
194	1018
194	1021
194	1031
194	1071
194	1088
194	1091
194	1092
194	1124
194	1167
194	1172
194	1173
194	1186
194	1187
194	1188
194	1203
194	1226
194	1229
194	1230
194	1233
194	1239
194	1248
194	1249
194	1285
194	1313
194	1342
194	1347
194	1351
194	1418
194	1423
194	1424
194	1464
194	1471
194	1472
194	1473
194	1525
194	1529
194	1530
194	1531
194	1552
194	1559
194	1567
194	1592
194	1593
194	1609
194	1610
194	1611
195	196
195	197
195	200
195	214
195	221
195	244
195	260
195	272
195	321
195	325
195	372
195	383
195	400
195	416
195	434
195	462
195	490
195	504
195	506
195	539
195	540
195	553
195	569
195	583
195	585
195	603
195	625
195	626
195	679
195	680
195	721
195	741
195	742
195	743
195	744
195	772
195	817
195	818
195	832
195	869
195	873
195	939
195	969
195	987
195	1007
195	1048
195	1051
195	1067
195	1072
195	1073
195	1081
195	1093
195	1094
195	1095
195	1099
195	1119
195	1133
195	1159
195	1174
195	1204
195	1205
195	1206
195	1231
195	1232
195	1262
195	1271
195	1301
195	1336
195	1359
195	1360
195	1392
195	1419
195	1420
195	1421
195	1439
195	1486
195	1500
195	1515
195	1516
195	1541
195	1542
195	1569
195	1574
195	1575
195	1576
195	1577
195	1579
195	1629
195	1630
195	1638
195	1642
195	1643
195	1644
196	201
196	215
196	222
196	245
196	252
196	261
196	326
196	366
196	383
196	387
196	400
196	416
196	435
196	463
196	489
196	490
196	504
196	540
196	554
196	584
196	585
196	604
196	627
196	679
196	680
196	722
196	741
196	742
196	743
196	744
196	773
196	774
196	817
196	869
196	873
196	906
196	969
196	987
196	1007
196	1023
196	1072
196	1073
196	1090
196	1096
196	1097
196	1120
196	1126
196	1132
196	1133
196	1135
196	1142
196	1175
196	1204
196	1205
196	1206
196	1223
196	1231
196	1232
196	1245
196	1262
196	1355
196	1360
196	1369
196	1419
196	1420
196	1421
196	1439
196	1468
196	1480
196	1481
196	1500
196	1504
196	1534
196	1539
196	1540
196	1541
196	1542
196	1544
196	1552
196	1576
196	1577
196	1599
196	1603
196	1604
196	1629
196	1630
197	202
197	216
197	223
197	231
197	246
197	247
197	253
197	255
197	256
197	262
197	288
197	315
197	321
197	327
197	367
197	373
197	383
197	400
197	416
197	425
197	473
197	498
197	499
197	500
197	528
197	529
197	555
197	556
197	570
197	574
197	585
197	605
197	628
197	681
197	723
197	745
197	746
197	775
197	776
197	817
197	818
197	820
197	832
197	842
197	846
197	847
197	870
197	899
197	911
197	930
197	996
197	1034
197	1040
197	1051
197	1063
197	1094
197	1098
197	1099
197	1100
197	1113
197	1121
197	1124
197	1127
197	1148
197	1149
197	1150
197	1153
197	1156
197	1168
197	1174
197	1175
197	1206
197	1231
197	1232
197	1257
197	1259
197	1262
197	1329
197	1342
197	1373
197	1379
197	1382
197	1388
197	1409
197	1422
197	1479
197	1498
197	1499
197	1500
197	1554
197	1558
197	1559
197	1560
197	1561
197	1567
197	1577
197	1616
197	1620
197	1621
197	1622
198	199
198	202
198	214
198	215
198	218
198	230
198	253
198	259
198	262
198	292
198	293
198	322
198	323
198	334
198	369
198	376
198	385
198	403
198	404
198	432
198	460
198	461
198	512
198	517
198	518
198	530
198	531
198	533
198	558
198	580
198	588
198	607
198	614
198	642
198	678
198	727
198	730
198	747
198	760
198	785
198	792
198	801
198	826
198	855
198	858
198	859
198	882
198	900
198	932
198	934
198	953
198	1025
198	1042
198	1055
198	1073
198	1076
198	1077
198	1078
198	1106
198	1107
198	1114
198	1179
198	1186
198	1202
198	1203
198	1230
198	1233
198	1238
198	1239
198	1264
198	1297
198	1318
198	1319
198	1347
198	1350
198	1373
198	1387
198	1388
198	1418
198	1423
198	1424
198	1438
198	1501
198	1502
198	1525
198	1530
198	1540
198	1554
198	1562
198	1563
198	1565
198	1567
198	1575
198	1592
198	1600
198	1601
198	1602
198	1604
198	1609
198	1626
198	1627
198	1628
198	1643
199	203
199	216
199	219
199	226
199	254
199	259
199	263
199	296
199	320
199	324
199	368
199	369
199	374
199	376
199	385
199	399
199	403
199	404
199	408
199	427
199	433
199	457
199	511
199	512
199	514
199	531
199	559
199	574
199	575
199	580
199	589
199	607
199	615
199	678
199	728
199	747
199	778
199	785
199	789
199	793
199	805
199	897
199	899
199	916
199	917
199	953
199	1015
199	1018
199	1071
199	1076
199	1077
199	1078
199	1104
199	1108
199	1109
199	1110
199	1127
199	1156
199	1173
199	1179
199	1226
199	1229
199	1230
199	1233
199	1238
199	1239
199	1248
199	1249
199	1264
199	1288
199	1297
199	1338
199	1346
199	1347
199	1351
199	1418
199	1423
199	1424
199	1463
199	1465
199	1466
199	1499
199	1522
199	1524
199	1525
199	1527
199	1528
199	1531
199	1546
199	1559
199	1563
199	1590
199	1591
199	1592
199	1600
199	1601
199	1602
199	1621
199	1628
200	201
200	202
200	257
200	260
200	275
200	309
200	321
200	325
200	326
200	327
200	337
200	342
200	352
200	370
200	375
200	377
200	386
200	410
200	411
200	428
200	434
200	435
200	436
200	455
200	456
200	466
200	470
200	471
200	503
200	516
200	526
200	527
200	536
200	538
200	548
200	581
200	590
200	608
200	629
200	630
200	636
200	682
200	683
200	703
200	716
200	729
200	732
200	748
200	762
200	819
200	829
200	876
200	879
200	894
200	902
200	906
200	921
200	929
200	936
200	938
200	939
200	942
200	967
200	970
200	971
200	994
200	1003
200	1023
200	1027
200	1029
200	1034
200	1039
200	1047
200	1048
200	1051
200	1075
200	1079
200	1080
200	1081
200	1103
200	1111
200	1112
200	1113
200	1117
200	1191
200	1192
200	1208
200	1234
200	1253
200	1254
200	1265
200	1268
200	1275
200	1302
200	1309
200	1333
200	1367
200	1392
200	1398
200	1400
200	1412
200	1425
200	1426
200	1427
200	1430
200	1442
200	1453
200	1497
200	1512
200	1534
200	1554
200	1569
200	1572
200	1573
200	1577
200	1594
200	1599
200	1617
200	1618
200	1619
200	1633
200	1636
200	1637
200	1638
200	1641
201	203
201	220
201	252
201	258
201	261
201	276
201	291
201	319
201	325
201	326
201	328
201	342
201	350
201	353
201	369
201	370
201	378
201	381
201	383
201	386
201	410
201	411
201	429
201	434
201	435
201	437
201	455
201	456
201	467
201	488
201	515
201	516
201	518
201	536
201	548
201	560
201	581
201	591
201	608
201	631
201	632
201	636
201	672
201	683
201	730
201	731
201	748
201	779
201	798
201	799
201	819
201	849
201	853
201	889
201	894
201	905
201	906
201	910
201	929
201	939
201	964
201	967
201	1003
201	1010
201	1022
201	1023
201	1030
201	1031
201	1039
201	1048
201	1072
201	1079
201	1080
201	1081
201	1106
201	1114
201	1115
201	1116
201	1125
201	1130
201	1133
201	1138
201	1176
201	1191
201	1192
201	1209
201	1228
201	1232
201	1234
201	1237
201	1239
201	1253
201	1254
201	1265
201	1287
201	1309
201	1317
201	1355
201	1360
201	1364
201	1368
201	1369
201	1384
201	1425
201	1426
201	1427
201	1430
201	1437
201	1476
201	1477
201	1497
201	1522
201	1533
201	1534
201	1537
201	1538
201	1542
201	1546
201	1569
201	1597
201	1598
201	1599
201	1602
201	1617
201	1618
201	1619
201	1638
202	203
202	227
202	255
202	262
202	325
202	327
202	370
202	371
202	387
202	395
202	396
202	434
202	436
202	497
202	509
202	510
202	524
202	525
202	527
202	549
202	561
202	592
202	684
202	732
202	733
202	734
202	749
202	750
202	780
202	814
202	818
202	820
202	921
202	923
202	939
202	963
202	1034
202	1048
202	1074
202	1082
202	1083
202	1084
202	1102
202	1111
202	1117
202	1118
202	1119
202	1145
202	1149
202	1168
202	1169
202	1223
202	1224
202	1235
202	1254
202	1266
202	1373
202	1379
202	1493
202	1494
202	1522
202	1554
202	1557
202	1563
202	1569
202	1585
202	1586
202	1587
202	1615
202	1616
202	1619
203	228
203	256
203	259
203	263
203	326
203	328
203	371
203	376
203	387
203	395
203	396
203	435
203	437
203	484
203	509
203	510
203	525
203	549
203	562
203	684
203	734
203	735
203	749
203	750
203	783
203	799
203	820
203	889
203	891
203	906
203	963
203	1010
203	1023
203	1082
203	1083
203	1084
203	1101
203	1124
203	1168
203	1169
203	1176
203	1223
203	1224
203	1230
203	1235
203	1266
203	1338
203	1342
203	1347
203	1461
203	1522
203	1523
203	1525
203	1534
203	1554
203	1585
203	1586
203	1587
203	1616
204	205
204	207
204	268
204	275
204	303
204	338
204	359
204	372
204	382
204	384
204	388
204	405
204	420
204	442
204	448
204	450
204	507
204	541
204	542
204	569
204	582
204	637
204	638
204	692
204	693
204	694
204	695
204	755
204	756
204	786
204	821
204	822
204	835
204	931
204	933
204	946
204	948
204	957
204	972
204	990
204	1008
204	1041
204	1069
204	1083
204	1093
204	1094
204	1095
204	1131
204	1158
204	1159
204	1163
204	1180
204	1212
204	1213
204	1240
204	1241
204	1269
204	1270
204	1271
204	1277
204	1303
204	1330
204	1337
204	1394
204	1398
204	1401
204	1436
204	1437
204	1438
204	1449
204	1450
204	1451
204	1486
204	1490
204	1520
204	1571
204	1580
204	1581
204	1582
204	1609
204	1642
204	1643
204	1644
204	1648
205	206
205	209
205	218
205	237
205	238
205	270
205	276
205	305
205	329
205	332
205	372
205	386
205	388
205	391
205	405
205	420
205	438
205	442
205	450
205	463
205	501
205	513
205	530
205	532
205	533
205	545
205	564
205	577
205	583
205	584
205	596
205	696
205	697
205	698
205	727
205	757
205	758
205	787
205	821
205	822
205	828
205	835
205	898
205	931
205	933
205	937
205	948
205	981
205	998
205	1046
205	1072
205	1073
205	1077
205	1096
205	1097
205	1115
205	1132
205	1133
205	1134
205	1144
205	1159
205	1177
205	1180
205	1240
205	1241
205	1253
205	1261
205	1270
205	1271
205	1298
205	1330
205	1360
205	1375
205	1384
205	1419
205	1420
205	1421
205	1439
205	1468
205	1503
205	1504
205	1505
205	1506
205	1511
205	1526
205	1556
205	1562
205	1564
205	1565
205	1582
205	1603
205	1604
205	1626
205	1629
205	1630
205	1634
206	219
206	226
206	237
206	238
206	287
206	330
206	332
206	372
206	378
206	383
206	387
206	388
206	405
206	420
206	439
206	451
206	463
206	501
206	511
206	513
206	514
206	532
206	546
206	565
206	578
206	585
206	597
206	639
206	640
206	696
206	697
206	698
206	728
206	757
206	758
206	778
206	786
206	787
206	795
206	822
206	835
206	896
206	898
206	903
206	933
206	981
206	998
206	1020
206	1096
206	1097
206	1105
206	1120
206	1132
206	1133
206	1135
206	1178
206	1180
206	1213
206	1223
206	1232
206	1237
206	1240
206	1241
206	1270
206	1271
206	1282
206	1298
206	1310
206	1360
206	1385
206	1419
206	1420
206	1421
206	1439
206	1467
206	1468
206	1469
206	1470
206	1475
206	1500
206	1504
206	1524
206	1526
206	1527
206	1528
206	1564
206	1590
206	1595
206	1603
206	1604
206	1629
207	208
207	209
207	236
207	239
207	240
207	255
207	264
207	268
207	333
207	362
207	373
207	379
207	380
207	382
207	384
207	385
207	389
207	392
207	412
207	413
207	419
207	421
207	444
207	473
207	487
207	503
207	517
207	537
207	538
207	547
207	566
207	570
207	577
207	578
207	579
207	586
207	587
207	598
207	639
207	641
207	689
207	690
207	699
207	700
207	701
207	702
207	729
207	754
207	759
207	760
207	761
207	788
207	806
207	812
207	823
207	830
207	836
207	911
207	922
207	954
207	984
207	988
207	1004
207	1036
207	1049
207	1066
207	1074
207	1075
207	1080
207	1098
207	1099
207	1100
207	1118
207	1128
207	1131
207	1148
207	1149
207	1153
207	1160
207	1163
207	1182
207	1193
207	1194
207	1195
207	1214
207	1238
207	1242
207	1243
207	1255
207	1256
207	1257
207	1263
207	1267
207	1269
207	1272
207	1273
207	1277
207	1310
207	1311
207	1334
207	1379
207	1394
207	1396
207	1431
207	1432
207	1440
207	1441
207	1469
207	1479
207	1483
207	1505
207	1513
207	1514
207	1518
207	1519
207	1535
207	1536
207	1543
207	1556
207	1570
207	1571
207	1572
207	1573
207	1582
207	1600
207	1620
207	1621
207	1622
207	1636
207	1639
207	1640
207	1641
207	1646
208	220
208	236
208	239
208	240
208	255
208	265
208	269
208	373
208	379
208	380
208	384
208	385
208	389
208	393
208	403
208	412
208	413
208	421
208	443
208	445
208	473
208	487
208	488
208	515
208	517
208	518
208	537
208	567
208	570
208	577
208	578
208	580
208	588
208	589
208	599
208	639
208	642
208	689
208	690
208	699
208	700
208	701
208	702
208	730
208	731
208	754
208	759
208	760
208	761
208	779
208	781
208	788
208	800
208	806
208	823
208	836
208	890
208	908
208	911
208	954
208	984
208	988
208	1004
208	1058
208	1073
208	1076
208	1077
208	1078
208	1089
208	1098
208	1099
208	1100
208	1107
208	1128
208	1148
208	1149
208	1153
208	1160
208	1181
208	1183
208	1193
208	1194
208	1195
208	1236
208	1238
208	1242
208	1243
208	1255
208	1256
208	1257
208	1264
208	1269
208	1272
208	1273
208	1310
208	1311
208	1318
208	1357
208	1362
208	1379
208	1431
208	1432
208	1440
208	1441
208	1465
208	1469
208	1478
208	1479
208	1482
208	1501
208	1505
208	1533
208	1535
208	1536
208	1537
208	1538
208	1543
208	1570
208	1571
208	1597
208	1600
208	1601
208	1602
208	1605
208	1620
208	1621
208	1622
208	1639
209	222
209	227
209	241
209	256
209	266
209	270
209	299
209	316
209	333
209	366
209	374
209	386
209	387
209	394
209	397
209	406
209	410
209	440
209	444
209	445
209	454
209	496
209	497
209	524
209	526
209	527
209	545
209	546
209	548
209	571
209	572
209	581
209	590
209	591
209	600
209	640
209	643
209	644
209	661
209	662
209	703
209	704
209	722
209	732
209	733
209	762
209	763
209	780
209	781
209	789
209	807
209	811
209	812
209	890
209	912
209	922
209	928
209	976
209	989
209	994
209	1036
209	1044
209	1062
209	1075
209	1079
209	1080
209	1081
209	1093
209	1112
209	1120
209	1123
209	1124
209	1129
209	1132
209	1134
209	1135
209	1143
209	1144
209	1154
209	1161
209	1170
209	1182
209	1183
209	1215
209	1223
209	1225
209	1226
209	1244
209	1245
209	1252
209	1253
209	1265
209	1282
209	1283
209	1294
209	1326
209	1342
209	1375
209	1380
209	1389
209	1404
209	1405
209	1442
209	1443
209	1444
209	1462
209	1470
209	1476
209	1495
209	1496
209	1497
209	1506
209	1512
209	1528
209	1544
209	1555
209	1556
209	1557
209	1565
209	1571
209	1585
209	1606
209	1615
209	1617
209	1618
209	1619
209	1624
210	211
210	212
210	214
210	275
210	277
210	375
210	390
210	392
210	407
210	417
210	422
210	446
210	448
210	478
210	492
210	508
210	522
210	543
210	573
210	586
210	705
210	706
210	707
210	708
210	764
210	765
210	766
210	767
210	790
210	824
210	825
210	837
210	946
210	959
210	974
210	991
210	1009
210	1070
210	1084
210	1085
210	1086
210	1087
210	1101
210	1102
210	1103
210	1136
210	1155
210	1162
210	1165
210	1184
210	1216
210	1217
210	1218
210	1219
210	1246
210	1247
210	1267
210	1274
210	1275
210	1278
210	1391
210	1398
210	1445
210	1446
210	1447
210	1452
210	1453
210	1454
210	1489
210	1519
210	1521
210	1549
210	1550
210	1575
210	1580
210	1583
210	1584
210	1648
210	1649
210	1650
211	213
211	215
211	217
211	229
211	232
211	260
211	272
211	337
211	375
211	377
211	388
211	390
211	393
211	407
211	418
211	422
211	449
211	479
211	492
211	493
211	494
211	508
211	522
211	523
211	543
211	550
211	563
211	573
211	582
211	586
211	593
211	594
211	646
211	647
211	705
211	706
211	707
211	708
211	736
211	737
211	751
211	764
211	765
211	766
211	767
211	790
211	791
211	808
211	824
211	914
211	959
211	974
211	991
211	1009
211	1017
211	1027
211	1060
211	1088
211	1091
211	1101
211	1102
211	1103
211	1110
211	1155
211	1162
211	1185
211	1216
211	1217
211	1218
211	1219
211	1236
211	1241
211	1246
211	1247
211	1250
211	1268
211	1274
211	1275
211	1292
211	1324
211	1359
211	1392
211	1445
211	1446
211	1447
211	1452
211	1453
211	1454
211	1474
211	1489
211	1490
211	1491
211	1492
211	1510
211	1519
211	1540
211	1545
211	1549
211	1550
211	1551
211	1552
211	1553
211	1583
211	1584
211	1612
211	1613
211	1614
211	1648
212	213
212	216
212	218
212	233
212	242
212	243
212	273
212	276
212	329
212	338
212	362
212	375
212	384
212	389
212	390
212	391
212	407
212	419
212	422
212	438
212	446
212	485
212	502
212	520
212	534
212	535
212	551
212	557
212	564
212	587
212	595
212	601
212	648
212	649
212	709
212	710
212	738
212	768
212	769
212	770
212	771
212	791
212	808
212	824
212	825
212	828
212	837
212	937
212	952
212	1000
212	1017
212	1041
212	1046
212	1049
212	1065
212	1078
212	1089
212	1090
212	1097
212	1104
212	1105
212	1116
212	1137
212	1138
212	1139
212	1147
212	1155
212	1162
212	1177
212	1184
212	1185
212	1218
212	1246
212	1247
212	1256
212	1261
212	1263
212	1269
212	1274
212	1275
212	1299
212	1331
212	1378
212	1384
212	1448
212	1472
212	1483
212	1484
212	1507
212	1508
212	1509
212	1511
212	1517
212	1529
212	1546
212	1559
212	1562
212	1566
212	1567
212	1568
212	1584
212	1607
212	1608
212	1631
212	1632
212	1634
213	219
213	230
213	234
213	242
213	243
213	271
213	274
213	330
213	339
213	346
213	375
213	378
213	390
213	407
213	422
213	439
213	446
213	485
213	486
213	502
213	520
213	534
213	552
213	557
213	565
213	587
213	602
213	650
213	651
213	709
213	710
213	739
213	740
213	752
213	768
213	769
213	770
213	771
213	790
213	791
213	795
213	808
213	825
213	837
213	903
213	952
213	1000
213	1014
213	1017
213	1020
213	1088
213	1091
213	1092
213	1104
213	1105
213	1122
213	1137
213	1138
213	1140
213	1178
213	1184
213	1185
213	1219
213	1237
213	1246
213	1247
213	1274
213	1275
213	1284
213	1312
213	1341
213	1349
213	1448
213	1471
213	1472
213	1473
213	1475
213	1483
213	1484
213	1508
213	1524
213	1529
213	1530
213	1531
213	1532
213	1546
213	1550
213	1566
213	1593
213	1595
213	1607
213	1608
214	215
214	216
214	235
214	244
214	245
214	264
214	272
214	277
214	304
214	335
214	379
214	382
214	391
214	415
214	423
214	432
214	447
214	480
214	489
214	504
214	505
214	531
214	539
214	540
214	553
214	558
214	566
214	583
214	588
214	603
214	652
214	711
214	712
214	713
214	741
214	742
214	753
214	772
214	773
214	774
214	792
214	809
214	816
214	826
214	838
214	848
214	872
214	925
214	932
214	956
214	968
214	986
214	1006
214	1038
214	1067
214	1081
214	1093
214	1094
214	1095
214	1099
214	1106
214	1107
214	1119
214	1128
214	1136
214	1158
214	1160
214	1165
214	1187
214	1200
214	1201
214	1202
214	1203
214	1220
214	1260
214	1261
214	1273
214	1276
214	1277
214	1359
214	1365
214	1391
214	1396
214	1436
214	1437
214	1438
214	1449
214	1450
214	1451
214	1485
214	1501
214	1502
214	1515
214	1516
214	1518
214	1520
214	1539
214	1540
214	1559
214	1563
214	1574
214	1575
214	1576
214	1577
214	1578
214	1584
214	1626
214	1627
214	1628
214	1642
214	1643
214	1644
214	1646
215	220
215	236
215	244
215	245
215	265
215	272
215	278
215	304
215	334
215	336
215	380
215	382
215	385
215	388
215	391
215	415
215	423
215	432
215	462
215	489
215	490
215	531
215	539
215	554
215	558
215	567
215	584
215	588
215	596
215	597
215	604
215	653
215	711
215	712
215	713
215	743
215	744
215	754
215	772
215	773
215	774
215	784
215	792
215	801
215	809
215	826
215	838
215	848
215	872
215	932
215	956
215	968
215	986
215	1006
215	1012
215	1025
215	1090
215	1096
215	1097
215	1106
215	1107
215	1131
215	1163
215	1186
215	1188
215	1200
215	1201
215	1202
215	1203
215	1238
215	1241
215	1243
215	1260
215	1261
215	1276
215	1277
215	1320
215	1354
215	1359
215	1362
215	1365
215	1436
215	1437
215	1438
215	1449
215	1450
215	1451
215	1467
215	1480
215	1481
215	1482
215	1501
215	1502
215	1503
215	1533
215	1539
215	1540
215	1541
215	1542
215	1543
215	1550
215	1563
215	1574
215	1575
215	1603
215	1604
215	1605
215	1626
215	1627
215	1628
216	231
216	246
216	266
216	273
216	274
216	279
216	286
216	335
216	336
216	358
216	368
216	376
216	389
216	399
216	408
216	430
216	431
216	433
216	440
216	447
216	472
216	498
216	499
216	512
216	528
216	529
216	551
216	552
216	555
216	559
216	574
216	575
216	585
216	589
216	598
216	599
216	605
216	654
216	655
216	714
216	715
216	745
216	746
216	747
216	775
216	776
216	784
216	793
216	810
216	815
216	816
216	845
216	875
216	897
216	901
216	925
216	928
216	935
216	943
216	978
216	995
216	1012
216	1038
216	1052
216	1063
216	1094
216	1098
216	1099
216	1100
216	1108
216	1109
216	1110
216	1113
216	1122
216	1127
216	1129
216	1137
216	1139
216	1140
216	1146
216	1147
216	1156
216	1164
216	1172
216	1173
216	1187
216	1188
216	1221
216	1229
216	1230
216	1248
216	1249
216	1256
216	1296
216	1328
216	1341
216	1366
216	1372
216	1378
216	1380
216	1424
216	1463
216	1465
216	1466
216	1473
216	1478
216	1498
216	1499
216	1500
216	1509
216	1513
216	1525
216	1531
216	1558
216	1559
216	1560
216	1567
216	1575
216	1590
216	1591
216	1592
216	1620
216	1621
216	1622
216	1624
217	219
217	220
217	257
217	275
217	278
217	294
217	322
217	337
217	339
217	351
217	356
217	357
217	365
217	375
217	377
217	388
217	390
217	392
217	393
217	407
217	417
217	418
217	422
217	448
217	449
217	451
217	470
217	471
217	483
217	519
217	520
217	541
217	557
217	569
217	573
217	587
217	601
217	602
217	629
217	657
217	658
217	707
217	708
217	716
217	777
217	794
217	802
217	803
217	827
217	834
217	876
217	879
217	896
217	902
217	913
217	914
217	936
217	946
217	959
217	970
217	991
217	1014
217	1019
217	1026
217	1027
217	1045
217	1054
217	1055
217	1103
217	1104
217	1105
217	1108
217	1111
217	1112
217	1113
217	1136
217	1155
217	1162
217	1165
217	1189
217	1207
217	1210
217	1211
217	1222
217	1236
217	1241
217	1246
217	1247
217	1250
217	1267
217	1268
217	1274
217	1275
217	1278
217	1289
217	1302
217	1321
217	1354
217	1398
217	1399
217	1400
217	1445
217	1446
217	1447
217	1452
217	1453
217	1454
217	1471
217	1483
217	1484
217	1486
217	1489
217	1507
217	1524
217	1533
217	1545
217	1546
217	1550
217	1580
217	1607
217	1608
217	1609
217	1636
217	1637
217	1638
218	219
218	229
218	237
218	276
218	279
218	291
218	313
218	338
218	378
218	382
218	391
218	393
218	394
218	401
218	402
218	415
218	423
218	442
218	448
218	450
218	501
218	511
218	530
218	531
218	532
218	558
218	588
218	603
218	604
218	676
218	717
218	757
218	778
218	795
218	822
218	825
218	828
218	849
218	853
218	881
218	885
218	931
218	933
218	946
218	947
218	948
218	960
218	965
218	997
218	1041
218	1076
218	1106
218	1107
218	1114
218	1115
218	1116
218	1141
218	1151
218	1152
218	1166
218	1177
218	1178
218	1220
218	1236
218	1237
218	1251
218	1252
218	1260
218	1261
218	1276
218	1277
218	1279
218	1368
218	1372
218	1383
218	1384
218	1415
218	1416
218	1417
218	1455
218	1456
218	1457
218	1480
218	1501
218	1502
218	1504
218	1508
218	1515
218	1524
218	1551
218	1562
218	1563
218	1564
218	1580
218	1597
218	1598
218	1599
218	1626
218	1627
218	1628
218	1629
219	238
219	271
219	276
219	337
219	339
219	378
219	383
219	391
219	393
219	401
219	402
219	449
219	451
219	511
219	512
219	513
219	530
219	559
219	589
219	605
219	676
219	717
219	747
219	758
219	778
219	787
219	791
219	795
219	803
219	828
219	849
219	853
219	896
219	898
219	914
219	960
219	965
219	997
219	1014
219	1017
219	1027
219	1071
219	1104
219	1108
219	1109
219	1110
219	1114
219	1115
219	1116
219	1126
219	1142
219	1177
219	1178
219	1189
219	1232
219	1236
219	1237
219	1251
219	1261
219	1279
219	1349
219	1384
219	1415
219	1416
219	1417
219	1455
219	1456
219	1457
219	1465
219	1466
219	1468
219	1472
219	1498
219	1524
219	1525
219	1526
219	1545
219	1562
219	1590
219	1591
219	1592
219	1597
219	1598
219	1599
220	240
220	272
220	278
220	334
220	380
220	385
220	390
220	393
220	394
220	409
220	443
220	487
220	515
220	516
220	517
220	560
220	570
220	591
220	659
220	718
220	748
220	760
220	761
220	779
220	796
220	908
220	966
220	1002
220	1025
220	1072
220	1106
220	1114
220	1115
220	1116
220	1117
220	1118
220	1119
220	1190
220	1236
220	1238
220	1243
220	1247
220	1252
220	1280
220	1316
220	1354
220	1359
220	1428
220	1429
220	1458
220	1459
220	1460
220	1476
220	1477
220	1479
220	1533
220	1534
220	1535
220	1536
220	1540
220	1545
220	1597
220	1598
220	1599
220	1600
220	1615
220	1616
221	222
221	223
221	235
221	341
221	342
221	346
221	386
221	387
221	395
221	397
221	405
221	410
221	453
221	455
221	462
221	504
221	505
221	506
221	540
221	544
221	566
221	579
221	583
221	595
221	661
221	662
221	703
221	721
221	722
221	741
221	742
221	753
221	798
221	819
221	829
221	876
221	879
221	929
221	944
221	989
221	994
221	1039
221	1053
221	1058
221	1062
221	1063
221	1064
221	1068
221	1100
221	1143
221	1161
221	1191
221	1196
221	1204
221	1208
221	1209
221	1223
221	1244
221	1253
221	1265
221	1266
221	1270
221	1404
221	1405
221	1442
221	1443
221	1444
221	1488
221	1517
221	1518
221	1544
221	1561
221	1572
221	1576
221	1577
221	1578
221	1579
221	1633
221	1634
221	1635
221	1644
221	1645
221	1646
221	1647
222	224
222	236
222	270
222	280
222	347
222	366
222	374
222	386
222	387
222	395
222	397
222	406
222	410
222	454
222	456
222	463
222	490
222	506
222	545
222	546
222	567
222	580
222	584
222	661
222	662
222	703
222	721
222	722
222	743
222	744
222	754
222	789
222	798
222	829
222	842
222	847
222	876
222	879
222	894
222	912
222	989
222	994
222	1058
222	1065
222	1120
222	1134
222	1135
222	1144
222	1192
222	1197
222	1205
222	1208
222	1209
222	1223
222	1225
222	1226
222	1244
222	1245
222	1253
222	1265
222	1266
222	1371
222	1375
222	1404
222	1405
222	1442
222	1443
222	1444
222	1470
222	1482
222	1506
222	1537
222	1541
222	1542
222	1543
222	1544
222	1556
222	1579
222	1605
222	1606
222	1633
222	1634
222	1635
223	224
223	227
223	231
223	247
223	267
223	281
223	283
223	284
223	289
223	315
223	325
223	326
223	331
223	341
223	342
223	348
223	367
223	370
223	371
223	381
223	395
223	396
223	398
223	400
223	411
223	414
223	425
223	434
223	435
223	441
223	453
223	455
223	456
223	464
223	475
223	499
223	500
223	529
223	547
223	581
223	585
223	607
223	636
223	663
223	672
223	723
223	724
223	745
223	746
223	785
223	799
223	819
223	820
223	849
223	853
223	892
223	893
223	894
223	906
223	926
223	929
223	930
223	939
223	944
223	964
223	980
223	1013
223	1023
223	1037
223	1039
223	1040
223	1048
223	1053
223	1059
223	1060
223	1061
223	1064
223	1066
223	1067
223	1068
223	1069
223	1095
223	1121
223	1125
223	1130
223	1150
223	1168
223	1176
223	1179
223	1191
223	1224
223	1227
223	1228
223	1234
223	1235
223	1254
223	1258
223	1259
223	1262
223	1266
223	1297
223	1309
223	1343
223	1344
223	1376
223	1381
223	1382
223	1390
223	1406
223	1407
223	1408
223	1412
223	1413
223	1414
223	1497
223	1500
223	1514
223	1557
223	1560
223	1561
223	1579
223	1594
223	1595
223	1596
223	1622
223	1623
223	1624
223	1625
224	228
224	248
224	250
224	251
224	282
224	283
224	284
224	290
224	325
224	326
224	342
224	349
224	370
224	371
224	396
224	398
224	406
224	411
224	426
224	434
224	435
224	454
224	455
224	456
224	500
224	548
224	549
224	568
224	608
224	635
224	663
224	672
224	688
224	723
224	724
224	783
224	799
224	814
224	844
224	849
224	853
224	866
224	894
224	895
224	906
224	912
224	929
224	939
224	964
224	980
224	1011
224	1023
224	1039
224	1048
224	1059
224	1060
224	1061
224	1069
224	1070
224	1087
224	1145
224	1169
224	1176
224	1192
224	1224
224	1225
224	1234
224	1235
224	1254
224	1258
224	1286
224	1339
224	1340
224	1344
224	1345
224	1353
224	1377
224	1381
224	1406
224	1407
224	1408
224	1412
224	1413
224	1414
224	1464
224	1523
224	1544
224	1561
224	1587
224	1588
224	1589
224	1594
224	1595
224	1596
224	1619
225	226
225	235
225	239
225	240
225	273
225	280
225	285
225	286
225	295
225	324
225	340
225	343
225	344
225	379
225	389
225	399
225	412
225	421
225	433
225	457
225	465
225	472
225	476
225	477
225	491
225	505
225	520
225	521
225	544
225	551
225	552
225	566
225	569
225	576
225	587
225	595
225	598
225	599
225	610
225	611
225	664
225	665
225	725
225	726
225	753
225	788
225	804
225	806
225	807
225	811
225	830
225	836
225	854
225	883
225	897
225	907
225	915
225	916
225	940
225	943
225	958
225	973
225	1015
225	1028
225	1033
225	1056
225	1059
225	1062
225	1063
225	1064
225	1071
225	1109
225	1122
225	1128
225	1129
225	1137
225	1139
225	1140
225	1146
225	1147
225	1160
225	1164
225	1170
225	1193
225	1194
225	1214
225	1215
225	1248
225	1255
225	1256
225	1272
225	1273
225	1291
225	1323
225	1363
225	1366
225	1371
225	1378
225	1402
225	1431
225	1473
225	1478
225	1483
225	1485
225	1486
225	1487
225	1488
225	1509
225	1513
225	1517
225	1518
225	1527
225	1535
225	1537
225	1546
225	1547
225	1548
225	1570
225	1578
225	1608
225	1609
225	1610
225	1611
225	1645
225	1646
225	1647
226	228
226	236
226	238
226	255
226	282
226	287
226	288
226	290
226	296
226	344
226	366
226	373
226	374
226	380
226	397
226	406
226	408
226	413
226	457
226	473
226	512
226	513
226	514
226	533
226	546
226	555
226	556
226	567
226	570
226	577
226	578
226	589
226	597
226	666
226	667
226	727
226	728
226	747
226	754
226	758
226	781
226	788
226	789
226	800
226	806
226	812
226	899
226	911
226	916
226	982
226	999
226	1028
226	1065
226	1105
226	1121
226	1124
226	1127
226	1148
226	1149
226	1150
226	1153
226	1156
226	1181
226	1182
226	1183
226	1194
226	1225
226	1226
226	1229
226	1242
226	1243
226	1244
226	1245
226	1257
226	1283
226	1311
226	1339
226	1346
226	1353
226	1379
226	1385
226	1409
226	1422
226	1465
226	1467
226	1468
226	1469
226	1470
226	1479
226	1482
226	1505
226	1523
226	1525
226	1526
226	1527
226	1528
226	1543
226	1547
226	1565
226	1591
226	1605
226	1606
227	228
227	241
227	283
227	287
227	289
227	300
227	342
227	346
227	348
227	367
227	370
227	381
227	395
227	398
227	400
227	411
227	414
227	455
227	484
227	496
227	497
227	510
227	525
227	526
227	527
227	548
227	560
227	568
227	571
227	581
227	592
227	600
227	616
227	617
227	672
227	673
227	674
227	732
227	733
227	734
227	735
227	749
227	762
227	763
227	783
227	813
227	814
227	831
227	923
227	929
227	941
227	951
227	964
227	977
227	1037
227	1039
227	1062
227	1069
227	1070
227	1075
227	1079
227	1080
227	1081
227	1093
227	1112
227	1125
227	1130
227	1145
227	1148
227	1153
227	1171
227	1196
227	1198
227	1227
227	1228
227	1234
227	1254
227	1258
227	1259
227	1262
227	1266
227	1295
227	1327
227	1352
227	1376
227	1381
227	1385
227	1406
227	1407
227	1408
227	1412
227	1413
227	1414
227	1464
227	1477
227	1493
227	1495
227	1496
227	1497
227	1523
227	1554
227	1555
227	1556
227	1557
227	1561
227	1572
227	1588
227	1589
227	1617
227	1618
227	1619
228	282
228	284
228	288
228	290
228	347
228	349
228	367
228	371
228	381
228	396
228	398
228	414
228	456
228	484
228	497
228	509
228	510
228	527
228	549
228	561
228	562
228	568
228	572
228	581
228	618
228	619
228	672
228	673
228	674
228	732
228	733
228	734
228	735
228	750
228	782
228	783
228	814
228	831
228	891
228	894
228	909
228	951
228	964
228	977
228	1011
228	1069
228	1070
228	1082
228	1083
228	1084
228	1085
228	1102
228	1121
228	1125
228	1130
228	1149
228	1150
228	1171
228	1197
228	1199
228	1224
228	1227
228	1228
228	1235
228	1258
228	1259
228	1281
228	1307
228	1339
228	1344
228	1353
228	1406
228	1407
228	1408
228	1412
228	1413
228	1414
228	1461
228	1462
228	1464
228	1494
228	1497
228	1522
228	1523
228	1527
228	1537
228	1557
228	1585
228	1586
228	1587
228	1588
228	1589
229	230
229	244
229	245
229	261
229	291
229	295
229	303
229	350
229	364
229	378
229	382
229	391
229	401
229	402
229	415
229	423
229	450
229	452
229	458
229	459
229	461
229	465
229	492
229	493
229	495
229	522
229	523
229	530
229	550
229	564
229	565
229	573
229	582
229	587
229	603
229	604
229	621
229	622
229	625
229	652
229	675
229	676
229	717
229	720
229	736
229	737
229	766
229	767
229	792
229	804
229	809
229	810
229	815
229	838
229	900
229	915
229	918
229	920
229	931
229	949
229	960
229	965
229	975
229	997
229	1024
229	1030
229	1060
229	1088
229	1091
229	1110
229	1126
229	1131
229	1132
229	1137
229	1141
229	1142
229	1151
229	1152
229	1158
229	1163
229	1166
229	1172
229	1200
229	1201
229	1203
229	1220
229	1221
229	1237
229	1251
229	1260
229	1261
229	1276
229	1277
229	1279
229	1293
229	1325
229	1336
229	1355
229	1363
229	1368
229	1401
229	1415
229	1416
229	1417
229	1455
229	1456
229	1457
229	1475
229	1480
229	1483
229	1489
229	1490
229	1491
229	1511
229	1515
229	1530
229	1539
229	1541
229	1549
229	1550
229	1551
229	1552
229	1562
229	1574
229	1608
229	1612
229	1613
229	1614
229	1626
230	243
230	293
230	296
230	304
230	320
230	347
230	350
230	368
230	369
230	376
230	396
230	399
230	403
230	404
230	406
230	408
230	432
230	459
230	461
230	485
230	486
230	531
230	535
230	552
230	568
230	589
230	602
230	623
230	624
230	626
230	677
230	678
230	738
230	739
230	740
230	770
230	771
230	784
230	792
230	793
230	801
230	809
230	816
230	900
230	918
230	932
230	953
230	1001
230	1018
230	1030
230	1071
230	1088
230	1091
230	1092
230	1123
230	1127
230	1154
230	1156
230	1173
230	1186
230	1187
230	1188
230	1201
230	1203
230	1225
230	1229
230	1230
230	1233
230	1235
230	1239
230	1248
230	1249
230	1264
230	1285
230	1301
230	1313
230	1346
230	1350
230	1365
230	1418
230	1423
230	1424
230	1464
230	1465
230	1471
230	1472
230	1473
230	1529
230	1530
230	1531
230	1551
230	1563
230	1567
230	1591
230	1593
230	1596
230	1609
230	1610
230	1611
230	1632
231	246
231	255
231	283
231	292
231	342
231	383
231	395
231	398
231	400
231	403
231	416
231	455
231	462
231	464
231	473
231	498
231	499
231	500
231	528
231	529
231	555
231	570
231	574
231	585
231	592
231	605
231	628
231	681
231	723
231	745
231	746
231	775
231	776
231	817
231	818
231	832
231	911
231	926
231	929
231	996
231	1039
231	1050
231	1063
231	1094
231	1098
231	1099
231	1100
231	1113
231	1133
231	1148
231	1149
231	1153
231	1174
231	1175
231	1204
231	1206
231	1231
231	1232
231	1258
231	1262
231	1264
231	1266
231	1329
231	1379
231	1381
231	1387
231	1409
231	1422
231	1479
231	1493
231	1498
231	1499
231	1500
231	1558
231	1559
231	1560
231	1561
231	1576
231	1620
231	1621
231	1622
231	1625
232	234
232	236
232	298
232	302
232	304
232	355
232	357
232	360
232	392
232	393
232	401
232	413
232	417
232	418
232	469
232	471
232	479
232	492
232	494
232	495
232	508
232	522
232	563
232	685
232	686
232	720
232	751
232	765
232	766
232	767
232	794
232	802
232	833
232	902
232	919
232	961
232	992
232	1019
232	1032
232	1061
232	1070
232	1085
232	1086
232	1087
232	1092
232	1211
232	1217
232	1222
232	1236
232	1242
232	1250
232	1267
232	1278
232	1279
232	1361
232	1365
232	1370
232	1428
232	1429
232	1458
232	1459
232	1460
232	1492
232	1521
232	1532
232	1543
232	1549
232	1550
232	1553
232	1612
232	1649
232	1650
233	234
233	237
233	242
233	270
233	299
233	305
233	308
233	329
233	333
233	337
233	354
233	356
233	357
233	363
233	377
233	378
233	402
233	405
233	407
233	410
233	418
233	419
233	438
233	448
233	449
233	468
233	470
233	471
233	502
233	534
233	564
233	573
233	593
233	629
233	633
233	687
233	688
233	707
233	752
233	768
233	769
233	803
233	827
233	828
233	876
233	879
233	902
233	914
233	936
233	937
233	946
233	950
233	983
233	991
233	1019
233	1027
233	1035
233	1036
233	1045
233	1046
233	1057
233	1058
233	1088
233	1155
233	1157
233	1159
233	1162
233	1177
233	1189
233	1210
233	1237
233	1250
233	1251
233	1263
233	1265
233	1268
233	1270
233	1274
233	1302
233	1332
233	1374
233	1375
233	1389
233	1425
233	1426
233	1427
233	1430
233	1489
233	1510
233	1511
233	1532
233	1564
233	1566
233	1568
233	1594
233	1612
233	1613
233	1614
233	1633
233	1634
233	1635
234	238
234	243
234	250
234	283
234	284
234	289
234	300
234	317
234	330
234	337
234	342
234	348
234	355
234	356
234	357
234	361
234	377
234	378
234	402
234	411
234	414
234	418
234	434
234	435
234	439
234	448
234	449
234	469
234	470
234	471
234	485
234	492
234	493
234	565
234	573
234	594
234	608
234	629
234	634
234	635
234	636
234	663
234	676
234	687
234	688
234	691
234	708
234	737
234	752
234	767
234	770
234	771
234	794
234	795
234	803
234	849
234	853
234	902
234	903
234	906
234	914
234	919
234	936
234	939
234	946
234	959
234	960
234	979
234	980
234	983
234	1016
234	1019
234	1020
234	1027
234	1032
234	1037
234	1039
234	1045
234	1059
234	1060
234	1061
234	1069
234	1088
234	1091
234	1178
234	1189
234	1211
234	1227
234	1234
234	1237
234	1250
234	1251
234	1268
234	1286
234	1302
234	1309
234	1314
234	1344
234	1352
234	1376
234	1377
234	1381
234	1407
234	1417
234	1425
234	1426
234	1427
234	1430
234	1434
234	1447
234	1474
234	1475
234	1489
234	1526
234	1529
234	1532
234	1553
234	1568
234	1594
234	1595
234	1596
234	1599
234	1612
234	1613
234	1614
234	1633
234	1638
235	236
235	239
235	244
235	264
235	297
235	301
235	302
235	306
235	358
235	362
235	379
235	384
235	385
235	389
235	403
235	409
235	412
235	413
235	415
235	419
235	421
235	447
235	472
235	474
235	480
235	481
235	505
235	506
235	539
235	566
235	576
235	595
235	601
235	648
235	657
235	689
235	690
235	699
235	700
235	721
235	753
235	754
235	772
235	804
235	830
235	834
235	857
235	874
235	924
235	925
235	927
235	943
235	988
235	1004
235	1049
235	1052
235	1062
235	1063
235	1064
235	1068
235	1089
235	1090
235	1098
235	1100
235	1128
235	1160
235	1207
235	1214
235	1220
235	1238
235	1242
235	1255
235	1256
235	1263
235	1264
235	1269
235	1272
235	1273
235	1276
235	1280
235	1321
235	1322
235	1331
235	1361
235	1393
235	1395
235	1396
235	1403
235	1431
235	1432
235	1440
235	1441
235	1487
235	1507
235	1508
235	1517
235	1518
235	1543
235	1547
235	1570
235	1574
235	1575
235	1578
235	1579
235	1610
235	1631
235	1632
235	1642
235	1645
235	1646
235	1647
236	240
236	245
236	265
236	268
236	269
236	298
236	301
236	302
236	307
236	345
236	373
236	380
236	384
236	385
236	403
236	412
236	413
236	419
236	420
236	443
236	464
236	473
236	475
236	489
236	502
236	505
236	567
236	577
236	578
236	601
236	649
236	657
236	689
236	690
236	699
236	700
236	722
236	753
236	754
236	769
236	773
236	774
236	788
236	800
236	804
236	823
236	834
236	846
236	857
236	869
236	870
236	873
236	874
236	892
236	908
236	911
236	926
236	988
236	1004
236	1043
236	1065
236	1089
236	1090
236	1097
236	1098
236	1181
236	1195
236	1207
236	1238
236	1240
236	1242
236	1243
236	1257
236	1263
236	1264
236	1269
236	1272
236	1299
236	1321
236	1322
236	1356
236	1357
236	1361
236	1362
236	1370
236	1394
236	1395
236	1422
236	1431
236	1432
236	1440
236	1441
236	1469
236	1482
236	1505
236	1507
236	1508
236	1527
236	1535
236	1536
236	1539
236	1540
236	1543
236	1544
236	1553
236	1571
236	1578
236	1603
236	1605
236	1606
236	1622
236	1630
236	1631
236	1632
236	1645
237	238
237	241
237	299
237	305
237	308
237	313
237	356
237	359
237	372
237	388
237	401
237	405
237	420
237	423
237	470
237	501
237	513
237	530
237	532
237	533
237	545
237	569
237	577
237	583
237	584
237	596
237	696
237	697
237	698
237	727
237	757
237	758
237	787
237	821
237	822
237	835
237	855
237	859
237	933
237	936
237	947
237	981
237	998
237	1045
237	1072
237	1073
237	1077
237	1096
237	1097
237	1115
237	1132
237	1143
237	1151
237	1159
237	1161
237	1166
237	1180
237	1212
237	1240
237	1241
237	1260
237	1270
237	1271
237	1279
237	1298
237	1330
237	1374
237	1383
237	1389
237	1419
237	1420
237	1421
237	1439
237	1486
237	1503
237	1504
237	1505
237	1506
237	1526
237	1555
237	1562
237	1564
237	1565
237	1568
237	1581
237	1603
237	1604
237	1629
237	1630
237	1633
238	287
238	300
238	305
238	357
238	360
238	361
238	372
238	388
238	405
238	416
238	420
238	471
238	501
238	511
238	513
238	514
238	532
238	546
238	569
238	578
238	585
238	597
238	639
238	640
238	696
238	697
238	698
238	728
238	757
238	758
238	778
238	786
238	787
238	822
238	835
238	855
238	859
238	898
238	902
238	981
238	998
238	1016
238	1019
238	1096
238	1097
238	1105
238	1133
238	1159
238	1180
238	1213
238	1231
238	1240
238	1241
238	1270
238	1271
238	1282
238	1310
238	1352
238	1385
238	1419
238	1420
238	1421
238	1439
238	1467
238	1468
238	1469
238	1470
238	1486
238	1500
238	1524
238	1526
238	1527
238	1528
238	1532
238	1564
238	1594
238	1603
238	1604
239	240
239	241
239	301
239	303
239	306
239	358
239	362
239	363
239	373
239	379
239	380
239	384
239	389
239	409
239	412
239	413
239	415
239	419
239	421
239	457
239	476
239	487
239	503
239	517
239	537
239	538
239	547
239	579
239	586
239	587
239	598
239	641
239	699
239	700
239	701
239	702
239	729
239	759
239	760
239	761
239	788
239	806
239	811
239	823
239	830
239	836
239	916
239	940
239	954
239	984
239	1004
239	1035
239	1049
239	1052
239	1066
239	1074
239	1075
239	1080
239	1098
239	1099
239	1100
239	1118
239	1158
239	1193
239	1194
239	1195
239	1214
239	1215
239	1242
239	1243
239	1255
239	1256
239	1257
239	1263
239	1269
239	1272
239	1273
239	1276
239	1280
239	1334
239	1393
239	1395
239	1401
239	1431
239	1432
239	1440
239	1441
239	1483
239	1513
239	1514
239	1519
239	1535
239	1536
239	1547
239	1555
239	1570
239	1571
239	1572
239	1573
239	1578
239	1581
239	1620
239	1621
239	1622
239	1639
239	1640
239	1641
239	1645
240	302
240	304
240	307
240	362
240	373
240	379
240	380
240	385
240	389
240	403
240	412
240	413
240	421
240	457
240	477
240	487
240	488
240	515
240	517
240	518
240	537
240	570
240	580
240	588
240	589
240	599
240	642
240	699
240	700
240	701
240	702
240	730
240	731
240	759
240	760
240	761
240	779
240	788
240	800
240	806
240	823
240	830
240	836
240	907
240	916
240	954
240	984
240	1004
240	1049
240	1058
240	1073
240	1076
240	1077
240	1078
240	1089
240	1098
240	1099
240	1100
240	1107
240	1128
240	1160
240	1181
240	1193
240	1194
240	1195
240	1214
240	1238
240	1242
240	1243
240	1255
240	1256
240	1257
240	1264
240	1272
240	1273
240	1318
240	1356
240	1361
240	1365
240	1431
240	1432
240	1440
240	1441
240	1465
240	1478
240	1479
240	1501
240	1533
240	1535
240	1536
240	1537
240	1538
240	1543
240	1547
240	1570
240	1571
240	1600
240	1601
240	1602
240	1620
240	1621
240	1622
241	299
241	305
241	308
241	362
241	363
241	366
241	374
241	386
241	397
241	406
241	410
241	444
241	474
241	476
241	496
241	497
241	524
241	526
241	527
241	548
241	571
241	581
241	590
241	591
241	600
241	643
241	644
241	703
241	704
241	732
241	733
241	762
241	763
241	780
241	789
241	807
241	811
241	812
241	830
241	922
241	927
241	940
241	976
241	994
241	1035
241	1049
241	1062
241	1075
241	1079
241	1080
241	1081
241	1093
241	1112
241	1134
241	1143
241	1144
241	1159
241	1161
241	1170
241	1182
241	1214
241	1215
241	1225
241	1226
241	1244
241	1245
241	1253
241	1265
241	1294
241	1326
241	1374
241	1389
241	1404
241	1405
241	1442
241	1443
241	1444
241	1476
241	1495
241	1496
241	1497
241	1512
241	1555
241	1556
241	1557
241	1564
241	1570
241	1617
241	1618
241	1619
241	1623
242	243
242	246
242	310
242	313
242	356
242	362
242	375
242	384
242	390
242	401
242	407
242	410
242	419
242	421
242	422
242	423
242	470
242	478
242	485
242	502
242	534
242	535
242	551
242	573
242	595
242	601
242	648
242	649
242	682
242	709
242	710
242	738
242	768
242	769
242	770
242	771
242	791
242	808
242	824
242	825
242	837
242	936
242	952
242	971
242	1000
242	1045
242	1049
242	1065
242	1078
242	1089
242	1090
242	1097
242	1104
242	1105
242	1116
242	1137
242	1146
242	1151
242	1155
242	1162
242	1164
242	1166
242	1184
242	1185
242	1216
242	1218
242	1246
242	1247
242	1255
242	1260
242	1263
242	1265
242	1269
242	1274
242	1275
242	1279
242	1299
242	1331
242	1383
242	1386
242	1448
242	1489
242	1507
242	1508
242	1509
242	1517
242	1529
242	1558
242	1566
242	1567
242	1568
242	1583
242	1607
242	1608
242	1631
242	1632
242	1633
243	311
243	346
243	357
243	375
243	390
243	407
243	411
243	419
243	422
243	471
243	479
243	485
243	486
243	502
243	534
243	552
243	573
243	602
243	650
243	651
243	682
243	709
243	710
243	739
243	740
243	752
243	768
243	769
243	770
243	771
243	790
243	791
243	808
243	825
243	837
243	902
243	952
243	971
243	1000
243	1017
243	1019
243	1029
243	1088
243	1091
243	1092
243	1104
243	1105
243	1138
243	1155
243	1162
243	1184
243	1185
243	1217
243	1219
243	1234
243	1246
243	1247
243	1263
243	1274
243	1275
243	1284
243	1312
243	1348
243	1448
243	1471
243	1472
243	1473
243	1489
243	1529
243	1530
243	1531
243	1532
243	1549
243	1566
243	1593
243	1594
243	1607
243	1608
244	245
244	246
244	301
244	350
244	382
244	391
244	409
244	412
244	415
244	417
244	423
244	472
244	480
244	481
244	489
244	504
244	505
244	539
244	540
244	553
244	583
244	603
244	652
244	711
244	712
244	713
244	741
244	742
244	753
244	772
244	773
244	774
244	792
244	809
244	815
244	826
244	838
244	924
244	943
244	956
244	968
244	986
244	1006
244	1030
244	1067
244	1081
244	1093
244	1094
244	1095
244	1099
244	1106
244	1107
244	1119
244	1158
244	1200
244	1201
244	1202
244	1203
244	1220
244	1221
244	1260
244	1261
244	1272
244	1276
244	1277
244	1278
244	1280
244	1395
244	1436
244	1437
244	1438
244	1449
244	1450
244	1451
244	1485
244	1515
244	1516
244	1520
244	1539
244	1540
244	1551
244	1558
244	1574
244	1575
244	1576
244	1577
244	1578
244	1583
244	1626
244	1627
244	1628
244	1642
244	1643
244	1644
244	1645
245	272
245	302
245	309
245	350
245	364
245	382
245	391
245	413
245	415
245	418
245	420
245	423
245	462
245	473
245	480
245	489
245	490
245	539
245	554
245	584
245	596
245	597
245	604
245	653
245	711
245	712
245	713
245	743
245	744
245	754
245	772
245	773
245	774
245	792
245	801
245	809
245	826
245	838
245	911
245	956
245	968
245	986
245	1006
245	1024
245	1030
245	1090
245	1096
245	1097
245	1106
245	1107
245	1131
245	1163
245	1186
245	1200
245	1201
245	1202
245	1203
245	1220
245	1240
245	1242
245	1250
245	1260
245	1261
245	1276
245	1277
245	1320
245	1359
245	1361
245	1367
245	1436
245	1437
245	1438
245	1449
245	1450
245	1451
245	1467
245	1480
245	1481
245	1503
245	1539
245	1540
245	1541
245	1542
245	1543
245	1549
245	1551
245	1574
245	1575
245	1603
245	1604
245	1626
245	1627
245	1628
246	273
246	310
246	335
246	358
246	368
246	376
246	399
246	408
246	419
246	421
246	472
246	474
246	480
246	481
246	498
246	499
246	528
246	529
246	555
246	574
246	585
246	598
246	599
246	605
246	654
246	655
246	714
246	715
246	745
246	746
246	775
246	776
246	793
246	810
246	815
246	816
246	924
246	927
246	943
246	978
246	995
246	1038
246	1052
246	1063
246	1094
246	1098
246	1099
246	1100
246	1108
246	1109
246	1110
246	1113
246	1139
246	1146
246	1147
246	1155
246	1162
246	1164
246	1172
246	1173
246	1187
246	1220
246	1221
246	1229
246	1230
246	1248
246	1249
246	1255
246	1263
246	1296
246	1328
246	1378
246	1386
246	1478
246	1498
246	1499
246	1500
246	1513
246	1558
246	1559
246	1560
246	1566
246	1574
246	1590
246	1591
246	1592
246	1620
246	1621
246	1622
246	1623
247	248
247	250
247	251
247	255
247	266
247	283
247	284
247	289
247	290
247	315
247	322
247	323
247	324
247	367
247	370
247	373
247	424
247	426
247	439
247	440
247	441
247	456
247	471
247	473
247	474
247	475
247	500
247	547
247	606
247	623
247	634
247	636
247	650
247	723
247	724
247	754
247	785
247	839
247	843
247	844
247	849
247	850
247	851
247	853
247	865
247	866
247	880
247	892
247	893
247	894
247	895
247	902
247	903
247	904
247	911
247	927
247	928
247	1015
247	1040
247	1042
247	1055
247	1059
247	1060
247	1061
247	1069
247	1070
247	1087
247	1121
247	1145
247	1150
247	1179
247	1254
247	1257
247	1259
247	1309
247	1312
247	1313
247	1314
247	1315
247	1339
247	1340
247	1344
247	1345
247	1376
247	1377
247	1379
247	1380
247	1381
247	1382
247	1410
247	1411
247	1433
247	1434
247	1435
247	1514
247	1561
247	1588
247	1589
247	1594
247	1595
247	1596
247	1601
247	1602
247	1616
247	1640
247	1641
248	250
248	251
248	256
248	263
248	267
248	283
248	284
248	289
248	290
248	314
248	325
248	326
248	327
248	328
248	371
248	374
248	424
248	425
248	426
248	439
248	441
248	454
248	455
248	456
248	471
248	475
248	484
248	548
248	549
248	608
248	619
248	624
248	635
248	651
248	722
248	724
248	735
248	839
248	843
248	844
248	849
248	850
248	851
248	853
248	865
248	866
248	880
248	892
248	893
248	894
248	895
248	902
248	903
248	904
248	912
248	929
248	930
248	1010
248	1021
248	1023
248	1034
248	1048
248	1059
248	1060
248	1061
248	1069
248	1070
248	1087
248	1145
248	1169
248	1192
248	1224
248	1226
248	1281
248	1284
248	1285
248	1286
248	1338
248	1339
248	1340
248	1342
248	1343
248	1344
248	1345
248	1376
248	1377
248	1381
248	1382
248	1406
248	1407
248	1408
248	1412
248	1413
248	1414
248	1586
248	1587
248	1588
248	1589
248	1594
248	1595
248	1596
248	1616
248	1618
248	1619
249	251
249	261
249	266
249	267
249	269
249	274
249	307
249	318
249	320
249	326
249	334
249	335
249	336
249	347
249	366
249	368
249	369
249	378
249	404
249	425
249	430
249	431
249	440
249	455
249	459
249	460
249	461
249	474
249	486
249	493
249	558
249	559
249	581
249	607
249	623
249	624
249	655
249	691
249	737
249	740
249	792
249	793
249	840
249	848
249	871
249	872
249	900
249	901
249	918
249	927
249	928
249	929
249	930
249	934
249	935
249	979
249	1012
249	1018
249	1023
249	1025
249	1038
249	1066
249	1067
249	1068
249	1091
249	1092
249	1120
249	1122
249	1125
249	1129
249	1130
249	1135
249	1140
249	1173
249	1203
249	1233
249	1237
249	1239
249	1245
249	1249
249	1285
249	1296
249	1297
249	1313
249	1340
249	1341
249	1343
249	1355
249	1356
249	1357
249	1358
249	1380
249	1417
249	1418
249	1423
249	1424
249	1466
249	1497
249	1502
249	1538
249	1548
249	1591
249	1592
249	1593
249	1623
249	1624
249	1625
249	1627
249	1628
250	251
250	262
250	270
250	283
250	284
250	289
250	290
250	308
250	316
250	317
250	337
250	338
250	339
250	367
250	370
250	371
250	411
250	424
250	426
250	438
250	439
250	441
250	456
250	469
250	470
250	471
250	475
250	485
250	494
250	548
250	549
250	560
250	608
250	634
250	635
250	636
250	640
250	651
250	656
250	663
250	724
250	751
250	752
250	771
250	794
250	795
250	839
250	843
250	844
250	849
250	850
250	851
250	853
250	865
250	866
250	880
250	892
250	893
250	894
250	895
250	902
250	903
250	904
250	919
250	936
250	937
250	980
250	1014
250	1027
250	1041
250	1044
250	1059
250	1060
250	1061
250	1069
250	1070
250	1121
250	1123
250	1145
250	1150
250	1154
250	1178
250	1211
250	1224
250	1234
250	1254
250	1259
250	1282
250	1284
250	1286
250	1308
250	1309
250	1314
250	1339
250	1340
250	1344
250	1345
250	1373
250	1374
250	1375
250	1376
250	1377
250	1381
250	1382
250	1425
250	1426
250	1427
250	1429
250	1430
250	1477
250	1532
250	1565
250	1587
250	1588
250	1589
250	1594
250	1595
250	1596
250	1598
250	1599
250	1619
250	1637
250	1638
251	256
251	263
251	283
251	284
251	289
251	290
251	318
251	370
251	371
251	396
251	424
251	426
251	439
251	441
251	452
251	456
251	471
251	475
251	486
251	495
251	548
251	549
251	561
251	562
251	606
251	624
251	635
251	663
251	720
251	724
251	740
251	752
251	796
251	797
251	839
251	843
251	844
251	849
251	850
251	851
251	853
251	865
251	866
251	880
251	892
251	893
251	894
251	895
251	902
251	903
251	904
251	920
251	980
251	1059
251	1060
251	1061
251	1069
251	1070
251	1121
251	1124
251	1145
251	1150
251	1167
251	1190
251	1224
251	1235
251	1254
251	1283
251	1285
251	1286
251	1315
251	1338
251	1339
251	1340
251	1342
251	1344
251	1345
251	1358
251	1376
251	1377
251	1381
251	1382
251	1461
251	1494
251	1528
251	1587
251	1588
251	1589
251	1594
251	1595
251	1596
251	1616
251	1619
252	254
252	258
252	276
252	280
252	291
252	309
252	313
252	319
252	320
252	341
252	342
252	378
252	402
252	434
252	435
252	437
252	442
252	466
252	467
252	488
252	490
252	516
252	564
252	565
252	609
252	615
252	629
252	631
252	632
252	638
252	731
252	744
252	748
252	798
252	799
252	849
252	852
252	853
252	863
252	867
252	881
252	885
252	886
252	889
252	905
252	906
252	938
252	939
252	947
252	948
252	1018
252	1031
252	1039
252	1053
252	1114
252	1115
252	1116
252	1126
252	1138
252	1141
252	1142
252	1152
252	1176
252	1209
252	1237
252	1251
252	1287
252	1288
252	1302
252	1303
252	1304
252	1317
252	1351
252	1360
252	1364
252	1367
252	1368
252	1369
252	1371
252	1383
252	1384
252	1421
252	1425
252	1426
252	1427
252	1430
252	1475
252	1511
252	1534
252	1542
252	1546
252	1552
252	1594
252	1595
252	1597
252	1598
252	1599
252	1633
252	1634
253	254
253	255
253	259
253	281
253	292
253	293
253	296
253	310
253	320
253	343
253	344
253	345
253	373
253	385
253	403
253	427
253	429
253	443
253	445
253	447
253	457
253	476
253	477
253	487
253	566
253	567
253	610
253	615
253	642
253	657
253	761
253	800
253	841
253	854
253	855
253	858
253	859
253	860
253	861
253	868
253	882
253	883
253	890
253	907
253	908
253	909
253	910
253	916
253	917
253	925
253	940
253	1018
253	1028
253	1043
253	1056
253	1071
253	1076
253	1077
253	1078
253	1127
253	1156
253	1181
253	1238
253	1257
253	1264
253	1288
253	1318
253	1321
253	1322
253	1323
253	1346
253	1347
253	1350
253	1351
253	1379
253	1386
253	1387
253	1388
253	1390
253	1431
253	1432
253	1440
253	1441
253	1482
253	1518
253	1563
253	1567
253	1600
253	1601
253	1602
253	1605
253	1609
253	1610
253	1611
253	1621
253	1645
253	1646
254	256
254	259
254	263
254	271
254	282
254	292
254	293
254	296
254	311
254	314
254	319
254	320
254	346
254	347
254	348
254	349
254	369
254	374
254	376
254	404
254	427
254	428
254	429
254	443
254	447
254	457
254	477
254	484
254	488
254	568
254	611
254	614
254	615
254	619
254	632
254	658
254	731
254	735
254	841
254	854
254	855
254	858
254	859
254	860
254	861
254	868
254	882
254	883
254	891
254	907
254	908
254	909
254	910
254	916
254	917
254	925
254	941
254	942
254	1011
254	1018
254	1021
254	1031
254	1037
254	1071
254	1076
254	1077
254	1078
254	1197
254	1226
254	1230
254	1233
254	1239
254	1281
254	1287
254	1288
254	1289
254	1290
254	1291
254	1319
254	1338
254	1342
254	1346
254	1347
254	1348
254	1349
254	1350
254	1351
254	1353
254	1369
254	1387
254	1388
254	1410
254	1411
254	1433
254	1434
254	1435
254	1464
254	1525
254	1531
254	1588
254	1589
254	1600
254	1601
254	1602
254	1609
254	1610
254	1611
254	1621
254	1623
254	1624
255	256
255	262
255	273
255	283
255	287
255	288
255	321
255	345
255	351
255	367
255	373
255	374
255	380
255	400
255	413
255	441
255	443
255	454
255	472
255	473
255	475
255	489
255	499
255	513
255	514
255	529
255	546
255	555
255	570
255	578
255	585
255	639
255	662
255	667
255	681
255	690
255	728
255	745
255	746
255	754
255	758
255	774
255	788
255	800
255	818
255	823
255	842
255	846
255	847
255	870
255	892
255	893
255	898
255	899
255	908
255	911
255	912
255	943
255	982
255	996
255	1043
255	1051
255	1054
255	1065
255	1105
255	1148
255	1149
255	1153
255	1181
255	1195
255	1226
255	1242
255	1243
255	1257
255	1259
255	1262
255	1310
255	1311
255	1342
255	1373
255	1378
255	1379
255	1381
255	1382
255	1385
255	1388
255	1422
255	1431
255	1432
255	1435
255	1440
255	1441
255	1469
255	1470
255	1479
255	1500
255	1527
255	1536
255	1554
255	1560
255	1567
255	1571
255	1600
255	1605
255	1606
255	1622
255	1639
256	259
256	263
256	274
256	284
256	287
256	288
256	320
256	352
256	353
256	366
256	373
256	374
256	397
256	406
256	426
256	453
256	454
256	456
256	473
256	490
256	546
256	556
256	571
256	572
256	578
256	615
256	640
256	662
256	667
256	690
256	722
256	724
256	744
256	789
256	818
256	842
256	846
256	847
256	870
256	894
256	895
256	898
256	899
256	911
256	912
256	944
256	982
256	1018
256	1022
256	1047
256	1065
256	1123
256	1124
256	1154
256	1225
256	1226
256	1244
256	1245
256	1257
256	1282
256	1283
256	1288
256	1338
256	1340
256	1341
256	1342
256	1344
256	1345
256	1347
256	1351
256	1360
256	1379
256	1385
256	1404
256	1405
256	1408
256	1442
256	1443
256	1444
256	1462
256	1469
256	1470
256	1496
256	1522
256	1531
256	1556
256	1585
256	1605
256	1606
256	1617
257	258
257	260
257	271
257	275
257	285
257	294
257	295
257	310
257	311
257	312
257	322
257	323
257	325
257	354
257	355
257	356
257	357
257	375
257	428
257	448
257	449
257	451
257	465
257	476
257	482
257	483
257	492
257	519
257	573
257	612
257	630
257	641
257	657
257	658
257	767
257	777
257	802
257	803
257	843
257	856
257	857
257	874
257	880
257	887
257	896
257	913
257	914
257	915
257	940
257	941
257	942
257	945
257	946
257	1019
257	1032
257	1042
257	1045
257	1048
257	1055
257	1057
257	1074
257	1075
257	1104
257	1105
257	1138
257	1155
257	1162
257	1189
257	1222
257	1275
257	1289
257	1321
257	1333
257	1334
257	1335
257	1348
257	1349
257	1363
257	1364
257	1386
257	1392
257	1397
257	1398
257	1399
257	1400
257	1402
257	1445
257	1446
257	1447
257	1452
257	1453
257	1454
257	1489
257	1545
257	1546
257	1569
257	1607
257	1608
257	1612
257	1613
257	1639
257	1640
257	1641
257	1649
257	1650
258	259
258	261
258	271
258	274
258	286
258	294
258	295
258	310
258	311
258	324
258	326
258	358
258	368
258	428
258	433
258	449
258	465
258	476
258	483
258	491
258	493
258	520
258	611
258	613
258	726
258	737
258	804
258	805
258	843
258	856
258	857
258	874
258	880
258	887
258	897
258	913
258	914
258	915
258	940
258	941
258	942
258	1015
258	1023
258	1052
258	1074
258	1075
258	1104
258	1105
258	1122
258	1126
258	1137
258	1138
258	1140
258	1142
258	1249
258	1290
258	1291
258	1300
258	1322
258	1341
258	1347
258	1348
258	1349
258	1355
258	1363
258	1364
258	1366
258	1369
258	1386
258	1399
258	1400
258	1417
258	1448
258	1472
258	1508
258	1534
258	1546
258	1548
258	1552
258	1607
258	1608
258	1631
258	1639
258	1640
258	1641
259	263
259	288
259	292
259	293
259	296
259	323
259	324
259	328
259	344
259	362
259	363
259	369
259	376
259	404
259	427
259	429
259	440
259	441
259	443
259	457
259	477
259	491
259	512
259	568
259	574
259	575
259	610
259	611
259	615
259	632
259	726
259	747
259	785
259	806
259	807
259	841
259	854
259	855
259	858
259	859
259	860
259	861
259	868
259	882
259	883
259	893
259	899
259	907
259	908
259	909
259	910
259	916
259	917
259	928
259	1010
259	1015
259	1028
259	1035
259	1042
259	1049
259	1071
259	1076
259	1077
259	1078
259	1124
259	1127
259	1156
259	1170
259	1179
259	1194
259	1230
259	1233
259	1239
259	1283
259	1287
259	1288
259	1290
259	1291
259	1323
259	1338
259	1342
259	1346
259	1347
259	1350
259	1351
259	1364
259	1387
259	1388
259	1411
259	1463
259	1464
259	1499
259	1522
259	1525
259	1528
259	1531
259	1563
259	1589
259	1600
259	1601
259	1602
259	1609
259	1610
259	1611
259	1620
259	1621
259	1624
260	261
260	262
260	277
260	299
260	300
260	322
260	325
260	326
260	327
260	352
260	356
260	357
260	372
260	377
260	390
260	444
260	448
260	449
260	455
260	456
260	459
260	478
260	479
260	485
260	492
260	493
260	494
260	522
260	526
260	527
260	548
260	573
260	581
260	616
260	643
260	646
260	647
260	663
260	682
260	691
260	703
260	707
260	708
260	716
260	732
260	737
260	751
260	762
260	766
260	767
260	771
260	808
260	844
260	862
260	866
260	884
260	894
260	914
260	918
260	922
260	923
260	929
260	946
260	959
260	970
260	971
260	979
260	980
260	991
260	994
260	1019
260	1023
260	1029
260	1034
260	1045
260	1047
260	1048
260	1055
260	1060
260	1075
260	1079
260	1080
260	1081
260	1088
260	1091
260	1103
260	1112
260	1185
260	1217
260	1247
260	1268
260	1271
260	1292
260	1324
260	1326
260	1327
260	1352
260	1355
260	1373
260	1389
260	1391
260	1392
260	1400
260	1412
260	1417
260	1442
260	1445
260	1446
260	1447
260	1452
260	1453
260	1454
260	1489
260	1497
260	1549
260	1550
260	1569
260	1577
260	1607
260	1612
260	1613
260	1614
260	1617
260	1618
260	1619
260	1648
261	263
261	267
261	271
261	278
261	299
261	300
261	319
261	325
261	326
261	328
261	350
261	353
261	364
261	369
261	378
261	391
261	431
261	444
261	455
261	456
261	458
261	459
261	461
261	479
261	486
261	492
261	493
261	495
261	523
261	548
261	581
261	617
261	621
261	622
261	644
261	663
261	672
261	676
261	691
261	720
261	736
261	737
261	740
261	767
261	809
261	810
261	844
261	862
261	866
261	884
261	894
261	900
261	901
261	918
261	922
261	923
261	929
261	949
261	960
261	964
261	979
261	980
261	1010
261	1022
261	1023
261	1024
261	1030
261	1031
261	1048
261	1060
261	1079
261	1080
261	1081
261	1088
261	1091
261	1125
261	1130
261	1133
261	1138
261	1172
261	1201
261	1237
261	1239
261	1261
261	1293
261	1294
261	1295
261	1325
261	1338
261	1343
261	1349
261	1352
261	1354
261	1355
261	1358
261	1360
261	1364
261	1389
261	1392
261	1415
261	1416
261	1417
261	1418
261	1437
261	1447
261	1455
261	1456
261	1457
261	1497
261	1534
261	1542
261	1546
261	1551
261	1552
261	1590
261	1612
261	1613
261	1614
261	1617
261	1618
261	1619
261	1626
262	263
262	279
262	281
262	282
262	289
262	323
262	325
262	327
262	365
262	370
262	373
262	439
262	445
262	452
262	468
262	469
262	471
262	492
262	494
262	510
262	549
262	618
262	635
262	645
262	647
262	734
262	751
262	752
262	767
262	840
262	852
262	863
262	871
262	890
262	891
262	902
262	903
262	919
262	920
262	950
262	1026
262	1034
262	1042
262	1048
262	1082
262	1083
262	1084
262	1102
262	1145
262	1149
262	1254
262	1257
262	1286
262	1292
262	1306
262	1307
262	1338
262	1353
262	1372
262	1373
262	1376
262	1377
262	1379
262	1390
262	1392
262	1428
262	1429
262	1458
262	1459
262	1460
262	1554
262	1563
262	1585
262	1586
262	1587
262	1597
262	1636
263	281
263	282
263	290
263	324
263	326
263	328
263	371
263	374
263	424
263	445
263	452
263	469
263	493
263	495
263	549
263	611
263	619
263	622
263	720
263	737
263	840
263	852
263	863
263	871
263	890
263	891
263	904
263	919
263	920
263	1010
263	1015
263	1023
263	1082
263	1083
263	1084
263	1124
263	1224
263	1226
263	1281
263	1291
263	1293
263	1338
263	1339
263	1340
263	1342
263	1345
263	1347
263	1351
263	1353
263	1355
263	1373
263	1390
263	1429
263	1522
263	1525
263	1585
263	1586
263	1587
263	1615
264	265
264	266
264	268
264	269
264	301
264	302
264	306
264	307
264	319
264	320
264	335
264	358
264	379
264	384
264	430
264	446
264	447
264	460
264	464
264	480
264	481
264	498
264	505
264	576
264	633
264	648
264	654
264	655
264	694
264	753
264	776
264	815
264	816
264	826
264	845
264	846
264	857
264	860
264	867
264	868
264	869
264	870
264	873
264	874
264	875
264	886
264	924
264	925
264	926
264	934
264	935
264	990
264	1018
264	1031
264	1038
264	1052
264	1089
264	1090
264	1098
264	1099
264	1100
264	1128
264	1160
264	1187
264	1202
264	1221
264	1269
264	1273
264	1296
264	1328
264	1331
264	1332
264	1356
264	1357
264	1361
264	1362
264	1380
264	1393
264	1394
264	1395
264	1396
264	1422
264	1449
264	1487
264	1571
264	1575
264	1578
264	1610
264	1611
264	1620
264	1621
264	1622
264	1631
264	1632
265	267
265	268
265	269
265	272
265	278
265	301
265	302
265	306
265	307
265	321
265	331
265	334
265	380
265	385
265	388
265	430
265	446
265	447
265	460
265	462
265	464
265	481
265	499
265	500
265	504
265	577
265	578
265	607
265	620
265	628
265	649
265	694
265	723
265	742
265	746
265	754
265	817
265	818
265	826
265	845
265	846
265	857
265	860
265	867
265	868
265	869
265	870
265	873
265	874
265	875
265	886
265	924
265	925
265	926
265	934
265	935
265	990
265	1013
265	1025
265	1051
265	1089
265	1090
265	1098
265	1099
265	1100
265	1202
265	1206
265	1238
265	1241
265	1243
265	1297
265	1299
265	1305
265	1329
265	1343
265	1354
265	1356
265	1357
265	1359
265	1361
265	1362
265	1393
265	1394
265	1395
265	1396
265	1409
265	1419
265	1422
265	1469
265	1505
265	1536
265	1540
265	1543
265	1620
265	1621
265	1622
265	1630
265	1631
265	1632
266	267
266	270
266	273
266	283
266	320
266	322
266	323
266	324
266	329
266	347
266	386
266	389
266	425
266	431
266	440
266	441
266	455
266	461
266	472
266	474
266	475
266	496
266	498
266	500
266	505
266	579
266	580
266	606
266	607
266	621
266	623
266	624
266	634
266	644
266	650
266	655
266	665
266	695
266	723
266	753
266	763
266	776
266	792
266	793
266	840
266	848
266	871
266	872
266	892
266	893
266	900
266	901
266	927
266	928
266	929
266	930
266	943
266	957
266	958
266	1015
266	1018
266	1042
266	1046
266	1055
266	1064
266	1066
266	1067
266	1068
266	1091
266	1092
266	1095
266	1129
266	1134
266	1144
266	1157
266	1173
266	1203
266	1253
266	1256
266	1285
266	1294
266	1296
266	1297
266	1312
266	1313
266	1314
266	1315
266	1325
266	1343
266	1358
266	1375
266	1378
266	1380
266	1381
266	1382
266	1396
266	1406
266	1410
266	1411
266	1431
266	1433
266	1434
266	1435
266	1443
266	1556
266	1559
266	1592
266	1593
266	1601
266	1602
266	1623
266	1624
266	1625
266	1628
266	1640
266	1641
267	274
267	284
267	320
267	325
267	326
267	327
267	328
267	330
267	331
267	347
267	381
267	387
267	425
267	426
267	431
267	440
267	453
267	455
267	456
267	461
267	474
267	497
267	499
267	500
267	506
267	581
267	607
267	617
267	622
267	623
267	624
267	635
267	651
267	665
267	695
267	721
267	723
267	733
267	746
267	792
267	793
267	819
267	820
267	840
267	848
267	871
267	872
267	894
267	895
267	900
267	901
267	927
267	928
267	929
267	930
267	944
267	957
267	958
267	1010
267	1013
267	1018
267	1020
267	1023
267	1034
267	1048
267	1064
267	1066
267	1067
267	1068
267	1091
267	1092
267	1095
267	1120
267	1125
267	1130
267	1135
267	1168
267	1173
267	1191
267	1203
267	1223
267	1228
267	1284
267	1285
267	1286
267	1293
267	1295
267	1297
267	1313
267	1341
267	1343
267	1344
267	1345
267	1355
267	1358
267	1362
267	1380
267	1404
267	1406
267	1407
267	1408
267	1412
267	1413
267	1414
267	1433
267	1497
267	1561
267	1586
267	1587
267	1592
267	1593
267	1618
267	1619
267	1623
267	1624
267	1625
267	1628
268	269
268	270
268	277
268	301
268	302
268	306
268	307
268	333
268	362
268	379
268	382
268	384
268	385
268	392
268	419
268	430
268	446
268	447
268	460
268	464
268	478
268	481
268	502
268	508
268	577
268	578
268	586
268	587
268	625
268	628
268	648
268	649
268	654
268	667
268	689
268	690
268	698
268	754
268	765
268	769
268	817
268	818
268	824
268	825
268	845
268	846
268	857
268	860
268	867
268	868
268	869
268	870
268	873
268	874
268	875
268	886
268	924
268	925
268	926
268	934
268	935
268	981
268	982
268	988
268	1017
268	1036
268	1049
268	1089
268	1090
268	1098
268	1099
268	1100
268	1128
268	1131
268	1160
268	1163
268	1206
268	1218
268	1238
268	1263
268	1267
268	1269
268	1273
268	1277
268	1299
268	1328
268	1329
268	1331
268	1336
268	1356
268	1357
268	1361
268	1362
268	1375
268	1391
268	1393
268	1394
268	1395
268	1396
268	1445
268	1448
268	1456
268	1469
268	1483
268	1505
268	1519
268	1543
268	1571
268	1582
268	1608
268	1620
268	1621
268	1622
268	1631
268	1632
269	272
269	278
269	301
269	302
269	306
269	307
269	334
269	335
269	336
269	380
269	384
269	385
269	393
269	403
269	430
269	431
269	446
269	447
269	458
269	460
269	461
269	464
269	481
269	577
269	578
269	588
269	589
269	607
269	626
269	628
269	655
269	667
269	689
269	690
269	698
269	754
269	817
269	818
269	826
269	845
269	846
269	857
269	860
269	867
269	868
269	869
269	870
269	873
269	874
269	875
269	886
269	900
269	901
269	924
269	925
269	926
269	934
269	935
269	949
269	981
269	982
269	988
269	1012
269	1025
269	1038
269	1089
269	1090
269	1098
269	1099
269	1100
269	1128
269	1160
269	1202
269	1206
269	1236
269	1238
269	1243
269	1264
269	1269
269	1296
269	1297
269	1301
269	1329
269	1354
269	1356
269	1357
269	1358
269	1359
269	1361
269	1362
269	1393
269	1394
269	1395
269	1396
269	1415
269	1418
269	1423
269	1424
269	1448
269	1465
269	1469
269	1501
269	1505
269	1536
269	1543
269	1591
269	1592
269	1620
269	1621
269	1622
269	1627
269	1628
269	1631
269	1632
270	279
270	289
270	308
270	333
270	337
270	338
270	339
270	386
270	387
270	394
270	410
270	438
270	439
270	468
270	470
270	471
270	501
270	502
270	545
270	546
270	590
270	591
270	608
270	627
270	633
270	636
270	649
270	656
270	661
270	662
270	722
270	769
270	827
270	828
270	841
270	842
270	847
270	861
270	864
270	876
270	877
270	879
270	902
270	903
270	936
270	937
270	950
270	989
270	1014
270	1027
270	1036
270	1041
270	1058
270	1120
270	1129
270	1132
270	1134
270	1135
270	1143
270	1144
270	1161
270	1177
270	1210
270	1223
270	1252
270	1253
270	1265
270	1298
270	1299
270	1308
270	1309
270	1332
270	1372
270	1374
270	1375
270	1376
270	1377
270	1380
270	1394
270	1425
270	1426
270	1427
270	1428
270	1430
270	1470
270	1476
270	1506
270	1512
270	1544
270	1556
270	1568
270	1598
270	1599
270	1633
270	1634
270	1635
270	1637
270	1638
271	274
271	293
271	294
271	295
271	300
271	310
271	311
271	330
271	336
271	346
271	347
271	348
271	349
271	428
271	429
271	446
271	449
271	465
271	476
271	483
271	497
271	503
271	520
271	557
271	587
271	611
271	612
271	613
271	617
271	622
271	658
271	733
271	804
271	805
271	831
271	843
271	856
271	857
271	874
271	880
271	887
271	909
271	910
271	913
271	914
271	915
271	923
271	940
271	941
271	942
271	1011
271	1012
271	1017
271	1020
271	1037
271	1074
271	1075
271	1104
271	1105
271	1126
271	1138
271	1142
271	1171
271	1196
271	1289
271	1290
271	1291
271	1293
271	1295
271	1300
271	1322
271	1335
271	1341
271	1348
271	1349
271	1350
271	1351
271	1352
271	1355
271	1363
271	1364
271	1386
271	1399
271	1400
271	1410
271	1411
271	1413
271	1433
271	1434
271	1435
271	1483
271	1484
271	1524
271	1546
271	1588
271	1589
271	1607
271	1608
271	1623
271	1624
271	1631
271	1639
271	1640
271	1641
272	274
272	278
272	302
272	303
272	304
272	321
272	334
272	336
272	364
272	372
272	380
272	388
272	393
272	405
272	420
272	432
272	450
272	460
272	461
272	462
272	463
272	464
272	480
272	489
272	499
272	504
272	506
272	540
272	569
272	596
272	597
272	625
272	626
272	629
272	653
272	694
272	695
272	721
272	741
272	742
272	746
272	773
272	774
272	792
272	801
272	826
272	832
272	848
272	858
272	872
272	881
272	882
272	885
272	900
272	926
272	931
272	932
272	934
272	957
272	990
272	1012
272	1024
272	1025
272	1050
272	1051
272	1067
272	1093
272	1094
272	1095
272	1099
272	1106
272	1107
272	1131
272	1159
272	1163
272	1174
272	1186
272	1202
272	1203
272	1204
272	1236
272	1240
272	1241
272	1243
272	1270
272	1271
272	1298
272	1301
272	1302
272	1320
272	1336
272	1341
272	1354
272	1357
272	1359
272	1360
272	1361
272	1362
272	1365
272	1401
272	1419
272	1420
272	1421
272	1422
272	1438
272	1439
272	1467
272	1486
272	1503
272	1533
272	1539
272	1540
272	1550
272	1575
272	1576
272	1577
272	1626
272	1627
272	1628
272	1629
272	1642
272	1643
272	1644
273	274
273	279
273	285
273	286
273	335
273	351
273	379
273	389
273	394
273	399
273	412
273	421
273	433
273	440
273	451
273	453
273	472
273	473
273	474
273	498
273	505
273	528
273	598
273	599
273	623
273	639
273	665
273	714
273	753
273	775
273	776
273	793
273	830
273	845
273	854
273	875
273	883
273	896
273	897
273	911
273	927
273	928
273	943
273	944
273	958
273	995
273	1038
273	1054
273	1062
273	1063
273	1064
273	1108
273	1109
273	1110
273	1139
273	1146
273	1147
273	1164
273	1173
273	1214
273	1248
273	1252
273	1255
273	1256
273	1272
273	1273
273	1310
273	1311
273	1313
273	1322
273	1341
273	1366
273	1372
273	1378
273	1379
273	1380
273	1402
273	1431
273	1432
273	1433
273	1440
273	1441
273	1478
273	1513
273	1547
273	1558
273	1559
273	1590
273	1591
273	1592
273	1600
273	1639
273	1645
273	1646
273	1647
274	285
274	286
274	334
274	336
274	352
274	353
274	381
274	389
274	425
274	433
274	451
274	453
274	454
274	455
274	472
274	500
274	504
274	506
274	600
274	607
274	613
274	624
274	626
274	640
274	665
274	721
274	723
274	742
274	793
274	845
274	854
274	875
274	883
274	896
274	897
274	912
274	929
274	930
274	943
274	944
274	958
274	1012
274	1017
274	1022
274	1025
274	1047
274	1062
274	1063
274	1064
274	1108
274	1109
274	1110
274	1122
274	1140
274	1173
274	1228
274	1256
274	1282
274	1283
274	1285
274	1290
274	1297
274	1300
274	1301
274	1341
274	1342
274	1343
274	1349
274	1358
274	1359
274	1364
274	1366
274	1378
274	1402
274	1404
274	1405
274	1406
274	1442
274	1443
274	1444
274	1495
274	1559
274	1585
274	1590
274	1591
274	1592
274	1617
274	1645
274	1646
274	1647
275	276
275	277
275	294
275	303
275	309
275	312
275	338
275	354
275	355
275	356
275	357
275	377
275	382
275	418
275	434
275	448
275	449
275	450
275	466
275	482
275	483
275	507
275	508
275	536
275	541
275	590
275	593
275	594
275	612
275	625
275	630
275	638
275	641
275	756
275	765
275	794
275	827
275	829
275	833
275	862
275	876
275	878
275	879
275	884
275	888
275	913
275	914
275	931
275	938
275	939
275	945
275	946
275	1019
275	1032
275	1041
275	1045
275	1057
275	1101
275	1102
275	1103
275	1111
275	1112
275	1113
275	1131
275	1136
275	1163
275	1165
275	1208
275	1210
275	1211
275	1250
275	1268
275	1277
275	1303
275	1333
275	1334
275	1335
275	1336
275	1367
275	1384
275	1391
275	1397
275	1398
275	1399
275	1400
275	1401
275	1445
275	1446
275	1447
275	1452
275	1453
275	1454
275	1456
275	1474
275	1510
275	1512
275	1521
275	1545
275	1569
275	1580
275	1582
275	1584
275	1612
275	1613
275	1636
275	1637
275	1638
275	1648
275	1649
275	1650
276	279
276	291
276	305
276	313
276	338
276	339
276	359
276	360
276	361
276	378
276	391
276	402
276	435
276	438
276	439
276	442
276	467
276	501
276	507
276	516
276	530
276	560
276	564
276	565
276	591
276	603
276	604
276	609
276	614
276	627
276	631
276	632
276	637
276	638
276	642
276	659
276	748
276	756
276	795
276	798
276	799
276	828
276	835
276	849
276	852
276	853
276	863
276	867
276	881
276	885
276	886
276	903
276	905
276	906
276	933
276	937
276	947
276	948
276	1014
276	1016
276	1041
276	1114
276	1115
276	1116
276	1126
276	1132
276	1137
276	1141
276	1142
276	1151
276	1152
276	1166
276	1176
276	1177
276	1178
276	1180
276	1209
276	1212
276	1237
276	1251
276	1261
276	1287
276	1298
276	1303
276	1304
276	1316
276	1317
276	1318
276	1319
276	1337
276	1368
276	1369
276	1372
276	1383
276	1384
276	1398
276	1427
276	1436
276	1437
276	1438
276	1449
276	1450
276	1451
276	1475
276	1476
276	1477
276	1480
276	1511
276	1515
276	1524
276	1534
276	1562
276	1595
276	1597
276	1598
276	1599
276	1603
276	1604
276	1634
276	1642
276	1643
277	278
277	279
277	297
277	298
277	306
277	384
277	392
277	436
277	446
277	458
277	478
277	479
277	502
277	508
277	543
277	616
277	628
277	630
277	643
277	764
277	765
277	769
277	837
277	850
277	856
277	864
277	865
277	877
277	887
277	921
277	949
277	1029
277	1070
277	1085
277	1086
277	1087
277	1117
277	1118
277	1119
277	1184
277	1216
277	1267
277	1269
277	1326
277	1327
277	1329
277	1333
277	1354
277	1370
277	1372
277	1391
277	1392
277	1393
277	1394
277	1398
277	1403
277	1445
277	1446
277	1447
277	1448
277	1452
277	1453
277	1454
277	1521
277	1575
277	1580
277	1583
277	1584
277	1607
277	1615
277	1616
277	1648
277	1649
277	1650
278	297
278	298
278	307
278	337
278	364
278	385
278	388
278	393
278	430
278	436
278	458
278	459
278	460
278	478
278	508
278	617
278	620
278	644
278	765
278	838
278	850
278	856
278	864
278	865
278	877
278	887
278	918
278	921
278	934
278	935
278	949
278	1024
278	1027
278	1070
278	1085
278	1086
278	1087
278	1117
278	1118
278	1119
278	1200
278	1236
278	1238
278	1241
278	1294
278	1295
278	1305
278	1354
278	1355
278	1356
278	1357
278	1359
278	1362
278	1370
278	1391
278	1403
278	1415
278	1416
278	1417
278	1455
278	1456
278	1457
278	1533
278	1540
278	1545
278	1590
278	1615
278	1616
278	1626
278	1649
278	1650
279	280
279	308
279	338
279	365
279	386
279	389
279	394
279	437
279	438
279	468
279	469
279	470
279	508
279	618
279	631
279	638
279	645
279	765
279	839
279	851
279	878
279	888
279	889
279	919
279	936
279	937
279	950
279	1026
279	1041
279	1134
279	1139
279	1141
279	1144
279	1147
279	1152
279	1252
279	1253
279	1256
279	1303
279	1306
279	1307
279	1317
279	1371
279	1372
279	1373
279	1374
279	1375
279	1378
279	1384
279	1391
279	1428
279	1429
279	1458
279	1459
279	1460
279	1559
279	1562
279	1597
279	1636
280	282
280	286
280	291
280	298
280	315
280	340
280	399
280	402
280	435
280	436
280	437
280	467
280	468
280	509
280	510
280	516
280	618
280	620
280	631
280	638
280	734
280	748
280	750
280	839
280	851
280	878
280	888
280	889
280	905
280	906
280	921
280	950
280	1033
280	1040
280	1134
280	1139
280	1141
280	1144
280	1147
280	1152
280	1248
280	1251
280	1303
280	1305
280	1307
280	1317
280	1353
280	1366
280	1368
280	1369
280	1370
280	1371
280	1372
280	1427
280	1544
280	1547
280	1596
280	1635
281	282
281	283
281	287
281	289
281	292
281	299
281	316
281	342
281	395
281	400
281	403
281	443
281	444
281	445
281	452
281	469
281	477
281	510
281	517
281	621
281	634
281	645
281	646
281	734
281	760
281	781
281	840
281	852
281	863
281	871
281	890
281	891
281	907
281	908
281	919
281	920
281	922
281	1039
281	1044
281	1082
281	1083
281	1084
281	1102
281	1148
281	1153
281	1183
281	1262
281	1264
281	1266
281	1306
281	1314
281	1324
281	1325
281	1338
281	1353
281	1373
281	1376
281	1381
281	1385
281	1387
281	1388
281	1389
281	1390
281	1404
281	1405
281	1441
281	1442
281	1443
281	1444
281	1561
281	1585
281	1586
281	1587
281	1606
281	1647
282	284
282	288
282	293
282	300
282	314
282	317
282	318
282	340
282	349
282	396
282	404
282	429
282	445
282	452
282	469
282	484
282	509
282	510
282	518
282	549
282	618
282	619
282	622
282	635
282	647
282	730
282	734
282	735
282	750
282	782
282	783
282	840
282	852
282	863
282	871
282	890
282	891
282	909
282	910
282	919
282	920
282	923
282	1011
282	1021
282	1033
282	1082
282	1083
282	1084
282	1102
282	1145
282	1149
282	1199
282	1233
282	1235
282	1281
282	1286
282	1292
282	1293
282	1307
282	1338
282	1344
282	1350
282	1351
282	1352
282	1353
282	1371
282	1373
282	1390
282	1406
282	1407
282	1408
282	1411
282	1412
282	1413
282	1414
282	1429
282	1523
282	1527
282	1585
282	1586
282	1587
282	1625
283	284
283	287
283	289
283	290
283	322
283	323
283	324
283	341
283	342
283	370
283	398
283	411
283	424
283	426
283	439
283	440
283	441
283	456
283	471
283	473
283	474
283	475
283	500
283	547
283	560
283	565
283	594
283	606
283	623
283	634
283	635
283	636
283	639
283	650
283	656
283	723
283	752
283	785
283	794
283	795
283	799
283	839
283	843
283	844
283	849
283	850
283	851
283	853
283	865
283	866
283	880
283	892
283	893
283	894
283	895
283	902
283	903
283	904
283	911
283	927
283	928
283	1015
283	1039
283	1042
283	1053
283	1055
283	1059
283	1060
283	1061
283	1069
283	1070
283	1121
283	1145
283	1148
283	1150
283	1153
283	1176
283	1178
283	1179
283	1211
283	1234
283	1254
283	1258
283	1286
283	1308
283	1309
283	1310
283	1312
283	1313
283	1314
283	1315
283	1339
283	1340
283	1344
283	1345
283	1376
283	1377
283	1379
283	1380
283	1381
283	1382
283	1385
283	1390
283	1410
283	1411
283	1432
283	1433
283	1434
283	1435
283	1474
283	1475
283	1477
283	1514
283	1532
283	1557
283	1560
283	1561
283	1588
283	1589
283	1594
283	1595
283	1596
283	1601
283	1602
283	1640
283	1641
284	289
284	290
284	325
284	326
284	327
284	328
284	370
284	406
284	411
284	424
284	425
284	426
284	439
284	441
284	454
284	455
284	456
284	471
284	475
284	510
284	548
284	549
284	560
284	565
284	594
284	608
284	624
284	634
284	635
284	640
284	651
284	724
284	734
284	752
284	794
284	795
284	799
284	839
284	843
284	844
284	849
284	850
284	851
284	853
284	865
284	866
284	880
284	892
284	893
284	894
284	895
284	902
284	903
284	904
284	912
284	929
284	930
284	1010
284	1023
284	1034
284	1048
284	1059
284	1060
284	1061
284	1069
284	1070
284	1121
284	1123
284	1145
284	1150
284	1154
284	1169
284	1176
284	1178
284	1192
284	1211
284	1225
284	1234
284	1254
284	1282
284	1284
284	1285
284	1286
284	1314
284	1339
284	1340
284	1342
284	1343
284	1344
284	1345
284	1353
284	1376
284	1377
284	1381
284	1382
284	1405
284	1406
284	1407
284	1408
284	1412
284	1413
284	1414
284	1474
284	1475
284	1477
284	1523
284	1532
284	1561
284	1586
284	1587
284	1588
284	1589
284	1594
284	1595
284	1596
284	1618
284	1619
285	286
285	287
285	294
285	303
285	310
285	329
285	330
285	343
285	345
285	346
285	399
285	407
285	433
285	449
285	450
285	451
285	453
285	472
285	483
285	511
285	513
285	519
285	550
285	625
285	639
285	641
285	650
285	652
285	657
285	714
285	758
285	777
285	778
285	830
285	845
285	854
285	875
285	883
285	896
285	897
285	913
285	914
285	931
285	943
285	944
285	995
285	1020
285	1043
285	1046
285	1056
285	1062
285	1063
285	1064
285	1108
285	1109
285	1110
285	1146
285	1164
285	1214
285	1248
285	1274
285	1310
285	1312
285	1321
285	1334
285	1336
285	1341
285	1366
285	1378
285	1385
285	1386
285	1399
285	1400
285	1401
285	1402
285	1415
285	1416
285	1417
285	1454
285	1455
285	1456
285	1457
285	1491
285	1547
285	1572
285	1590
285	1591
285	1592
285	1614
285	1645
285	1646
285	1647
286	288
286	295
286	304
286	331
286	344
286	347
286	368
286	376
286	389
286	399
286	408
286	432
286	433
286	451
286	453
286	465
286	472
286	491
286	512
286	514
286	520
286	521
286	551
286	552
286	623
286	626
286	665
286	714
286	725
286	726
286	728
286	747
286	793
286	830
286	845
286	854
286	875
286	883
286	896
286	897
286	915
286	932
286	943
286	944
286	958
286	995
286	1013
286	1028
286	1062
286	1063
286	1064
286	1108
286	1109
286	1110
286	1122
286	1139
286	1140
286	1147
286	1173
286	1214
286	1229
286	1230
286	1248
286	1249
286	1256
286	1301
286	1311
286	1313
286	1322
286	1341
286	1363
286	1364
286	1365
286	1366
286	1371
286	1378
286	1402
286	1418
286	1423
286	1424
286	1473
286	1509
286	1537
286	1547
286	1548
286	1559
286	1590
286	1591
286	1592
286	1593
286	1632
286	1645
286	1646
286	1647
287	288
287	289
287	292
287	305
287	316
287	332
287	343
287	345
287	348
287	361
287	383
287	395
287	400
287	416
287	443
287	454
287	473
287	511
287	513
287	514
287	533
287	553
287	554
287	585
287	627
287	636
287	639
287	640
287	642
287	653
287	681
287	727
287	728
287	758
287	778
287	786
287	787
287	800
287	823
287	842
287	846
287	847
287	870
287	898
287	899
287	908
287	911
287	912
287	933
287	996
287	1016
287	1037
287	1043
287	1044
287	1056
287	1065
287	1105
287	1123
287	1133
287	1148
287	1153
287	1154
287	1181
287	1195
287	1213
287	1231
287	1232
287	1262
287	1266
287	1282
287	1309
287	1310
287	1318
287	1320
287	1342
287	1376
287	1379
287	1381
287	1385
287	1387
287	1390
287	1402
287	1419
287	1420
287	1421
287	1422
287	1438
287	1439
287	1481
287	1500
287	1516
287	1526
287	1527
287	1557
287	1565
287	1605
287	1606
287	1644
288	290
288	296
288	333
288	344
288	345
288	349
288	373
288	374
288	396
288	400
288	408
288	427
288	443
288	454
288	457
288	473
288	512
288	513
288	514
288	521
288	546
288	555
288	556
288	578
288	662
288	667
288	681
288	690
288	725
288	728
288	747
288	758
288	788
288	789
288	800
288	818
288	842
288	846
288	847
288	870
288	898
288	899
288	908
288	911
288	912
288	916
288	917
288	982
288	996
288	1011
288	1028
288	1036
288	1043
288	1065
288	1105
288	1124
288	1149
288	1181
288	1226
288	1229
288	1235
288	1257
288	1262
288	1283
288	1311
288	1339
288	1342
288	1346
288	1347
288	1353
288	1366
288	1379
288	1385
288	1409
288	1422
288	1469
288	1470
288	1523
288	1527
288	1528
288	1605
288	1606
288	1622
289	290
289	308
289	337
289	338
289	339
289	345
289	346
289	348
289	370
289	398
289	400
289	411
289	424
289	426
289	438
289	439
289	441
289	456
289	469
289	470
289	471
289	475
289	513
289	560
289	568
289	608
289	634
289	635
289	636
289	645
289	650
289	656
289	752
289	758
289	770
289	785
289	794
289	795
289	839
289	843
289	844
289	849
289	850
289	851
289	853
289	865
289	866
289	880
289	892
289	893
289	894
289	895
289	902
289	903
289	904
289	919
289	936
289	937
289	1014
289	1027
289	1037
289	1041
289	1043
289	1059
289	1060
289	1061
289	1069
289	1070
289	1145
289	1178
289	1179
289	1211
289	1234
289	1254
289	1258
289	1262
289	1286
289	1306
289	1308
289	1309
289	1312
289	1314
289	1339
289	1340
289	1344
289	1345
289	1373
289	1374
289	1375
289	1376
289	1377
289	1381
289	1382
289	1385
289	1390
289	1425
289	1426
289	1427
289	1430
289	1464
289	1477
289	1532
289	1557
289	1561
289	1588
289	1589
289	1594
289	1595
289	1596
289	1598
289	1599
289	1637
289	1638
290	347
290	349
290	371
290	396
290	424
290	426
290	439
290	441
290	452
290	456
290	471
290	475
290	514
290	561
290	562
290	568
290	606
290	623
290	636
290	728
290	739
290	785
290	796
290	797
290	839
290	843
290	844
290	849
290	850
290	851
290	853
290	865
290	866
290	880
290	892
290	893
290	894
290	895
290	902
290	903
290	904
290	920
290	1011
290	1059
290	1060
290	1061
290	1069
290	1070
290	1121
290	1145
290	1150
290	1167
290	1179
290	1190
290	1224
290	1235
290	1309
290	1313
290	1315
290	1338
290	1339
290	1340
290	1344
290	1345
290	1376
290	1377
290	1381
290	1382
290	1461
290	1464
290	1494
290	1523
290	1527
290	1588
290	1589
290	1594
290	1595
290	1596
290	1616
291	293
291	295
291	309
291	313
291	338
291	341
291	342
291	350
291	359
291	378
291	401
291	402
291	434
291	435
291	437
291	442
291	466
291	467
291	509
291	515
291	516
291	518
291	530
291	564
291	565
291	603
291	604
291	609
291	614
291	627
291	629
291	631
291	632
291	637
291	638
291	659
291	679
291	711
291	717
291	730
291	743
291	748
291	750
291	779
291	798
291	799
291	835
291	849
291	852
291	853
291	863
291	867
291	881
291	885
291	886
291	889
291	905
291	906
291	938
291	939
291	947
291	948
291	965
291	997
291	1006
291	1007
291	1030
291	1039
291	1041
291	1053
291	1072
291	1106
291	1114
291	1115
291	1116
291	1126
291	1132
291	1137
291	1141
291	1142
291	1151
291	1152
291	1166
291	1176
291	1180
291	1209
291	1212
291	1237
291	1251
291	1279
291	1287
291	1298
291	1302
291	1303
291	1304
291	1316
291	1317
291	1319
291	1337
291	1350
291	1363
291	1367
291	1368
291	1369
291	1371
291	1383
291	1384
291	1420
291	1425
291	1426
291	1427
291	1430
291	1460
291	1475
291	1480
291	1511
291	1515
291	1534
291	1541
291	1551
291	1562
291	1594
291	1595
291	1597
291	1598
291	1599
291	1603
291	1633
291	1634
291	1642
292	293
292	296
292	310
292	323
292	343
292	344
292	345
292	360
292	385
292	395
292	403
292	404
292	427
292	429
292	443
292	445
292	457
292	476
292	477
292	515
292	517
292	531
292	566
292	567
292	610
292	639
292	642
292	657
292	659
292	680
292	712
292	760
292	779
292	800
292	841
292	854
292	855
292	858
292	859
292	860
292	861
292	868
292	882
292	883
292	890
292	907
292	908
292	909
292	910
292	916
292	917
292	940
292	968
292	969
292	1028
292	1042
292	1043
292	1056
292	1071
292	1076
292	1077
292	1078
292	1127
292	1148
292	1153
292	1156
292	1181
292	1233
292	1238
292	1264
292	1266
292	1310
292	1316
292	1318
292	1321
292	1322
292	1323
292	1346
292	1347
292	1350
292	1351
292	1385
292	1386
292	1387
292	1388
292	1390
292	1411
292	1431
292	1432
292	1440
292	1441
292	1444
292	1482
292	1518
292	1560
292	1563
292	1600
292	1601
292	1602
292	1605
292	1609
292	1610
292	1611
292	1645
292	1646
293	296
293	311
293	320
293	323
293	346
293	347
293	348
293	349
293	350
293	360
293	369
293	396
293	403
293	404
293	406
293	408
293	427
293	428
293	429
293	443
293	457
293	477
293	510
293	516
293	518
293	531
293	568
293	611
293	614
293	615
293	631
293	640
293	658
293	680
293	712
293	730
293	734
293	748
293	841
293	854
293	855
293	858
293	859
293	860
293	861
293	868
293	882
293	883
293	891
293	907
293	908
293	909
293	910
293	916
293	917
293	941
293	942
293	968
293	969
293	1011
293	1018
293	1030
293	1037
293	1042
293	1071
293	1076
293	1077
293	1078
293	1123
293	1127
293	1154
293	1156
293	1197
293	1225
293	1229
293	1233
293	1235
293	1239
293	1264
293	1282
293	1288
293	1289
293	1290
293	1291
293	1317
293	1319
293	1346
293	1347
293	1348
293	1349
293	1350
293	1351
293	1353
293	1368
293	1387
293	1388
293	1405
293	1410
293	1411
293	1414
293	1433
293	1434
293	1435
293	1441
293	1464
293	1530
293	1563
293	1588
293	1589
293	1600
293	1601
293	1602
293	1609
293	1610
293	1611
293	1623
293	1624
294	295
294	299
294	310
294	311
294	312
294	351
294	352
294	354
294	355
294	356
294	357
294	362
294	401
294	407
294	428
294	448
294	449
294	451
294	465
294	476
294	482
294	483
294	511
294	519
294	520
294	522
294	573
294	612
294	630
294	641
294	643
294	646
294	657
294	658
294	681
294	714
294	766
294	777
294	778
294	802
294	803
294	830
294	843
294	856
294	857
294	874
294	880
294	887
294	896
294	913
294	914
294	915
294	940
294	941
294	942
294	945
294	946
294	995
294	996
294	1019
294	1032
294	1045
294	1047
294	1049
294	1054
294	1057
294	1074
294	1075
294	1104
294	1105
294	1108
294	1151
294	1155
294	1162
294	1166
294	1189
294	1214
294	1222
294	1274
294	1279
294	1289
294	1321
294	1322
294	1324
294	1326
294	1333
294	1334
294	1335
294	1348
294	1349
294	1363
294	1364
294	1386
294	1389
294	1397
294	1398
294	1399
294	1400
294	1402
294	1445
294	1446
294	1447
294	1452
294	1453
294	1454
294	1457
294	1489
294	1545
294	1607
294	1608
294	1612
294	1613
294	1639
294	1640
294	1641
294	1645
294	1649
294	1650
295	296
295	310
295	311
295	353
295	358
295	362
295	399
295	402
295	428
295	433
295	449
295	465
295	476
295	483
295	512
295	519
295	520
295	521
295	523
295	610
295	613
295	621
295	641
295	644
295	657
295	681
295	714
295	725
295	736
295	747
295	777
295	804
295	805
295	830
295	843
295	856
295	857
295	874
295	880
295	887
295	897
295	913
295	914
295	915
295	940
295	941
295	942
295	995
295	996
295	1022
295	1049
295	1052
295	1074
295	1075
295	1104
295	1105
295	1108
295	1137
295	1138
295	1141
295	1152
295	1214
295	1248
295	1251
295	1290
295	1294
295	1300
295	1321
295	1322
295	1323
295	1325
295	1334
295	1346
295	1348
295	1349
295	1363
295	1364
295	1366
295	1368
295	1386
295	1399
295	1400
295	1416
295	1424
295	1448
295	1454
295	1472
295	1508
295	1546
295	1547
295	1551
295	1607
295	1608
295	1631
295	1639
295	1640
295	1641
295	1645
296	324
296	344
296	362
296	363
296	404
296	408
296	427
296	429
296	443
296	457
296	477
296	512
296	514
296	520
296	521
296	574
296	575
296	610
296	611
296	615
296	632
296	642
296	725
296	728
296	747
296	800
296	806
296	807
296	841
296	854
296	855
296	858
296	859
296	860
296	861
296	868
296	882
296	883
296	899
296	907
296	908
296	909
296	910
296	916
296	917
296	1015
296	1028
296	1035
296	1049
296	1071
296	1076
296	1077
296	1078
296	1127
296	1156
296	1170
296	1181
296	1194
296	1229
296	1233
296	1287
296	1288
296	1291
296	1318
296	1322
296	1323
296	1346
296	1347
296	1350
296	1351
296	1363
296	1387
296	1388
296	1438
296	1463
296	1499
296	1525
296	1527
296	1530
296	1600
296	1601
296	1602
296	1609
296	1610
296	1611
296	1620
296	1621
297	298
297	299
297	301
297	303
297	306
297	312
297	314
297	354
297	356
297	358
297	409
297	415
297	417
297	436
297	458
297	478
297	524
297	526
297	643
297	654
297	762
297	780
297	850
297	856
297	864
297	865
297	877
297	887
297	921
297	949
297	1021
297	1045
297	1052
297	1057
297	1085
297	1086
297	1087
297	1117
297	1118
297	1119
297	1158
297	1276
297	1278
297	1280
297	1326
297	1328
297	1354
297	1370
297	1389
297	1391
297	1393
297	1395
297	1397
297	1401
297	1403
297	1458
297	1521
297	1578
297	1581
297	1615
297	1616
297	1649
297	1650
298	300
298	302
298	304
298	309
298	315
298	355
298	357
298	418
298	434
298	436
298	437
298	458
298	466
298	478
298	508
298	525
298	527
298	536
298	616
298	620
298	628
298	630
298	732
298	749
298	765
298	850
298	856
298	864
298	865
298	877
298	887
298	889
298	921
298	938
298	939
298	949
298	1019
298	1032
298	1040
298	1070
298	1085
298	1086
298	1087
298	1117
298	1118
298	1119
298	1250
298	1305
298	1327
298	1329
298	1333
298	1352
298	1354
298	1361
298	1365
298	1367
298	1370
298	1371
298	1391
298	1403
298	1425
298	1521
298	1543
298	1553
298	1596
298	1615
298	1616
298	1635
298	1649
298	1650
299	300
299	305
299	310
299	316
299	329
299	333
299	354
299	356
299	357
299	363
299	397
299	410
299	419
299	444
299	445
299	448
299	449
299	459
299	476
299	479
299	496
299	524
299	526
299	527
299	537
299	573
299	621
299	643
299	644
299	646
299	682
299	703
299	707
299	716
299	732
299	759
299	762
299	763
299	780
299	811
299	812
299	844
299	862
299	866
299	884
299	890
299	914
299	918
299	922
299	923
299	940
299	946
299	970
299	971
299	991
299	994
299	1019
299	1035
299	1036
299	1044
299	1045
299	1046
299	1057
299	1075
299	1079
299	1080
299	1081
299	1088
299	1112
299	1155
299	1157
299	1159
299	1162
299	1182
299	1215
299	1244
299	1263
299	1265
299	1294
299	1324
299	1325
299	1326
299	1352
299	1355
299	1386
299	1389
299	1390
299	1392
299	1399
299	1403
299	1404
299	1405
299	1412
299	1440
299	1442
299	1443
299	1444
299	1489
299	1555
299	1556
299	1564
299	1568
299	1606
299	1612
299	1613
299	1614
299	1617
299	1618
299	1619
299	1647
300	311
300	317
300	318
300	325
300	326
300	330
300	348
300	355
300	356
300	357
300	398
300	411
300	416
300	428
300	444
300	448
300	449
300	455
300	456
300	459
300	479
300	492
300	493
300	497
300	525
300	526
300	527
300	538
300	548
300	573
300	581
300	616
300	617
300	622
300	647
300	663
300	672
300	676
300	682
300	691
300	708
300	716
300	729
300	732
300	733
300	737
300	749
300	762
300	767
300	813
300	814
300	844
300	862
300	866
300	884
300	891
300	894
300	914
300	918
300	922
300	923
300	929
300	941
300	942
300	946
300	959
300	960
300	964
300	970
300	971
300	979
300	980
300	1019
300	1020
300	1023
300	1032
300	1037
300	1045
300	1048
300	1060
300	1069
300	1075
300	1079
300	1080
300	1081
300	1088
300	1091
300	1112
300	1198
300	1231
300	1234
300	1258
300	1292
300	1293
300	1295
300	1327
300	1348
300	1349
300	1352
300	1353
300	1355
300	1370
300	1389
300	1392
300	1406
300	1407
300	1408
300	1410
300	1412
300	1413
300	1414
300	1417
300	1434
300	1442
300	1447
300	1489
300	1497
300	1526
300	1532
300	1557
300	1612
300	1613
300	1614
300	1617
300	1618
300	1619
300	1625
301	302
301	303
301	306
301	307
301	319
301	320
301	335
301	354
301	358
301	384
301	412
301	419
301	430
301	446
301	447
301	460
301	464
301	465
301	480
301	481
301	505
301	528
301	539
301	576
301	586
301	587
301	628
301	633
301	648
301	652
301	654
301	655
301	753
301	772
301	775
301	804
301	815
301	816
301	834
301	845
301	846
301	857
301	860
301	867
301	868
301	869
301	870
301	873
301	874
301	875
301	886
301	915
301	924
301	925
301	926
301	934
301	935
301	1018
301	1031
301	1038
301	1052
301	1057
301	1089
301	1090
301	1098
301	1099
301	1100
301	1128
301	1158
301	1160
301	1187
301	1207
301	1221
301	1263
301	1269
301	1272
301	1296
301	1328
301	1329
301	1331
301	1332
301	1356
301	1357
301	1361
301	1362
301	1393
301	1394
301	1395
301	1396
301	1401
301	1403
301	1448
301	1483
301	1487
301	1519
301	1543
301	1570
301	1574
301	1578
301	1608
301	1610
301	1611
301	1620
301	1621
301	1622
301	1631
301	1632
302	306
302	307
302	321
302	355
302	358
302	364
302	384
302	413
302	419
302	420
302	430
302	446
302	447
302	460
302	462
302	464
302	465
302	481
302	529
302	540
302	577
302	578
302	586
302	587
302	625
302	628
302	649
302	654
302	741
302	745
302	754
302	804
302	817
302	818
302	834
302	845
302	846
302	857
302	860
302	867
302	868
302	869
302	870
302	873
302	874
302	875
302	886
302	915
302	924
302	925
302	926
302	934
302	935
302	1024
302	1032
302	1051
302	1052
302	1089
302	1090
302	1098
302	1099
302	1100
302	1128
302	1131
302	1160
302	1163
302	1206
302	1207
302	1240
302	1242
302	1263
302	1269
302	1299
302	1328
302	1329
302	1336
302	1356
302	1357
302	1359
302	1361
302	1362
302	1370
302	1393
302	1394
302	1395
302	1396
302	1409
302	1422
302	1448
302	1469
302	1483
302	1505
302	1519
302	1535
302	1539
302	1543
302	1553
302	1578
302	1608
302	1620
302	1621
302	1622
302	1630
302	1631
302	1632
303	304
303	305
303	306
303	312
303	329
303	330
303	359
303	362
303	382
303	391
303	409
303	415
303	423
303	432
303	448
303	450
303	451
303	462
303	480
303	482
303	507
303	530
303	532
303	541
303	542
303	582
303	603
303	625
303	648
303	652
303	711
303	712
303	755
303	756
303	757
303	848
303	858
303	872
303	881
303	882
303	885
303	896
303	931
303	932
303	945
303	946
303	968
303	997
303	1006
303	1020
303	1046
303	1049
303	1093
303	1094
303	1095
303	1106
303	1107
303	1131
303	1158
303	1163
303	1212
303	1220
303	1260
303	1261
303	1276
303	1277
303	1280
303	1330
303	1331
303	1336
303	1359
303	1365
303	1393
303	1395
303	1397
303	1398
303	1401
303	1402
303	1403
303	1415
303	1416
303	1417
303	1449
303	1452
303	1455
303	1456
303	1457
303	1490
303	1515
303	1520
303	1551
303	1570
303	1581
303	1582
303	1614
303	1626
303	1627
303	1628
303	1642
303	1643
303	1644
304	307
304	331
304	334
304	360
304	361
304	388
304	415
304	422
304	432
304	433
304	450
304	460
304	461
304	462
304	480
304	504
304	531
304	533
304	569
304	603
304	626
304	694
304	695
304	711
304	712
304	727
304	742
304	792
304	801
304	826
304	848
304	858
304	872
304	881
304	882
304	885
304	897
304	900
304	931
304	932
304	934
304	957
304	968
304	990
304	997
304	1006
304	1013
304	1016
304	1025
304	1067
304	1093
304	1094
304	1095
304	1099
304	1106
304	1107
304	1186
304	1202
304	1203
304	1212
304	1241
304	1246
304	1276
304	1301
304	1356
304	1359
304	1365
304	1366
304	1370
304	1401
304	1418
304	1423
304	1424
304	1438
304	1449
304	1455
304	1485
304	1486
304	1515
304	1530
304	1535
304	1540
304	1553
304	1575
304	1581
304	1593
304	1609
304	1626
304	1627
304	1628
304	1632
304	1642
304	1643
304	1644
305	308
305	313
305	332
305	359
305	361
305	363
305	405
305	410
305	416
305	423
305	442
305	463
305	501
305	530
305	532
305	533
305	542
305	583
305	584
305	596
305	604
305	627
305	653
305	679
305	680
305	696
305	697
305	717
305	727
305	755
305	757
305	821
305	822
305	835
305	855
305	859
305	869
305	873
305	898
305	933
305	947
305	948
305	965
305	969
305	986
305	987
305	998
305	1007
305	1016
305	1035
305	1072
305	1073
305	1077
305	1096
305	1097
305	1115
305	1132
305	1159
305	1180
305	1204
305	1205
305	1231
305	1260
305	1265
305	1270
305	1298
305	1320
305	1330
305	1360
305	1374
305	1383
305	1384
305	1385
305	1389
305	1401
305	1409
305	1419
305	1420
305	1421
305	1436
305	1439
305	1450
305	1480
305	1503
305	1504
305	1526
305	1541
305	1555
305	1564
305	1568
305	1576
305	1603
305	1604
305	1629
305	1630
305	1644
306	307
306	308
306	359
306	362
306	363
306	384
306	412
306	415
306	419
306	430
306	446
306	447
306	457
306	460
306	464
306	478
306	481
306	534
306	543
306	586
306	587
306	628
306	633
306	648
306	649
306	654
306	764
306	768
306	824
306	825
306	845
306	846
306	857
306	860
306	867
306	868
306	869
306	870
306	873
306	874
306	875
306	886
306	916
306	924
306	925
306	926
306	934
306	935
306	1017
306	1035
306	1049
306	1089
306	1090
306	1098
306	1099
306	1100
306	1218
306	1263
306	1269
306	1272
306	1276
306	1299
306	1328
306	1329
306	1331
306	1332
306	1356
306	1357
306	1361
306	1362
306	1374
306	1391
306	1393
306	1394
306	1395
306	1396
306	1401
306	1403
306	1448
306	1455
306	1483
306	1519
306	1570
306	1578
306	1581
306	1608
306	1610
306	1620
306	1621
306	1622
306	1631
306	1632
307	334
307	335
307	336
307	360
307	362
307	385
307	403
307	413
307	430
307	431
307	446
307	447
307	457
307	458
307	460
307	461
307	464
307	481
307	535
307	588
307	589
307	607
307	648
307	655
307	738
307	826
307	845
307	846
307	857
307	860
307	867
307	868
307	869
307	870
307	873
307	874
307	875
307	886
307	900
307	901
307	916
307	924
307	925
307	926
307	934
307	935
307	949
307	1012
307	1025
307	1038
307	1049
307	1089
307	1090
307	1098
307	1099
307	1100
307	1128
307	1160
307	1202
307	1238
307	1242
307	1264
307	1296
307	1297
307	1331
307	1354
307	1356
307	1357
307	1358
307	1361
307	1362
307	1365
307	1393
307	1394
307	1395
307	1396
307	1418
307	1423
307	1424
307	1465
307	1501
307	1535
307	1543
307	1591
307	1592
307	1610
307	1620
307	1621
307	1622
307	1627
307	1628
307	1631
307	1632
308	337
308	338
308	339
308	362
308	363
308	386
308	410
308	438
308	439
308	468
308	470
308	471
308	532
308	534
308	590
308	591
308	608
308	633
308	636
308	648
308	656
308	757
308	768
308	827
308	828
308	841
308	842
308	847
308	861
308	864
308	876
308	877
308	879
308	902
308	903
308	936
308	937
308	950
308	1014
308	1027
308	1035
308	1041
308	1049
308	1058
308	1134
308	1143
308	1144
308	1157
308	1161
308	1177
308	1210
308	1253
308	1265
308	1308
308	1309
308	1331
308	1332
308	1372
308	1374
308	1375
308	1376
308	1377
308	1393
308	1425
308	1426
308	1427
308	1430
308	1439
308	1476
308	1512
308	1555
308	1564
308	1568
308	1598
308	1599
308	1633
308	1634
308	1635
308	1637
308	1638
309	311
309	312
309	341
309	342
309	364
309	377
309	417
309	418
309	420
309	422
309	434
309	435
309	436
309	448
309	466
309	467
309	482
309	525
309	536
309	538
309	540
309	541
309	593
309	594
309	609
309	612
309	625
309	629
309	630
309	638
309	716
309	729
309	741
309	749
309	829
309	862
309	876
309	878
309	879
309	884
309	888
309	905
309	906
309	921
309	938
309	939
309	945
309	946
309	970
309	1024
309	1029
309	1039
309	1053
309	1079
309	1101
309	1102
309	1103
309	1111
309	1112
309	1113
309	1117
309	1131
309	1136
309	1163
309	1165
309	1208
309	1240
309	1246
309	1250
309	1268
309	1278
309	1302
309	1303
309	1304
309	1333
309	1335
309	1336
309	1348
309	1367
309	1368
309	1369
309	1370
309	1397
309	1398
309	1425
309	1426
309	1427
309	1430
309	1474
309	1510
309	1521
309	1539
309	1549
309	1569
309	1580
309	1594
309	1595
309	1612
309	1633
309	1634
309	1636
309	1637
309	1638
309	1648
309	1649
310	311
310	313
310	343
310	344
310	345
310	356
310	362
310	384
310	410
310	419
310	421
310	423
310	428
310	443
310	444
310	449
310	465
310	476
310	477
310	483
310	526
310	537
310	573
310	595
310	610
310	641
310	657
310	682
310	759
310	762
310	830
310	843
310	856
310	857
310	874
310	880
310	887
310	907
310	908
310	913
310	914
310	915
310	922
310	940
310	941
310	942
310	971
310	1028
310	1043
310	1045
310	1049
310	1056
310	1074
310	1075
310	1104
310	1105
310	1137
310	1146
310	1151
310	1155
310	1162
310	1164
310	1166
310	1214
310	1255
310	1260
310	1263
310	1265
310	1269
310	1321
310	1322
310	1323
310	1334
310	1348
310	1349
310	1363
310	1364
310	1383
310	1386
310	1387
310	1388
310	1389
310	1399
310	1400
310	1402
310	1431
310	1432
310	1440
310	1441
310	1442
310	1489
310	1517
310	1558
310	1566
310	1605
310	1607
310	1608
310	1639
310	1640
310	1641
310	1645
310	1646
311	346
311	347
311	348
311	349
311	357
311	411
311	419
311	428
311	429
311	449
311	465
311	476
311	483
311	527
311	536
311	538
311	573
311	611
311	612
311	613
311	630
311	658
311	682
311	729
311	732
311	831
311	843
311	856
311	857
311	874
311	880
311	887
311	909
311	910
311	913
311	914
311	915
311	923
311	940
311	941
311	942
311	971
311	1011
311	1017
311	1019
311	1029
311	1037
311	1074
311	1075
311	1104
311	1105
311	1138
311	1155
311	1162
311	1171
311	1196
311	1234
311	1263
311	1289
311	1290
311	1291
311	1300
311	1333
311	1335
311	1348
311	1349
311	1350
311	1351
311	1352
311	1363
311	1364
311	1367
311	1386
311	1399
311	1400
311	1410
311	1411
311	1412
311	1433
311	1434
311	1435
311	1489
311	1529
311	1588
311	1589
311	1607
311	1608
311	1623
311	1624
311	1639
311	1640
311	1641
312	313
312	354
312	355
312	356
312	357
312	415
312	417
312	434
312	448
312	449
312	450
312	466
312	482
312	483
312	530
312	541
312	542
312	543
312	612
312	630
312	637
312	641
312	755
312	764
312	833
312	862
312	876
312	878
312	879
312	884
312	888
312	913
312	914
312	931
312	938
312	939
312	945
312	946
312	1019
312	1032
312	1045
312	1057
312	1082
312	1101
312	1102
312	1103
312	1111
312	1112
312	1113
312	1276
312	1278
312	1333
312	1334
312	1335
312	1337
312	1367
312	1383
312	1397
312	1398
312	1399
312	1400
312	1401
312	1403
312	1445
312	1446
312	1447
312	1452
312	1453
312	1454
312	1455
312	1521
312	1580
312	1581
312	1583
312	1612
312	1613
312	1636
312	1637
312	1638
312	1648
312	1649
312	1650
313	338
313	359
313	360
313	361
313	419
313	423
313	435
313	442
313	467
313	530
313	532
313	541
313	542
313	603
313	604
313	614
313	631
313	637
313	638
313	642
313	659
313	755
313	757
313	835
313	849
313	852
313	853
313	863
313	867
313	881
313	885
313	886
313	905
313	906
313	933
313	947
313	948
313	1016
313	1041
313	1114
313	1115
313	1116
313	1141
313	1151
313	1152
313	1155
313	1162
313	1166
313	1180
313	1212
313	1260
313	1263
313	1303
313	1316
313	1317
313	1318
313	1319
313	1337
313	1368
313	1369
313	1383
313	1384
313	1386
313	1397
313	1436
313	1437
313	1438
313	1439
313	1449
313	1450
313	1451
313	1480
313	1515
313	1562
313	1564
313	1566
313	1597
313	1598
313	1599
313	1603
313	1604
313	1642
313	1643
314	317
314	318
314	320
314	328
314	330
314	340
314	347
314	348
314	349
314	357
314	424
314	428
314	429
314	431
314	484
314	488
314	606
314	618
314	619
314	660
314	676
314	686
314	708
314	724
314	731
314	735
314	782
314	783
314	789
314	796
314	797
314	891
314	899
314	901
314	904
314	910
314	923
314	942
314	959
314	960
314	961
314	962
314	1010
314	1011
314	1018
314	1019
314	1020
314	1021
314	1033
314	1037
314	1068
314	1069
314	1070
314	1167
314	1190
314	1199
314	1281
314	1307
314	1315
314	1345
314	1351
314	1353
314	1403
314	1407
314	1408
314	1429
314	1434
314	1435
314	1528
314	1531
314	1588
314	1589
315	317
315	331
315	336
315	341
315	342
315	425
315	432
315	433
315	434
315	435
315	436
315	437
315	500
315	607
315	620
315	636
315	678
315	687
315	688
315	710
315	723
315	724
315	754
315	785
315	814
315	819
315	820
315	889
315	897
315	906
315	921
315	923
315	930
315	932
315	939
315	952
315	953
315	983
315	1012
315	1013
315	1039
315	1040
315	1053
315	1059
315	1060
315	1061
315	1087
315	1091
315	1092
315	1168
315	1179
315	1191
315	1297
315	1305
315	1309
315	1370
315	1371
315	1382
315	1418
315	1430
315	1561
315	1593
315	1594
315	1595
315	1596
315	1616
315	1635
316	317
316	323
316	332
316	333
316	339
316	343
316	345
316	360
316	361
316	432
316	442
316	443
316	444
316	445
316	621
316	635
316	639
316	640
316	646
316	661
316	662
316	689
316	690
316	713
316	752
316	786
316	787
316	789
316	823
316	890
316	898
316	899
316	908
316	922
316	932
316	933
316	948
316	956
316	986
316	987
316	988
316	989
316	1014
316	1016
316	1036
316	1042
316	1043
316	1044
316	1056
316	1065
316	1095
316	1096
316	1097
316	1195
316	1213
316	1282
316	1286
316	1310
316	1324
316	1325
316	1377
316	1385
316	1389
316	1390
316	1404
316	1405
316	1420
316	1421
316	1432
316	1442
316	1443
316	1444
316	1450
316	1451
316	1556
316	1565
316	1603
316	1604
316	1605
316	1606
316	1647
317	318
317	327
317	329
317	330
317	333
317	346
317	348
317	349
317	355
317	356
317	357
317	363
317	425
317	428
317	429
317	436
317	448
317	449
317	450
317	451
317	485
317	494
317	616
317	617
317	622
317	634
317	635
317	640
317	647
317	651
317	660
317	663
317	676
317	686
317	691
317	708
317	715
317	751
317	752
317	771
317	783
317	794
317	795
317	813
317	814
317	820
317	831
317	891
317	896
317	910
317	914
317	921
317	923
317	930
317	931
317	942
317	946
317	959
317	960
317	961
317	962
317	978
317	979
317	980
317	1011
317	1017
317	1019
317	1020
317	1021
317	1032
317	1034
317	1035
317	1036
317	1037
317	1040
317	1044
317	1045
317	1046
317	1069
317	1070
317	1087
317	1088
317	1168
317	1171
317	1178
317	1198
317	1211
317	1282
317	1284
317	1286
317	1292
317	1293
317	1295
317	1314
317	1327
317	1352
317	1353
317	1377
317	1406
317	1407
317	1408
317	1412
317	1413
317	1414
317	1416
317	1417
317	1434
317	1435
317	1446
317	1447
317	1532
317	1573
317	1587
317	1588
317	1589
317	1612
317	1613
317	1614
317	1619
317	1625
318	320
318	328
318	330
318	340
318	347
318	348
318	349
318	357
318	426
318	428
318	429
318	437
318	486
318	495
318	606
318	618
318	619
318	622
318	624
318	635
318	647
318	660
318	676
318	686
318	708
318	720
318	740
318	752
318	782
318	783
318	796
318	797
318	814
318	889
318	891
318	895
318	910
318	923
318	942
318	959
318	960
318	961
318	962
318	1010
318	1011
318	1018
318	1019
318	1020
318	1021
318	1033
318	1037
318	1069
318	1070
318	1167
318	1169
318	1190
318	1199
318	1281
318	1283
318	1285
318	1286
318	1292
318	1293
318	1307
318	1315
318	1340
318	1352
318	1353
318	1358
318	1406
318	1407
318	1408
318	1412
318	1413
318	1414
318	1429
318	1434
318	1435
318	1538
318	1587
318	1588
318	1589
318	1619
318	1625
319	320
319	325
319	326
319	328
319	340
319	347
319	350
319	352
319	353
319	431
319	447
319	453
319	454
319	455
319	456
319	459
319	480
319	481
319	488
319	490
319	516
319	621
319	622
319	631
319	632
319	633
319	648
319	664
319	672
319	682
319	684
319	693
319	716
319	731
319	744
319	748
319	798
319	799
319	805
319	809
319	810
319	894
319	901
319	912
319	918
319	924
319	925
319	929
319	944
319	963
319	964
319	970
319	971
319	972
319	973
319	1010
319	1018
319	1022
319	1023
319	1029
319	1030
319	1031
319	1033
319	1047
319	1048
319	1068
319	1079
319	1080
319	1081
319	1172
319	1176
319	1201
319	1209
319	1287
319	1293
319	1317
319	1325
319	1331
319	1332
319	1351
319	1355
319	1360
319	1369
319	1395
319	1396
319	1412
319	1413
319	1436
319	1437
319	1442
319	1443
319	1531
319	1534
319	1546
319	1552
319	1610
319	1611
319	1617
319	1618
319	1619
320	324
320	326
320	335
320	336
320	346
320	347
320	349
320	350
320	353
320	369
320	381
320	404
320	424
320	429
320	430
320	431
320	433
320	447
320	461
320	481
320	484
320	486
320	487
320	488
320	505
320	506
320	518
320	544
320	552
320	558
320	559
320	568
320	576
320	611
320	614
320	615
320	623
320	624
320	633
320	648
320	665
320	670
320	671
320	695
320	721
320	722
320	730
320	731
320	735
320	739
320	740
320	753
320	761
320	784
320	792
320	793
320	816
320	841
320	848
320	860
320	861
320	868
320	872
320	897
320	900
320	901
320	904
320	909
320	910
320	924
320	925
320	935
320	941
320	955
320	957
320	958
320	985
320	1011
320	1012
320	1015
320	1017
320	1018
320	1021
320	1022
320	1023
320	1030
320	1031
320	1038
320	1058
320	1066
320	1067
320	1068
320	1071
320	1078
320	1089
320	1100
320	1125
320	1129
320	1130
320	1173
320	1187
320	1188
320	1197
320	1203
320	1228
320	1233
320	1239
320	1285
320	1288
320	1291
320	1313
320	1319
320	1331
320	1332
320	1342
320	1343
320	1350
320	1351
320	1358
320	1369
320	1380
320	1388
320	1395
320	1396
320	1406
320	1411
320	1424
320	1433
320	1438
320	1464
320	1466
320	1473
320	1487
320	1488
320	1502
320	1525
320	1530
320	1531
320	1537
320	1538
320	1552
320	1567
320	1589
320	1593
320	1609
320	1610
320	1611
320	1623
320	1624
320	1625
321	325
321	334
321	336
321	341
321	364
321	434
321	458
321	459
321	460
321	461
321	462
321	463
321	464
321	489
321	625
321	626
321	649
321	653
321	666
321	696
321	697
321	717
321	774
321	801
321	832
321	869
321	873
321	900
321	918
321	926
321	934
321	939
321	949
321	965
321	997
321	998
321	999
321	1012
321	1024
321	1025
321	1048
321	1050
321	1051
321	1053
321	1072
321	1073
321	1106
321	1107
321	1174
321	1186
321	1204
321	1299
321	1301
321	1320
321	1336
321	1359
321	1360
321	1361
321	1362
321	1379
321	1409
321	1422
321	1423
321	1439
321	1455
321	1456
321	1569
321	1577
321	1622
321	1626
321	1627
321	1628
321	1629
321	1630
322	323
322	324
322	325
322	337
322	339
322	343
322	351
322	360
322	365
322	440
322	441
322	468
322	469
322	470
322	471
322	472
322	473
322	474
322	475
322	492
322	519
322	606
322	623
322	629
322	634
322	647
322	650
322	657
322	658
322	668
322	669
322	683
322	699
322	700
322	718
322	767
322	777
322	802
322	803
322	805
322	834
322	892
322	893
322	902
322	911
322	919
322	927
322	928
322	936
322	943
322	950
322	966
322	967
322	1002
322	1003
322	1004
322	1005
322	1014
322	1015
322	1026
322	1027
322	1042
322	1048
322	1054
322	1055
322	1056
322	1074
322	1075
322	1095
322	1111
322	1112
322	1113
322	1189
322	1207
322	1222
322	1289
322	1292
322	1302
322	1312
322	1313
322	1314
322	1315
322	1321
322	1380
322	1381
322	1382
322	1392
322	1400
322	1410
322	1411
322	1425
322	1426
322	1433
322	1434
322	1435
322	1440
322	1458
322	1459
322	1545
322	1546
322	1563
322	1601
322	1602
322	1636
322	1637
322	1638
322	1639
322	1640
322	1641
323	324
323	327
323	332
323	337
323	338
323	344
323	345
323	351
323	359
323	360
323	361
323	365
323	388
323	430
323	432
323	440
323	441
323	474
323	475
323	491
323	494
323	500
323	504
323	517
323	518
323	569
323	580
323	606
323	614
323	623
323	634
323	642
323	650
323	670
323	680
323	694
323	695
323	701
323	712
323	723
323	726
323	730
323	742
323	751
323	760
323	855
323	858
323	859
323	882
323	892
323	893
323	927
323	928
323	932
323	935
323	947
323	957
323	968
323	969
323	984
323	985
323	990
323	1015
323	1016
323	1026
323	1027
323	1028
323	1034
323	1041
323	1042
323	1043
323	1044
323	1054
323	1055
323	1059
323	1064
323	1067
323	1073
323	1076
323	1077
323	1078
323	1093
323	1094
323	1095
323	1099
323	1107
323	1241
323	1312
323	1313
323	1314
323	1315
323	1318
323	1319
323	1347
323	1350
323	1373
323	1380
323	1381
323	1382
323	1387
323	1400
323	1410
323	1411
323	1419
323	1433
323	1434
323	1435
323	1438
323	1441
323	1449
323	1485
323	1486
323	1563
323	1567
323	1600
323	1601
323	1602
323	1604
323	1609
323	1640
323	1641
323	1642
323	1643
323	1644
324	328
324	339
324	343
324	344
324	360
324	389
324	427
324	431
324	433
324	440
324	441
324	457
324	474
324	475
324	476
324	477
324	491
324	495
324	500
324	521
324	580
324	606
324	610
324	611
324	615
324	623
324	634
324	650
324	665
324	671
324	680
324	702
324	712
324	720
324	723
324	725
324	726
324	789
324	793
324	805
324	806
324	807
324	892
324	893
324	897
324	899
324	901
324	907
324	916
324	917
324	927
324	928
324	940
324	954
324	955
324	958
324	968
324	969
324	1010
324	1014
324	1015
324	1018
324	1028
324	1042
324	1055
324	1056
324	1059
324	1062
324	1063
324	1064
324	1076
324	1077
324	1078
324	1095
324	1170
324	1173
324	1194
324	1256
324	1288
324	1291
324	1312
324	1313
324	1314
324	1315
324	1323
324	1338
324	1346
324	1347
324	1364
324	1380
324	1381
324	1382
324	1404
324	1410
324	1411
324	1431
324	1433
324	1434
324	1435
324	1441
324	1525
324	1531
324	1546
324	1547
324	1548
324	1600
324	1601
324	1602
324	1621
324	1640
324	1641
324	1645
324	1646
324	1647
325	326
325	327
325	328
325	346
325	350
325	352
325	353
325	355
325	370
325	411
325	425
325	426
325	428
325	434
325	453
325	454
325	455
325	456
325	478
325	479
325	485
325	492
325	536
325	622
325	624
325	630
325	635
325	646
325	647
325	651
325	658
325	664
325	682
325	693
325	703
325	716
325	719
325	767
325	771
325	799
325	808
325	819
325	829
325	831
325	832
325	844
325	866
325	894
325	895
325	912
325	923
325	929
325	930
325	939
325	942
325	944
325	970
325	971
325	972
325	973
325	993
325	994
325	1010
325	1017
325	1022
325	1023
325	1029
325	1030
325	1031
325	1032
325	1034
325	1047
325	1048
325	1051
325	1055
325	1079
325	1080
325	1081
325	1087
325	1101
325	1102
325	1103
325	1171
325	1174
325	1176
325	1185
325	1191
325	1192
325	1208
325	1217
325	1234
325	1254
325	1284
325	1285
325	1286
325	1289
325	1292
325	1293
325	1324
325	1333
325	1343
325	1344
325	1345
325	1352
325	1355
325	1373
325	1392
325	1400
325	1406
325	1407
325	1408
325	1412
325	1413
325	1414
325	1442
325	1443
325	1452
325	1453
325	1534
325	1554
325	1561
325	1569
325	1573
325	1577
325	1586
325	1587
325	1617
325	1618
325	1619
325	1625
325	1648
326	327
326	328
326	340
326	347
326	350
326	352
326	353
326	370
326	411
326	425
326	426
326	429
326	435
326	453
326	454
326	455
326	456
326	459
326	480
326	481
326	486
326	493
326	516
326	621
326	622
326	624
326	631
326	632
326	635
326	647
326	651
326	664
326	672
326	682
326	684
326	693
326	716
326	737
326	740
326	748
326	798
326	799
326	809
326	810
326	819
326	844
326	866
326	894
326	895
326	906
326	910
326	912
326	918
326	923
326	924
326	929
326	930
326	944
326	963
326	964
326	970
326	971
326	972
326	973
326	1010
326	1018
326	1022
326	1023
326	1029
326	1030
326	1031
326	1033
326	1034
326	1047
326	1048
326	1079
326	1080
326	1081
326	1172
326	1175
326	1176
326	1191
326	1192
326	1201
326	1209
326	1234
326	1254
326	1284
326	1285
326	1286
326	1287
326	1290
326	1292
326	1293
326	1317
326	1325
326	1338
326	1343
326	1344
326	1345
326	1352
326	1355
326	1358
326	1364
326	1392
326	1406
326	1407
326	1408
326	1412
326	1413
326	1414
326	1436
326	1437
326	1442
326	1443
326	1522
326	1534
326	1538
326	1542
326	1561
326	1569
326	1586
326	1587
326	1617
326	1618
326	1619
326	1625
327	328
327	330
327	340
327	348
327	352
327	354
327	355
327	357
327	425
327	426
327	436
327	455
327	456
327	482
327	483
327	494
327	508
327	510
327	549
327	624
327	635
327	647
327	651
327	673
327	675
327	704
327	706
327	724
327	734
327	751
327	752
327	765
327	814
327	818
327	894
327	895
327	913
327	921
327	923
327	929
327	930
327	945
327	974
327	975
327	976
327	977
327	1010
327	1019
327	1020
327	1023
327	1029
327	1032
327	1033
327	1034
327	1037
327	1042
327	1047
327	1048
327	1057
327	1070
327	1082
327	1083
327	1084
327	1085
327	1086
327	1087
327	1102
327	1284
327	1285
327	1286
327	1292
327	1343
327	1344
327	1345
327	1373
327	1392
327	1406
327	1407
327	1408
327	1412
327	1413
327	1414
327	1415
327	1444
327	1445
327	1554
327	1569
327	1585
327	1586
327	1587
327	1618
327	1619
327	1649
327	1650
328	340
328	349
328	350
328	353
328	355
328	425
328	426
328	437
328	455
328	456
328	491
328	495
328	549
328	611
328	622
328	624
328	635
328	651
328	674
328	675
328	706
328	720
328	724
328	726
328	783
328	799
328	889
328	891
328	894
328	895
328	929
328	930
328	951
328	974
328	975
328	1010
328	1011
328	1015
328	1021
328	1022
328	1023
328	1030
328	1031
328	1032
328	1033
328	1034
328	1048
328	1082
328	1083
328	1084
328	1087
328	1176
328	1284
328	1285
328	1286
328	1291
328	1293
328	1338
328	1343
328	1344
328	1345
328	1347
328	1355
328	1406
328	1407
328	1408
328	1412
328	1413
328	1414
328	1428
328	1444
328	1522
328	1534
328	1585
328	1586
328	1587
328	1618
328	1619
329	330
329	333
329	348
329	354
329	356
329	357
329	362
329	363
329	391
329	427
329	438
329	444
329	446
329	448
329	449
329	450
329	451
329	496
329	507
329	625
329	633
329	643
329	644
329	652
329	663
329	676
329	685
329	691
329	707
329	715
329	756
329	763
329	811
329	812
329	822
329	827
329	828
329	896
329	899
329	914
329	917
329	922
329	931
329	933
329	937
329	946
329	960
329	978
329	979
329	980
329	991
329	992
329	1019
329	1020
329	1035
329	1036
329	1037
329	1045
329	1046
329	1049
329	1057
329	1069
329	1088
329	1098
329	1177
329	1182
329	1210
329	1215
329	1261
329	1294
329	1326
329	1332
329	1336
329	1380
329	1389
329	1401
329	1402
329	1415
329	1416
329	1417
329	1446
329	1447
329	1455
329	1456
329	1457
329	1568
329	1612
329	1613
329	1614
330	331
330	332
330	333
330	346
330	348
330	349
330	355
330	356
330	357
330	363
330	391
330	428
330	429
330	439
330	448
330	449
330	450
330	451
330	497
330	500
330	503
330	507
330	607
330	616
330	617
330	625
330	634
330	635
330	652
330	660
330	663
330	675
330	676
330	686
330	691
330	708
330	715
330	723
330	733
330	752
330	756
330	787
330	794
330	795
330	813
330	814
330	891
330	896
330	898
330	903
330	910
330	914
330	923
330	931
330	942
330	946
330	959
330	960
330	961
330	962
330	975
330	978
330	979
330	980
330	1011
330	1013
330	1017
330	1019
330	1020
330	1021
330	1032
330	1034
330	1035
330	1036
330	1037
330	1045
330	1046
330	1066
330	1069
330	1070
330	1083
330	1088
330	1178
330	1198
330	1211
330	1261
330	1286
330	1295
330	1297
330	1314
330	1327
330	1336
330	1343
330	1349
330	1352
330	1401
330	1402
330	1407
330	1408
330	1415
330	1416
330	1417
330	1434
330	1435
330	1446
330	1447
330	1455
330	1456
330	1457
330	1532
330	1588
330	1589
330	1612
330	1613
330	1614
331	336
331	341
331	342
331	376
331	432
331	433
331	434
331	435
331	436
331	437
331	441
331	445
331	491
331	497
331	499
331	500
331	506
331	607
331	617
331	626
331	636
331	678
331	687
331	688
331	710
331	721
331	723
331	726
331	733
331	746
331	781
331	785
331	819
331	820
331	889
331	890
331	893
331	897
331	906
331	921
331	932
331	939
331	952
331	953
331	983
331	1012
331	1013
331	1020
331	1039
331	1040
331	1053
331	1058
331	1059
331	1060
331	1061
331	1064
331	1091
331	1092
331	1095
331	1168
331	1179
331	1183
331	1191
331	1230
331	1295
331	1297
331	1301
331	1309
331	1343
331	1362
331	1365
331	1366
331	1418
331	1423
331	1424
331	1430
331	1561
331	1592
331	1593
331	1594
331	1595
331	1596
331	1628
331	1632
332	339
332	343
332	345
332	360
332	361
332	383
332	439
332	442
332	443
332	444
332	445
332	451
332	501
332	627
332	639
332	640
332	653
332	661
332	662
332	680
332	689
332	690
332	713
332	786
332	787
332	795
332	822
332	823
332	890
332	896
332	898
332	903
332	908
332	922
332	933
332	948
332	956
332	969
332	986
332	987
332	988
332	989
332	1014
332	1016
332	1020
332	1042
332	1043
332	1044
332	1056
332	1062
332	1065
332	1077
332	1096
332	1097
332	1178
332	1195
332	1213
332	1232
332	1282
332	1310
332	1320
332	1385
332	1405
332	1419
332	1420
332	1421
332	1432
332	1439
332	1450
332	1451
332	1603
332	1604
332	1605
332	1606
332	1644
333	348
333	354
333	356
333	357
333	362
333	363
333	427
333	440
333	444
333	445
333	448
333	449
333	450
333	451
333	501
333	502
333	633
333	643
333	644
333	649
333	663
333	681
333	685
333	691
333	707
333	715
333	769
333	781
333	811
333	812
333	827
333	828
333	890
333	896
333	899
333	914
333	917
333	922
333	928
333	931
333	946
333	978
333	979
333	980
333	991
333	992
333	996
333	1019
333	1020
333	1035
333	1036
333	1037
333	1044
333	1045
333	1046
333	1049
333	1057
333	1085
333	1088
333	1105
333	1177
333	1182
333	1183
333	1210
333	1215
333	1294
333	1298
333	1299
333	1326
333	1332
333	1375
333	1389
333	1394
333	1409
333	1416
333	1417
333	1422
333	1446
333	1447
333	1528
333	1556
333	1565
333	1568
333	1571
333	1606
333	1612
333	1613
333	1614
333	1622
334	335
334	336
334	341
334	364
334	403
334	404
334	430
334	431
334	432
334	458
334	459
334	460
334	461
334	462
334	463
334	464
334	499
334	504
334	531
334	558
334	588
334	607
334	625
334	626
334	653
334	655
334	666
334	696
334	697
334	717
334	742
334	746
334	801
334	832
334	848
334	872
334	900
334	901
334	918
334	926
334	932
334	934
334	935
334	949
334	965
334	997
334	998
334	999
334	1012
334	1024
334	1025
334	1038
334	1050
334	1051
334	1053
334	1072
334	1073
334	1106
334	1107
334	1174
334	1186
334	1204
334	1233
334	1264
334	1296
334	1297
334	1301
334	1320
334	1336
334	1341
334	1356
334	1357
334	1358
334	1359
334	1362
334	1365
334	1409
334	1418
334	1423
334	1424
334	1439
334	1455
334	1456
334	1501
334	1502
334	1533
334	1540
334	1563
334	1591
334	1592
334	1593
334	1626
334	1627
334	1628
334	1629
334	1630
334	1632
335	336
335	341
335	358
335	399
335	430
335	431
335	440
335	447
335	460
335	461
335	465
335	481
335	498
335	505
335	528
335	607
335	648
335	654
335	655
335	667
335	677
335	698
335	709
335	714
335	753
335	775
335	776
335	793
335	815
335	816
335	900
335	901
335	915
335	924
335	925
335	928
335	934
335	935
335	981
335	982
335	995
335	1000
335	1001
335	1012
335	1018
335	1025
335	1038
335	1052
335	1053
335	1089
335	1090
335	1108
335	1109
335	1110
335	1173
335	1187
335	1221
335	1248
335	1296
335	1297
335	1328
335	1331
335	1356
335	1357
335	1358
335	1378
335	1395
335	1396
335	1418
335	1423
335	1424
335	1448
335	1457
335	1558
335	1559
335	1575
335	1590
335	1591
335	1592
335	1610
335	1627
335	1628
335	1631
335	1632
336	341
336	342
336	358
336	364
336	430
336	431
336	441
336	447
336	460
336	461
336	466
336	467
336	500
336	503
336	506
336	607
336	613
336	626
336	655
336	656
336	677
336	678
336	709
336	721
336	723
336	784
336	793
336	893
336	900
336	901
336	905
336	925
336	934
336	935
336	938
336	953
336	1000
336	1001
336	1012
336	1013
336	1017
336	1018
336	1024
336	1025
336	1038
336	1039
336	1040
336	1050
336	1051
336	1052
336	1053
336	1058
336	1059
336	1108
336	1109
336	1110
336	1173
336	1188
336	1296
336	1297
336	1300
336	1301
336	1308
336	1341
336	1349
336	1356
336	1357
336	1358
336	1359
336	1418
336	1423
336	1424
336	1457
336	1540
336	1559
336	1590
336	1591
336	1592
336	1627
336	1628
336	1633
336	1634
336	1635
337	338
337	339
337	343
337	351
337	360
337	365
337	377
337	410
337	411
337	418
337	438
337	439
337	449
337	468
337	469
337	470
337	471
337	472
337	473
337	474
337	475
337	519
337	536
337	590
337	608
337	620
337	629
337	636
337	656
337	657
337	658
337	668
337	669
337	680
337	683
337	699
337	700
337	718
337	777
337	794
337	802
337	803
337	808
337	827
337	834
337	892
337	902
337	903
337	911
337	914
337	919
337	927
337	936
337	937
337	943
337	950
337	966
337	967
337	969
337	1002
337	1003
337	1004
337	1005
337	1014
337	1026
337	1027
337	1041
337	1042
337	1054
337	1055
337	1056
337	1074
337	1075
337	1077
337	1111
337	1112
337	1113
337	1185
337	1189
337	1207
337	1210
337	1211
337	1222
337	1234
337	1250
337	1265
337	1268
337	1289
337	1302
337	1305
337	1308
337	1309
337	1321
337	1354
337	1374
337	1375
337	1376
337	1377
337	1410
337	1419
337	1425
337	1426
337	1427
337	1430
337	1440
337	1458
337	1459
337	1512
337	1524
337	1532
337	1545
337	1550
337	1568
337	1569
337	1580
337	1598
337	1599
337	1636
337	1637
337	1638
337	1639
337	1640
337	1641
338	339
338	343
338	359
338	360
338	438
338	439
338	442
338	446
338	450
338	470
338	471
338	501
338	507
338	542
338	608
338	636
338	637
338	638
338	656
338	670
338	679
338	701
338	711
338	755
338	756
338	822
338	825
338	835
338	849
338	853
338	881
338	885
338	902
338	903
338	931
338	933
338	936
338	937
338	947
338	948
338	984
338	985
338	987
338	1003
338	1006
338	1007
338	1014
338	1027
338	1041
338	1042
338	1056
338	1069
338	1093
338	1094
338	1095
338	1096
338	1114
338	1115
338	1116
338	1180
338	1212
338	1303
338	1308
338	1309
338	1337
338	1368
338	1372
338	1374
338	1375
338	1376
338	1377
338	1383
338	1384
338	1398
338	1419
338	1425
338	1426
338	1427
338	1430
338	1449
338	1460
338	1520
338	1562
338	1580
338	1581
338	1582
338	1597
338	1598
338	1599
338	1637
338	1638
338	1642
338	1643
338	1644
339	343
339	344
339	345
339	351
339	359
339	361
339	365
339	438
339	439
339	451
339	470
339	471
339	476
339	477
339	507
339	608
339	609
339	636
339	656
339	671
339	679
339	683
339	702
339	711
339	756
339	787
339	791
339	803
339	836
339	849
339	853
339	896
339	898
339	902
339	903
339	907
339	936
339	937
339	940
339	954
339	955
339	967
339	1006
339	1007
339	1014
339	1015
339	1016
339	1017
339	1026
339	1027
339	1028
339	1041
339	1043
339	1044
339	1054
339	1055
339	1056
339	1062
339	1063
339	1064
339	1069
339	1114
339	1115
339	1116
339	1189
339	1193
339	1304
339	1308
339	1309
339	1374
339	1375
339	1376
339	1377
339	1384
339	1404
339	1421
339	1425
339	1426
339	1427
339	1430
339	1431
339	1460
339	1524
339	1545
339	1597
339	1598
339	1599
339	1637
339	1638
339	1645
339	1646
339	1647
340	344
340	349
340	350
340	353
340	355
340	425
340	426
340	452
340	457
340	459
340	509
340	516
340	618
340	631
340	637
340	674
340	675
340	686
340	693
340	706
340	748
340	750
340	796
340	806
340	809
340	895
340	916
340	918
340	920
340	930
340	951
340	961
340	972
340	974
340	975
340	1010
340	1011
340	1021
340	1022
340	1023
340	1028
340	1030
340	1031
340	1032
340	1033
340	1034
340	1081
340	1082
340	1083
340	1084
340	1190
340	1194
340	1201
340	1307
340	1317
340	1337
340	1353
340	1371
340	1414
340	1428
340	1429
340	1444
340	1458
340	1459
340	1460
340	1547
340	1585
340	1586
340	1587
341	342
341	346
341	358
341	364
341	430
341	431
341	434
341	435
341	453
341	462
341	466
341	467
341	609
341	629
341	638
341	656
341	677
341	687
341	696
341	709
341	773
341	784
341	819
341	876
341	879
341	901
341	905
341	906
341	935
341	938
341	939
341	941
341	944
341	983
341	998
341	1000
341	1001
341	1012
341	1013
341	1024
341	1025
341	1038
341	1039
341	1040
341	1050
341	1051
341	1052
341	1053
341	1058
341	1103
341	1108
341	1109
341	1110
341	1188
341	1191
341	1196
341	1204
341	1302
341	1303
341	1304
341	1308
341	1367
341	1368
341	1369
341	1381
341	1424
341	1425
341	1426
341	1427
341	1430
341	1439
341	1457
341	1561
341	1572
341	1579
341	1590
341	1591
341	1592
341	1594
341	1595
341	1633
341	1634
341	1635
342	348
342	370
342	377
342	378
342	411
342	432
342	433
342	434
342	435
342	436
342	437
342	455
342	464
342	466
342	467
342	500
342	565
342	594
342	607
342	609
342	629
342	636
342	638
342	645
342	678
342	687
342	688
342	698
342	710
342	723
342	752
342	785
342	799
342	813
342	817
342	819
342	820
342	889
342	897
342	905
342	906
342	921
342	926
342	929
342	932
342	938
342	939
342	952
342	953
342	981
342	983
342	1012
342	1013
342	1037
342	1039
342	1040
342	1053
342	1059
342	1060
342	1061
342	1090
342	1091
342	1092
342	1168
342	1176
342	1179
342	1191
342	1192
342	1198
342	1206
342	1234
342	1237
342	1254
342	1268
342	1297
342	1302
342	1303
342	1304
342	1306
342	1309
342	1367
342	1368
342	1369
342	1381
342	1390
342	1418
342	1425
342	1426
342	1427
342	1430
342	1474
342	1475
342	1532
342	1534
342	1557
342	1560
342	1561
342	1569
342	1579
342	1593
342	1594
342	1595
342	1596
342	1633
342	1634
343	344
343	345
343	346
343	351
343	359
343	361
343	362
343	365
343	438
343	439
343	443
343	457
343	476
343	477
343	511
343	519
343	609
343	610
343	639
343	650
343	657
343	671
343	679
343	689
343	699
343	702
343	711
343	770
343	777
343	778
343	830
343	836
343	903
343	907
343	908
343	916
343	937
343	940
343	954
343	955
343	988
343	1004
343	1006
343	1007
343	1014
343	1015
343	1016
343	1026
343	1027
343	1028
343	1041
343	1043
343	1044
343	1049
343	1054
343	1055
343	1056
343	1062
343	1063
343	1064
343	1113
343	1114
343	1115
343	1116
343	1193
343	1214
343	1304
343	1310
343	1312
343	1321
343	1322
343	1323
343	1385
343	1386
343	1387
343	1388
343	1402
343	1404
343	1427
343	1431
343	1432
343	1440
343	1441
343	1460
343	1547
343	1597
343	1598
343	1599
343	1605
343	1645
343	1646
343	1647
344	345
344	347
344	360
344	362
344	389
344	427
344	440
344	441
344	443
344	452
344	457
344	465
344	476
344	477
344	491
344	512
344	520
344	521
344	610
344	611
344	615
344	623
344	657
344	665
344	671
344	680
344	690
344	700
344	702
344	712
344	725
344	726
344	739
344	747
344	806
344	807
344	830
344	893
344	907
344	908
344	915
344	916
344	917
344	920
344	928
344	940
344	954
344	955
344	958
344	968
344	969
344	1014
344	1015
344	1028
344	1033
344	1042
344	1043
344	1049
344	1056
344	1062
344	1063
344	1064
344	1076
344	1077
344	1078
344	1170
344	1194
344	1214
344	1256
344	1288
344	1291
344	1311
344	1313
344	1321
344	1322
344	1323
344	1346
344	1347
344	1366
344	1386
344	1387
344	1388
344	1404
344	1411
344	1431
344	1432
344	1440
344	1441
344	1527
344	1547
344	1548
344	1600
344	1601
344	1602
344	1605
344	1621
344	1645
344	1646
344	1647
345	348
345	360
345	361
345	384
345	385
345	442
345	443
345	444
345	445
345	473
345	476
345	477
345	513
345	567
345	610
345	634
345	639
345	640
345	657
345	661
345	662
345	689
345	690
345	701
345	713
345	754
345	758
345	786
345	787
345	823
345	890
345	898
345	907
345	908
345	911
345	922
345	933
345	940
345	948
345	956
345	984
345	986
345	987
345	988
345	989
345	1014
345	1016
345	1028
345	1037
345	1042
345	1043
345	1044
345	1056
345	1065
345	1094
345	1096
345	1097
345	1195
345	1213
345	1238
345	1269
345	1282
345	1310
345	1311
345	1314
345	1321
345	1322
345	1323
345	1376
345	1379
345	1385
345	1386
345	1387
345	1388
345	1402
345	1405
345	1420
345	1421
345	1431
345	1432
345	1440
345	1441
345	1450
345	1451
345	1482
345	1543
345	1600
345	1603
345	1604
345	1605
345	1606
345	1639
345	1645
345	1646
346	347
346	348
346	349
346	352
346	357
346	362
346	428
346	429
346	446
346	453
346	466
346	485
346	503
346	511
346	522
346	538
346	557
346	611
346	612
346	613
346	650
346	651
346	658
346	665
346	681
346	691
346	695
346	703
346	714
346	729
346	739
346	766
346	770
346	771
346	778
346	790
346	791
346	831
346	909
346	910
346	938
346	941
346	942
346	944
346	957
346	958
346	979
346	994
346	995
346	996
346	1011
346	1017
346	1018
346	1019
346	1020
346	1029
346	1037
346	1047
346	1048
346	1049
346	1053
346	1056
346	1066
346	1067
346	1068
346	1103
346	1104
346	1105
346	1138
346	1157
346	1171
346	1196
346	1197
346	1219
346	1284
346	1289
346	1290
346	1291
346	1300
346	1312
346	1335
346	1348
346	1349
346	1350
346	1351
346	1376
346	1402
346	1406
346	1410
346	1411
346	1433
346	1434
346	1435
346	1442
346	1454
346	1484
346	1529
346	1537
346	1557
346	1572
346	1573
346	1579
346	1588
346	1589
346	1607
346	1608
346	1623
346	1624
346	1625
347	348
347	349
347	350
347	353
347	369
347	381
347	404
347	428
347	429
347	431
347	447
347	454
347	461
347	467
347	486
347	488
347	512
347	518
347	523
347	552
347	558
347	559
347	568
347	611
347	614
347	615
347	623
347	624
347	658
347	665
347	670
347	671
347	695
347	730
347	731
347	736
347	739
347	740
347	747
347	770
347	792
347	793
347	848
347	872
347	900
347	901
347	905
347	909
347	910
347	912
347	925
347	941
347	942
347	955
347	957
347	958
347	985
347	1011
347	1017
347	1018
347	1021
347	1022
347	1023
347	1028
347	1030
347	1031
347	1037
347	1066
347	1067
347	1068
347	1071
347	1125
347	1129
347	1130
347	1173
347	1196
347	1197
347	1203
347	1228
347	1233
347	1239
347	1285
347	1288
347	1289
347	1290
347	1291
347	1313
347	1319
347	1339
347	1343
347	1348
347	1349
347	1350
347	1351
347	1358
347	1366
347	1380
347	1406
347	1410
347	1411
347	1433
347	1434
347	1435
347	1438
347	1464
347	1466
347	1473
347	1502
347	1523
347	1530
347	1531
347	1537
347	1538
347	1544
347	1572
347	1588
347	1589
347	1593
347	1609
347	1610
347	1611
347	1623
347	1624
347	1625
348	349
348	355
348	356
348	357
348	363
348	369
348	428
348	429
348	448
348	449
348	450
348	451
348	455
348	513
348	568
348	611
348	616
348	617
348	634
348	635
348	639
348	658
348	660
348	663
348	676
348	686
348	691
348	704
348	708
348	715
348	752
348	758
348	770
348	794
348	795
348	813
348	814
348	819
348	891
348	896
348	909
348	910
348	914
348	923
348	929
348	931
348	941
348	942
348	946
348	959
348	960
348	961
348	962
348	976
348	978
348	979
348	980
348	1011
348	1017
348	1019
348	1020
348	1021
348	1032
348	1034
348	1035
348	1036
348	1037
348	1039
348	1043
348	1045
348	1046
348	1069
348	1070
348	1086
348	1088
348	1178
348	1191
348	1198
348	1211
348	1239
348	1286
348	1289
348	1290
348	1291
348	1295
348	1310
348	1314
348	1327
348	1348
348	1349
348	1350
348	1351
348	1352
348	1376
348	1385
348	1407
348	1408
348	1410
348	1411
348	1416
348	1417
348	1433
348	1434
348	1435
348	1444
348	1446
348	1447
348	1464
348	1532
348	1557
348	1561
348	1572
348	1588
348	1589
348	1612
348	1613
348	1614
348	1623
348	1624
349	357
349	369
349	428
349	429
349	456
349	514
349	568
349	606
349	611
349	618
349	619
349	658
349	660
349	676
349	686
349	691
349	708
349	728
349	739
349	782
349	783
349	796
349	797
349	891
349	894
349	909
349	910
349	923
349	941
349	942
349	959
349	960
349	961
349	962
349	979
349	1010
349	1011
349	1018
349	1019
349	1020
349	1021
349	1033
349	1037
349	1069
349	1070
349	1167
349	1190
349	1192
349	1199
349	1239
349	1281
349	1289
349	1290
349	1291
349	1307
349	1311
349	1315
349	1339
349	1348
349	1349
349	1350
349	1351
349	1353
349	1407
349	1408
349	1410
349	1411
349	1429
349	1433
349	1434
349	1435
349	1464
349	1523
349	1537
349	1588
349	1589
349	1623
349	1624
350	352
350	353
350	364
350	420
350	452
350	453
350	454
350	455
350	456
350	458
350	459
350	461
350	465
350	480
350	481
350	509
350	515
350	516
350	518
350	539
350	540
350	614
350	621
350	622
350	627
350	631
350	632
350	659
350	664
350	672
350	682
350	684
350	692
350	693
350	695
350	716
350	730
350	741
350	743
350	748
350	750
350	772
350	779
350	792
350	798
350	799
350	804
350	809
350	810
350	838
350	894
350	900
350	912
350	915
350	918
350	920
350	924
350	929
350	944
350	949
350	957
350	963
350	964
350	970
350	971
350	972
350	973
350	1008
350	1010
350	1018
350	1022
350	1023
350	1024
350	1029
350	1030
350	1031
350	1033
350	1047
350	1048
350	1067
350	1072
350	1079
350	1080
350	1081
350	1084
350	1093
350	1106
350	1119
350	1172
350	1176
350	1200
350	1201
350	1203
350	1209
350	1240
350	1287
350	1293
350	1316
350	1317
350	1319
350	1325
350	1330
350	1350
350	1355
350	1368
350	1412
350	1413
350	1436
350	1437
350	1438
350	1442
350	1443
350	1449
350	1450
350	1451
350	1530
350	1534
350	1539
350	1551
350	1574
350	1603
350	1609
350	1617
350	1618
350	1619
350	1626
350	1642
351	352
351	360
351	365
351	412
351	413
351	458
351	468
351	469
351	470
351	471
351	472
351	473
351	474
351	475
351	511
351	519
351	520
351	522
351	528
351	529
351	629
351	639
351	646
351	657
351	658
351	668
351	669
351	683
351	699
351	700
351	701
351	718
351	745
351	766
351	775
351	777
351	778
351	802
351	803
351	834
351	838
351	892
351	902
351	911
351	919
351	927
351	936
351	943
351	949
351	950
351	966
351	967
351	984
351	1002
351	1003
351	1004
351	1005
351	1014
351	1026
351	1027
351	1042
351	1047
351	1054
351	1055
351	1056
351	1074
351	1075
351	1094
351	1098
351	1108
351	1111
351	1112
351	1113
351	1116
351	1189
351	1200
351	1207
351	1222
351	1242
351	1272
351	1289
351	1302
351	1310
351	1311
351	1321
351	1322
351	1324
351	1378
351	1379
351	1399
351	1410
351	1425
351	1426
351	1431
351	1432
351	1440
351	1441
351	1458
351	1459
351	1545
351	1600
351	1636
351	1637
351	1638
351	1639
351	1640
351	1641
351	1645
352	353
352	355
352	397
352	453
352	454
352	455
352	456
352	462
352	466
352	478
352	479
352	519
352	522
352	536
352	630
352	640
352	646
352	647
352	657
352	664
352	682
352	693
352	703
352	704
352	716
352	719
352	766
352	770
352	777
352	808
352	829
352	894
352	912
352	929
352	938
352	941
352	944
352	970
352	971
352	972
352	973
352	976
352	993
352	994
352	1017
352	1022
352	1023
352	1029
352	1030
352	1031
352	1032
352	1034
352	1047
352	1048
352	1050
352	1054
352	1079
352	1080
352	1081
352	1086
352	1101
352	1102
352	1103
352	1185
352	1204
352	1208
352	1217
352	1244
352	1282
352	1283
352	1292
352	1321
352	1324
352	1333
352	1341
352	1342
352	1392
352	1399
352	1404
352	1405
352	1412
352	1413
352	1442
352	1443
352	1444
352	1452
352	1453
352	1569
352	1572
352	1576
352	1585
352	1617
352	1618
352	1619
352	1648
353	397
353	453
353	454
353	455
353	456
353	459
353	463
353	467
353	480
353	481
353	516
353	520
353	523
353	621
353	622
353	631
353	632
353	640
353	664
353	672
353	682
353	684
353	693
353	703
353	716
353	736
353	739
353	748
353	798
353	799
353	809
353	810
353	894
353	905
353	909
353	912
353	918
353	924
353	929
353	944
353	963
353	964
353	970
353	971
353	972
353	973
353	994
353	1010
353	1018
353	1022
353	1023
353	1029
353	1030
353	1031
353	1033
353	1047
353	1048
353	1079
353	1080
353	1081
353	1103
353	1172
353	1176
353	1201
353	1205
353	1209
353	1244
353	1282
353	1283
353	1287
353	1293
353	1317
353	1322
353	1325
353	1341
353	1342
353	1355
353	1363
353	1404
353	1405
353	1412
353	1413
353	1436
353	1437
353	1442
353	1443
353	1444
353	1534
353	1537
353	1541
353	1585
353	1617
353	1618
353	1619
354	355
354	356
354	357
354	358
354	359
354	363
354	424
354	448
354	449
354	468
354	478
354	482
354	483
354	524
354	528
354	541
354	612
354	630
354	641
354	643
354	654
354	673
354	704
354	705
354	775
354	780
354	827
354	904
354	913
354	914
354	945
354	946
354	947
354	950
354	976
354	977
354	1009
354	1019
354	1032
354	1034
354	1035
354	1036
354	1045
354	1046
354	1052
354	1057
354	1082
354	1085
354	1086
354	1087
354	1117
354	1210
354	1212
354	1216
354	1326
354	1328
354	1333
354	1334
354	1335
354	1389
354	1395
354	1397
354	1398
354	1399
354	1400
354	1403
354	1415
354	1445
354	1446
354	1447
354	1452
354	1453
354	1454
354	1521
354	1568
354	1581
354	1612
354	1613
354	1649
354	1650
355	356
355	357
355	360
355	425
355	426
355	448
355	449
355	469
355	479
355	482
355	483
355	508
355	510
355	525
355	529
355	536
355	541
355	612
355	616
355	628
355	630
355	641
355	673
355	675
355	704
355	706
355	734
355	745
355	749
355	765
355	794
355	895
355	913
355	914
355	919
355	930
355	945
355	946
355	974
355	975
355	976
355	977
355	1010
355	1019
355	1020
355	1029
355	1032
355	1033
355	1034
355	1037
355	1045
355	1047
355	1048
355	1057
355	1070
355	1079
355	1082
355	1083
355	1084
355	1085
355	1086
355	1087
355	1102
355	1211
355	1217
355	1327
355	1329
355	1333
355	1334
355	1335
355	1352
355	1361
355	1370
355	1397
355	1398
355	1399
355	1400
355	1414
355	1415
355	1444
355	1445
355	1446
355	1447
355	1452
355	1453
355	1454
355	1521
355	1532
355	1553
355	1585
355	1586
355	1587
355	1612
355	1613
355	1649
355	1650
356	357
356	362
356	363
356	377
356	418
356	427
356	444
356	448
356	449
356	450
356	451
356	470
356	479
356	482
356	483
356	526
356	537
356	612
356	616
356	630
356	633
356	641
356	643
356	644
356	663
356	685
356	691
356	707
356	715
356	759
356	762
356	794
356	803
356	811
356	812
356	821
356	824
356	827
356	828
356	862
356	884
356	896
356	899
356	913
356	914
356	917
356	922
356	931
356	936
356	945
356	946
356	978
356	979
356	980
356	991
356	992
356	1019
356	1020
356	1032
356	1035
356	1036
356	1037
356	1045
356	1046
356	1049
356	1057
356	1088
356	1177
356	1182
356	1189
356	1210
356	1211
356	1215
356	1218
356	1250
356	1268
356	1294
356	1326
356	1327
356	1332
356	1333
356	1334
356	1335
356	1352
356	1386
356	1389
356	1392
356	1397
356	1398
356	1399
356	1400
356	1403
356	1416
356	1417
356	1445
356	1446
356	1447
356	1452
356	1453
356	1454
356	1532
356	1545
356	1564
356	1566
356	1568
356	1580
356	1607
356	1612
356	1613
356	1614
356	1648
356	1649
356	1650
357	361
357	363
357	377
357	418
357	428
357	429
357	448
357	449
357	450
357	451
357	471
357	479
357	482
357	483
357	527
357	538
357	612
357	616
357	617
357	630
357	634
357	635
357	641
357	643
357	660
357	663
357	676
357	686
357	691
357	708
357	715
357	729
357	732
357	752
357	786
357	790
357	794
357	795
357	803
357	813
357	814
357	827
357	862
357	884
357	891
357	896
357	902
357	910
357	913
357	914
357	923
357	931
357	942
357	945
357	946
357	959
357	960
357	961
357	962
357	978
357	979
357	980
357	1011
357	1016
357	1017
357	1019
357	1020
357	1021
357	1032
357	1034
357	1035
357	1036
357	1037
357	1045
357	1046
357	1057
357	1069
357	1070
357	1082
357	1088
357	1178
357	1189
357	1198
357	1210
357	1211
357	1213
357	1219
357	1250
357	1268
357	1286
357	1295
357	1314
357	1326
357	1327
357	1333
357	1334
357	1335
357	1348
357	1352
357	1370
357	1389
357	1392
357	1397
357	1398
357	1399
357	1400
357	1407
357	1408
357	1416
357	1417
357	1434
357	1435
357	1445
357	1446
357	1447
357	1452
357	1453
357	1454
357	1526
357	1529
357	1532
357	1545
357	1553
357	1568
357	1580
357	1588
357	1589
357	1607
357	1612
357	1613
357	1614
357	1648
357	1649
357	1650
358	362
358	399
358	430
358	431
358	447
358	465
358	472
358	476
358	480
358	481
358	498
358	519
358	520
358	524
358	528
358	529
358	539
358	601
358	613
358	648
358	654
358	655
358	667
358	677
358	698
358	709
358	714
358	745
358	772
358	775
358	776
358	777
358	780
358	815
358	816
358	830
358	857
358	874
358	901
358	915
358	924
358	925
358	935
358	940
358	943
358	981
358	982
358	995
358	1000
358	1001
358	1012
358	1038
358	1049
358	1052
358	1053
358	1057
358	1089
358	1090
358	1098
358	1106
358	1108
358	1109
358	1110
358	1113
358	1187
358	1214
358	1220
358	1221
358	1248
358	1296
358	1300
358	1328
358	1331
358	1361
358	1363
358	1364
358	1395
358	1396
358	1403
358	1424
358	1448
358	1455
358	1457
358	1507
358	1508
358	1558
358	1559
358	1570
358	1578
358	1590
358	1591
358	1592
358	1610
358	1631
358	1632
359	360
359	361
359	362
359	438
359	439
359	442
359	468
359	482
359	507
359	530
359	531
359	534
359	541
359	542
359	603
359	614
359	631
359	637
359	638
359	642
359	648
359	659
359	670
359	679
359	701
359	711
359	755
359	756
359	768
359	835
359	881
359	885
359	903
359	937
359	945
359	947
359	948
359	950
359	984
359	985
359	1006
359	1007
359	1014
359	1016
359	1041
359	1042
359	1049
359	1056
359	1057
359	1076
359	1093
359	1094
359	1095
359	1111
359	1114
359	1115
359	1116
359	1180
359	1212
359	1303
359	1316
359	1317
359	1318
359	1319
359	1330
359	1331
359	1337
359	1368
359	1383
359	1384
359	1393
359	1401
359	1419
359	1427
359	1436
359	1437
359	1438
359	1449
359	1450
359	1451
359	1458
359	1460
359	1515
359	1520
359	1564
359	1581
359	1582
359	1597
359	1598
359	1599
359	1603
359	1604
359	1642
359	1643
359	1644
360	361
360	365
360	388
360	440
360	441
360	442
360	469
360	483
360	504
360	517
360	518
360	530
360	531
360	535
360	569
360	603
360	614
360	631
360	642
360	659
360	670
360	680
360	694
360	695
360	701
360	712
360	730
360	738
360	742
360	760
360	855
360	858
360	859
360	882
360	893
360	913
360	919
360	928
360	947
360	948
360	957
360	968
360	969
360	984
360	985
360	990
360	1015
360	1016
360	1026
360	1027
360	1028
360	1032
360	1041
360	1042
360	1043
360	1044
360	1054
360	1055
360	1067
360	1073
360	1074
360	1076
360	1077
360	1078
360	1093
360	1094
360	1095
360	1099
360	1107
360	1114
360	1212
360	1241
360	1316
360	1317
360	1318
360	1319
360	1350
360	1356
360	1365
360	1383
360	1384
360	1387
360	1411
360	1419
360	1436
360	1437
360	1438
360	1441
360	1449
360	1450
360	1451
360	1485
360	1486
360	1515
360	1526
360	1553
360	1581
360	1600
360	1601
360	1602
360	1603
360	1604
360	1609
360	1642
360	1643
360	1644
361	442
361	443
361	444
361	445
361	471
361	533
361	614
361	631
361	639
361	640
361	642
361	659
361	661
361	662
361	689
361	690
361	713
361	727
361	786
361	787
361	794
361	823
361	855
361	859
361	890
361	898
361	902
361	908
361	922
361	933
361	947
361	948
361	956
361	986
361	987
361	988
361	989
361	1014
361	1016
361	1019
361	1042
361	1043
361	1044
361	1056
361	1065
361	1076
361	1096
361	1097
361	1195
361	1211
361	1213
361	1282
361	1310
361	1316
361	1317
361	1318
361	1319
361	1330
361	1365
361	1383
361	1384
361	1385
361	1405
361	1420
361	1421
361	1432
361	1436
361	1437
361	1438
361	1449
361	1450
361	1451
361	1526
361	1532
361	1603
361	1604
361	1605
361	1606
361	1609
361	1642
361	1643
362	363
362	384
362	407
362	419
362	427
362	446
362	457
362	472
362	476
362	477
362	502
362	511
362	512
362	530
362	534
362	535
362	537
362	543
362	574
362	586
362	587
362	595
362	598
362	605
362	615
362	628
362	632
362	641
362	648
362	649
362	654
362	681
362	694
362	709
362	714
362	738
362	747
362	759
362	764
362	768
362	769
362	778
362	806
362	824
362	825
362	830
362	836
362	860
362	867
362	868
362	886
362	907
362	916
362	917
362	940
362	943
362	990
362	995
362	996
362	1000
362	1017
362	1028
362	1035
362	1036
362	1045
362	1046
362	1049
362	1052
362	1056
362	1071
362	1078
362	1089
362	1098
362	1099
362	1100
362	1101
362	1104
362	1105
362	1116
362	1137
362	1155
362	1162
362	1193
362	1194
362	1214
362	1218
362	1263
362	1269
362	1274
362	1287
362	1288
362	1299
362	1328
362	1329
362	1331
362	1334
362	1346
362	1347
362	1356
362	1363
362	1374
362	1386
362	1393
362	1394
362	1399
362	1401
362	1422
362	1431
362	1448
362	1454
362	1483
362	1498
362	1499
362	1513
362	1517
362	1519
362	1535
362	1555
362	1566
362	1570
362	1571
362	1578
362	1607
362	1608
362	1620
362	1621
362	1622
362	1639
363	427
363	444
363	448
363	449
363	450
363	451
363	457
363	474
363	476
363	532
363	534
363	615
363	632
363	633
363	643
363	644
363	663
363	685
363	691
363	707
363	715
363	757
363	768
363	811
363	812
363	827
363	828
363	896
363	899
363	914
363	916
363	917
363	922
363	927
363	931
363	940
363	946
363	978
363	979
363	980
363	991
363	992
363	1019
363	1020
363	1035
363	1036
363	1037
363	1045
363	1046
363	1049
363	1057
363	1088
363	1104
363	1177
363	1182
363	1210
363	1215
363	1287
363	1288
363	1294
363	1326
363	1330
363	1332
363	1346
363	1347
363	1374
363	1389
363	1393
363	1416
363	1417
363	1446
363	1447
363	1555
363	1568
363	1570
363	1612
363	1613
363	1614
363	1620
363	1621
364	458
364	459
364	460
364	461
364	462
364	463
364	464
364	473
364	480
364	529
364	536
364	540
364	617
364	625
364	626
364	630
364	644
364	653
364	666
364	696
364	697
364	717
364	741
364	745
364	801
364	832
364	900
364	911
364	918
364	926
364	934
364	949
364	965
364	997
364	998
364	999
364	1012
364	1024
364	1025
364	1029
364	1030
364	1050
364	1051
364	1053
364	1072
364	1073
364	1106
364	1107
364	1174
364	1186
364	1204
364	1220
364	1294
364	1295
364	1301
364	1320
364	1333
364	1336
364	1354
364	1355
364	1359
364	1361
364	1367
364	1409
364	1415
364	1416
364	1417
364	1423
364	1439
364	1455
364	1456
364	1457
364	1539
364	1551
364	1590
364	1626
364	1627
364	1628
364	1629
364	1630
365	468
365	469
365	470
365	471
365	472
365	473
365	474
365	475
365	479
365	483
365	519
365	531
365	541
365	618
365	629
365	645
365	657
365	658
365	668
365	669
365	683
365	699
365	700
365	718
365	777
365	802
365	803
365	834
365	892
365	902
365	911
365	913
365	919
365	927
365	936
365	943
365	950
365	966
365	967
365	1002
365	1003
365	1004
365	1005
365	1014
365	1026
365	1027
365	1029
365	1042
365	1054
365	1055
365	1056
365	1074
365	1075
365	1076
365	1082
365	1111
365	1112
365	1113
365	1189
365	1207
365	1217
365	1222
365	1289
365	1302
365	1306
365	1307
365	1321
365	1372
365	1373
365	1410
365	1425
365	1426
365	1428
365	1429
365	1440
365	1458
365	1459
365	1460
365	1545
365	1549
365	1597
365	1636
365	1637
365	1638
365	1639
365	1640
365	1641
366	369
366	373
366	374
366	380
366	397
366	406
366	413
366	426
366	429
366	454
366	486
366	496
366	514
366	526
366	533
366	545
366	546
366	549
366	571
366	572
366	666
366	667
366	703
366	704
366	722
366	724
366	727
366	728
366	740
366	762
366	763
366	781
366	789
366	800
366	807
366	812
366	895
366	910
366	912
366	976
366	982
366	994
366	999
366	1065
366	1120
366	1123
366	1124
366	1133
366	1134
366	1135
366	1144
366	1154
366	1170
366	1181
366	1182
366	1183
366	1225
366	1226
366	1239
366	1242
366	1243
366	1244
366	1245
366	1257
366	1342
366	1358
366	1360
366	1404
366	1405
366	1409
366	1418
366	1422
366	1442
366	1443
366	1444
366	1462
366	1470
366	1496
366	1506
366	1527
366	1528
366	1538
366	1542
366	1544
366	1555
366	1556
366	1565
366	1602
366	1605
366	1606
367	370
367	373
367	381
367	398
367	414
367	425
367	484
367	488
367	497
367	500
367	503
367	510
367	518
367	527
367	538
367	547
367	549
367	581
367	668
367	669
367	670
367	671
367	672
367	673
367	674
367	723
367	724
367	729
367	730
367	731
367	732
367	733
367	734
367	735
367	752
367	782
367	783
367	813
367	814
367	831
367	930
367	951
367	955
367	964
367	977
367	985
367	1005
367	1066
367	1067
367	1068
367	1069
367	1070
367	1087
367	1121
367	1125
367	1130
367	1149
367	1150
367	1171
367	1196
367	1197
367	1198
367	1199
367	1227
367	1228
367	1254
367	1257
367	1258
367	1259
367	1377
367	1379
367	1382
367	1406
367	1407
367	1408
367	1410
367	1411
367	1412
367	1413
367	1414
367	1433
367	1434
367	1435
367	1497
367	1514
367	1523
367	1537
367	1538
367	1557
367	1561
367	1572
367	1573
367	1588
367	1589
367	1619
367	1623
367	1624
367	1625
368	369
368	376
368	399
368	408
368	427
368	429
368	433
368	486
368	498
368	512
368	528
368	535
368	551
368	552
368	556
368	574
368	575
368	677
368	678
368	714
368	715
368	738
368	739
368	740
368	747
368	775
368	776
368	784
368	793
368	801
368	810
368	816
368	897
368	899
368	910
368	917
368	953
368	978
368	995
368	1001
368	1071
368	1108
368	1109
368	1110
368	1122
368	1127
368	1138
368	1139
368	1140
368	1147
368	1156
368	1172
368	1173
368	1186
368	1187
368	1188
368	1229
368	1230
368	1239
368	1248
368	1249
368	1358
368	1364
368	1366
368	1418
368	1423
368	1424
368	1463
368	1473
368	1499
368	1509
368	1525
368	1530
368	1531
368	1538
368	1546
368	1548
368	1558
368	1559
368	1567
368	1590
368	1591
368	1592
368	1602
368	1609
368	1610
368	1611
369	371
369	376
369	378
369	385
369	403
369	404
369	427
369	428
369	429
369	431
369	461
369	485
369	486
369	488
369	512
369	518
369	531
369	558
369	559
369	568
369	580
369	606
369	607
369	614
369	615
369	623
369	624
369	634
369	678
369	687
369	691
369	730
369	731
369	739
369	740
369	747
369	771
369	782
369	785
369	792
369	793
369	805
369	813
369	840
369	871
369	891
369	900
369	901
369	909
369	910
369	917
369	942
369	953
369	979
369	983
369	1011
369	1018
369	1037
369	1076
369	1077
369	1078
369	1088
369	1091
369	1092
369	1125
369	1129
369	1130
369	1173
369	1179
369	1197
369	1198
369	1199
369	1203
369	1224
369	1230
369	1233
369	1237
369	1238
369	1239
369	1245
369	1249
369	1264
369	1285
369	1288
369	1297
369	1313
369	1314
369	1315
369	1319
369	1347
369	1350
369	1351
369	1355
369	1358
369	1410
369	1411
369	1418
369	1423
369	1424
369	1433
369	1434
369	1435
369	1464
369	1466
369	1502
369	1525
369	1530
369	1531
369	1534
369	1537
369	1538
369	1548
369	1563
369	1573
369	1592
369	1593
369	1600
369	1601
369	1602
369	1611
369	1625
369	1628
369	1641
370	371
370	386
370	396
370	398
370	410
370	411
370	428
370	434
370	435
370	439
370	455
370	456
370	471
370	485
370	497
370	500
370	516
370	527
370	536
370	548
370	560
370	581
370	608
370	635
370	636
370	663
370	672
370	683
370	688
370	723
370	724
370	732
370	733
370	748
370	752
370	771
370	783
370	799
370	814
370	819
370	844
370	849
370	853
370	866
370	894
370	902
370	903
370	906
370	923
370	929
370	939
370	942
370	964
370	967
370	980
370	1003
370	1023
370	1039
370	1048
370	1059
370	1060
370	1061
370	1069
370	1079
370	1080
370	1081
370	1145
370	1176
370	1191
370	1192
370	1224
370	1234
370	1235
370	1253
370	1254
370	1258
370	1259
370	1265
370	1286
370	1309
370	1340
370	1344
370	1373
370	1376
370	1377
370	1381
370	1382
370	1406
370	1407
370	1408
370	1412
370	1413
370	1414
370	1425
370	1426
370	1427
370	1430
370	1435
370	1477
370	1497
370	1534
370	1554
370	1557
370	1561
370	1565
370	1569
370	1587
370	1594
370	1595
370	1596
370	1599
370	1617
370	1618
370	1619
370	1638
371	387
371	395
371	396
371	411
371	424
371	429
371	484
371	486
371	500
371	509
371	510
371	525
371	549
371	556
371	561
371	562
371	568
371	635
371	663
371	684
371	688
371	723
371	724
371	734
371	735
371	740
371	749
371	750
371	783
371	799
371	814
371	820
371	844
371	866
371	891
371	899
371	904
371	910
371	963
371	980
371	1059
371	1060
371	1061
371	1082
371	1083
371	1084
371	1121
371	1150
371	1168
371	1169
371	1176
371	1223
371	1224
371	1234
371	1235
371	1239
371	1254
371	1266
371	1286
371	1338
371	1339
371	1340
371	1345
371	1377
371	1406
371	1407
371	1408
371	1412
371	1413
371	1414
371	1461
371	1464
371	1494
371	1522
371	1523
371	1528
371	1554
371	1561
371	1585
371	1586
371	1587
371	1594
371	1595
371	1596
371	1616
371	1619
372	373
372	377
372	388
372	405
372	420
372	434
372	462
372	489
372	492
372	501
372	507
372	513
372	532
372	542
372	569
372	578
372	585
372	596
372	597
372	692
372	693
372	694
372	695
372	696
372	697
372	698
372	754
372	755
372	756
372	757
372	758
372	767
372	774
372	786
372	787
372	821
372	822
372	835
372	869
372	873
372	939
372	957
372	972
372	981
372	990
372	998
372	1008
372	1093
372	1094
372	1095
372	1096
372	1097
372	1131
372	1133
372	1159
372	1163
372	1180
372	1212
372	1213
372	1240
372	1241
372	1257
372	1268
372	1270
372	1271
372	1359
372	1360
372	1392
372	1419
372	1420
372	1421
372	1436
372	1437
372	1438
372	1439
372	1447
372	1449
372	1450
372	1451
372	1467
372	1469
372	1486
372	1500
372	1503
372	1526
372	1564
372	1577
372	1581
372	1582
372	1603
372	1604
372	1638
372	1642
372	1643
372	1644
373	374
373	379
373	380
373	389
373	397
373	406
373	412
373	413
373	421
373	430
373	473
373	487
373	489
373	494
373	514
373	517
373	533
373	537
373	546
373	555
373	556
373	570
373	577
373	578
373	589
373	597
373	666
373	667
373	699
373	700
373	701
373	702
373	722
373	727
373	728
373	751
373	754
373	759
373	760
373	761
373	774
373	781
373	788
373	800
373	806
373	812
373	823
373	836
373	842
373	846
373	847
373	870
373	899
373	911
373	935
373	954
373	982
373	984
373	999
373	1004
373	1065
373	1098
373	1099
373	1100
373	1121
373	1124
373	1127
373	1148
373	1149
373	1150
373	1153
373	1156
373	1181
373	1182
373	1183
373	1193
373	1194
373	1195
373	1225
373	1226
373	1242
373	1243
373	1244
373	1245
373	1255
373	1256
373	1257
373	1259
373	1271
373	1272
373	1273
373	1342
373	1373
373	1379
373	1382
373	1388
373	1409
373	1422
373	1429
373	1431
373	1432
373	1440
373	1441
373	1465
373	1467
373	1469
373	1470
373	1479
373	1505
373	1527
373	1528
373	1535
373	1536
373	1543
373	1565
373	1567
373	1570
373	1571
373	1605
373	1606
373	1616
373	1620
373	1621
373	1622
374	380
374	397
374	406
374	413
374	431
374	454
374	488
374	490
374	495
374	496
374	514
374	526
374	533
374	545
374	546
374	555
374	556
374	559
374	571
374	572
374	578
374	666
374	667
374	703
374	704
374	720
374	722
374	727
374	728
374	731
374	744
374	754
374	762
374	763
374	781
374	789
374	800
374	807
374	812
374	842
374	846
374	847
374	870
374	899
374	901
374	912
374	976
374	982
374	994
374	999
374	1065
374	1120
374	1123
374	1124
374	1134
374	1135
374	1144
374	1149
374	1154
374	1170
374	1181
374	1182
374	1183
374	1225
374	1226
374	1242
374	1243
374	1244
374	1245
374	1257
374	1338
374	1342
374	1345
374	1351
374	1379
374	1404
374	1405
374	1409
374	1422
374	1442
374	1443
374	1444
374	1462
374	1466
374	1468
374	1469
374	1470
374	1496
374	1506
374	1525
374	1527
374	1528
374	1531
374	1544
374	1555
374	1556
374	1565
374	1605
374	1606
375	377
375	390
375	407
375	422
375	432
375	434
375	485
375	492
375	502
375	508
375	519
375	522
375	534
375	543
375	573
375	601
375	602
375	705
375	706
375	707
375	708
375	709
375	710
375	764
375	765
375	766
375	767
375	768
375	769
375	770
375	771
375	777
375	790
375	791
375	808
375	824
375	825
375	837
375	932
375	939
375	952
375	959
375	974
375	991
375	1000
375	1009
375	1101
375	1102
375	1103
375	1104
375	1105
375	1136
375	1138
375	1155
375	1162
375	1165
375	1184
375	1185
375	1216
375	1217
375	1218
375	1219
375	1246
375	1247
375	1268
375	1274
375	1275
375	1400
375	1445
375	1446
375	1447
375	1448
375	1452
375	1453
375	1454
375	1471
375	1489
375	1507
375	1529
375	1545
375	1546
375	1549
375	1550
375	1566
375	1569
375	1583
375	1584
375	1607
375	1608
375	1638
375	1648
376	399
376	404
376	408
376	431
376	432
376	433
376	437
376	486
376	488
376	491
376	498
376	512
376	528
376	535
376	551
376	552
376	559
376	568
376	574
376	575
376	677
376	678
376	714
376	715
376	726
376	731
376	738
376	739
376	740
376	747
376	775
376	776
376	784
376	785
376	793
376	801
376	810
376	816
376	889
376	897
376	901
376	932
376	953
376	978
376	995
376	1001
376	1013
376	1071
376	1108
376	1109
376	1110
376	1122
376	1124
376	1127
376	1139
376	1140
376	1147
376	1156
376	1172
376	1173
376	1179
376	1186
376	1187
376	1188
376	1229
376	1230
376	1233
376	1239
376	1248
376	1249
376	1347
376	1351
376	1366
376	1418
376	1423
376	1424
376	1463
376	1464
376	1466
376	1472
376	1473
376	1499
376	1509
376	1522
376	1525
376	1528
376	1530
376	1531
376	1558
376	1559
376	1563
376	1567
376	1590
376	1591
376	1592
376	1593
376	1609
376	1610
376	1611
377	378
377	390
377	392
377	402
377	417
377	418
377	434
377	435
377	436
377	448
377	449
377	466
377	470
377	471
377	489
377	492
377	493
377	494
377	519
377	522
377	541
377	573
377	593
377	594
377	608
377	629
377	636
377	663
377	687
377	688
377	691
377	707
377	708
377	716
377	737
377	751
377	752
377	766
377	767
377	774
377	777
377	794
377	803
377	827
377	876
377	879
377	902
377	906
377	914
377	921
377	936
377	938
377	939
377	946
377	959
377	970
377	979
377	980
377	983
377	991
377	1019
377	1027
377	1039
377	1045
377	1060
377	1088
377	1091
377	1103
377	1111
377	1112
377	1113
377	1189
377	1210
377	1211
377	1237
377	1247
377	1250
377	1251
377	1267
377	1268
377	1271
377	1275
377	1278
377	1302
377	1309
377	1367
377	1392
377	1398
377	1417
377	1425
377	1426
377	1427
377	1430
377	1445
377	1446
377	1447
377	1451
377	1452
377	1453
377	1454
377	1474
377	1489
377	1510
377	1532
377	1545
377	1549
377	1550
377	1568
377	1569
377	1573
377	1580
377	1594
377	1599
377	1612
377	1613
377	1614
377	1633
377	1636
377	1637
377	1638
378	391
378	393
378	401
378	402
378	418
378	434
378	435
378	437
378	467
378	490
378	492
378	493
378	495
378	511
378	523
378	530
378	564
378	565
378	608
378	636
378	663
378	676
378	687
378	688
378	691
378	717
378	720
378	736
378	737
378	744
378	752
378	767
378	778
378	795
378	803
378	828
378	849
378	853
378	889
378	905
378	906
378	939
378	960
378	965
378	979
378	980
378	983
378	997
378	1039
378	1060
378	1088
378	1091
378	1114
378	1115
378	1116
378	1125
378	1126
378	1130
378	1133
378	1138
378	1141
378	1142
378	1152
378	1177
378	1178
378	1189
378	1236
378	1237
378	1239
378	1250
378	1251
378	1261
378	1268
378	1279
378	1309
378	1355
378	1358
378	1360
378	1368
378	1369
378	1384
378	1415
378	1416
378	1417
378	1421
378	1425
378	1426
378	1427
378	1430
378	1447
378	1455
378	1456
378	1457
378	1475
378	1511
378	1524
378	1532
378	1534
378	1538
378	1546
378	1551
378	1552
378	1562
378	1568
378	1597
378	1598
378	1599
378	1612
378	1613
378	1614
378	1638
379	380
379	384
379	389
379	412
379	413
379	421
379	440
379	472
379	487
379	491
379	498
379	502
379	505
379	517
379	521
379	537
379	576
379	580
379	598
379	599
379	642
379	664
379	665
379	694
379	699
379	700
379	701
379	702
379	725
379	726
379	753
379	759
379	760
379	761
379	769
379	776
379	788
379	800
379	806
379	811
379	823
379	830
379	836
379	928
379	943
379	954
379	958
379	973
379	984
379	990
379	1004
379	1062
379	1063
379	1064
379	1098
379	1099
379	1100
379	1128
379	1139
379	1146
379	1147
379	1160
379	1164
379	1181
379	1193
379	1194
379	1195
379	1214
379	1215
379	1242
379	1243
379	1255
379	1256
379	1257
379	1269
379	1272
379	1273
379	1318
379	1378
379	1394
379	1396
379	1422
379	1431
379	1432
379	1440
379	1441
379	1448
379	1478
379	1487
379	1513
379	1535
379	1536
379	1547
379	1548
379	1570
379	1571
379	1575
379	1578
379	1620
379	1621
379	1622
379	1645
379	1646
379	1647
380	381
380	385
380	388
380	389
380	397
380	406
380	412
380	413
380	421
380	441
380	443
380	473
380	487
380	499
380	500
380	514
380	517
380	533
380	537
380	570
380	577
380	578
380	642
380	666
380	667
380	694
380	699
380	700
380	701
380	702
380	723
380	727
380	728
380	746
380	754
380	759
380	760
380	761
380	781
380	788
380	800
380	806
380	812
380	823
380	836
380	893
380	908
380	911
380	954
380	982
380	984
380	990
380	999
380	1004
380	1065
380	1098
380	1099
380	1100
380	1148
380	1149
380	1153
380	1181
380	1182
380	1183
380	1193
380	1194
380	1195
380	1225
380	1226
380	1228
380	1238
380	1241
380	1242
380	1243
380	1244
380	1245
380	1255
380	1256
380	1257
380	1272
380	1273
380	1318
380	1357
380	1359
380	1362
380	1379
380	1409
380	1422
380	1431
380	1432
380	1440
380	1441
380	1469
380	1479
380	1505
380	1527
380	1528
380	1533
380	1535
380	1536
380	1540
380	1543
380	1565
380	1570
380	1571
380	1605
380	1606
380	1620
380	1621
380	1622
381	387
381	398
381	414
381	439
381	441
381	484
381	488
381	497
381	499
381	500
381	503
381	510
381	518
381	527
381	538
381	547
381	560
381	570
381	580
381	581
381	614
381	615
381	665
381	668
381	669
381	670
381	671
381	672
381	673
381	674
381	695
381	723
381	729
381	730
381	731
381	732
381	733
381	734
381	735
381	746
381	782
381	783
381	799
381	813
381	814
381	831
381	893
381	903
381	951
381	955
381	957
381	958
381	964
381	977
381	985
381	1005
381	1018
381	1064
381	1066
381	1067
381	1068
381	1069
381	1070
381	1095
381	1121
381	1122
381	1125
381	1130
381	1140
381	1150
381	1171
381	1176
381	1196
381	1197
381	1198
381	1199
381	1223
381	1227
381	1228
381	1243
381	1258
381	1259
381	1288
381	1319
381	1341
381	1343
381	1406
381	1407
381	1408
381	1410
381	1411
381	1412
381	1413
381	1414
381	1433
381	1434
381	1435
381	1477
381	1479
381	1497
381	1514
381	1523
381	1534
381	1537
381	1538
381	1557
381	1561
381	1572
381	1573
381	1588
381	1589
381	1595
381	1623
381	1624
381	1625
382	384
382	391
382	415
382	423
382	442
382	450
382	489
382	493
382	501
382	502
382	523
382	530
382	539
382	582
382	584
382	603
382	604
382	653
382	675
382	676
382	711
382	712
382	713
382	736
382	737
382	769
382	772
382	773
382	774
382	792
382	801
382	809
382	815
382	826
382	838
382	931
382	933
382	948
382	956
382	960
382	968
382	975
382	986
382	1006
382	1106
382	1107
382	1131
382	1141
382	1151
382	1152
382	1158
382	1163
382	1166
382	1186
382	1200
382	1201
382	1202
382	1203
382	1220
382	1221
382	1260
382	1261
382	1269
382	1276
382	1277
382	1320
382	1330
382	1394
382	1398
382	1401
382	1415
382	1416
382	1417
382	1436
382	1437
382	1438
382	1449
382	1450
382	1451
382	1455
382	1456
382	1457
382	1480
382	1490
382	1515
382	1539
382	1540
382	1551
382	1552
382	1562
382	1571
382	1574
382	1575
382	1580
382	1582
382	1609
382	1626
382	1627
382	1628
382	1639
383	387
383	400
383	416
383	439
383	445
383	463
383	490
383	497
383	499
383	504
383	529
383	540
383	553
383	554
383	560
383	584
383	585
383	627
383	679
383	680
383	681
383	733
383	741
383	742
383	743
383	744
383	745
383	746
383	799
383	817
383	818
383	832
383	890
383	898
383	903
383	933
383	969
383	987
383	996
383	1007
383	1072
383	1073
383	1123
383	1126
383	1133
383	1142
383	1148
383	1153
383	1154
383	1174
383	1175
383	1176
383	1204
383	1205
383	1206
383	1223
383	1231
383	1232
383	1262
383	1298
383	1360
383	1385
383	1409
383	1413
383	1419
383	1420
383	1421
383	1422
383	1439
383	1477
383	1481
383	1500
383	1516
383	1524
383	1534
383	1541
383	1542
383	1560
383	1576
383	1577
383	1585
383	1595
383	1629
383	1630
384	385
384	386
384	392
384	403
384	412
384	413
384	419
384	442
384	443
384	444
384	446
384	476
384	498
384	502
384	505
384	520
384	534
384	537
384	586
384	587
384	595
384	601
384	641
384	648
384	649
384	657
384	682
384	689
384	690
384	699
384	700
384	753
384	754
384	759
384	768
384	769
384	776
384	788
384	804
384	823
384	824
384	825
384	830
384	834
384	846
384	857
384	869
384	870
384	873
384	874
384	908
384	922
384	940
384	948
384	971
384	988
384	1004
384	1043
384	1049
384	1065
384	1074
384	1075
384	1089
384	1090
384	1097
384	1098
384	1137
384	1155
384	1162
384	1195
384	1207
384	1214
384	1218
384	1238
384	1242
384	1253
384	1263
384	1264
384	1267
384	1269
384	1272
384	1273
384	1277
384	1299
384	1321
384	1322
384	1331
384	1334
384	1357
384	1361
384	1386
384	1391
384	1393
384	1394
384	1395
384	1396
384	1431
384	1432
384	1440
384	1441
384	1448
384	1483
384	1507
384	1508
384	1517
384	1519
384	1536
384	1543
384	1546
384	1566
384	1570
384	1571
384	1578
384	1582
384	1622
384	1631
384	1632
384	1639
384	1640
384	1641
384	1645
385	387
385	393
385	403
385	404
385	419
385	430
385	443
385	445
385	460
385	477
385	487
385	499
385	502
385	505
385	512
385	517
385	531
385	535
385	566
385	567
385	588
385	589
385	642
385	689
385	690
385	738
385	746
385	747
385	753
385	754
385	760
385	761
385	769
385	785
385	788
385	800
385	801
385	804
385	823
385	826
385	834
385	846
385	869
385	870
385	873
385	890
385	907
385	908
385	934
385	935
385	988
385	1043
385	1065
385	1076
385	1077
385	1078
385	1089
385	1090
385	1097
385	1127
385	1128
385	1156
385	1160
385	1179
385	1181
385	1186
385	1195
385	1202
385	1207
385	1223
385	1233
385	1236
385	1238
385	1239
385	1243
385	1263
385	1264
385	1269
385	1318
385	1354
385	1356
385	1357
385	1362
385	1387
385	1388
385	1394
385	1418
385	1422
385	1423
385	1424
385	1431
385	1432
385	1440
385	1441
385	1465
385	1482
385	1501
385	1518
385	1525
385	1533
385	1535
385	1536
385	1540
385	1543
385	1563
385	1567
385	1571
385	1578
385	1600
385	1601
385	1602
385	1609
385	1622
385	1631
385	1632
386	387
386	394
386	395
386	397
386	410
386	411
386	438
386	444
386	470
386	496
386	502
386	506
386	516
386	526
386	536
386	580
386	584
386	590
386	591
386	661
386	662
386	683
386	703
386	721
386	722
386	748
386	762
386	763
386	769
386	789
386	798
386	819
386	829
386	842
386	847
386	876
386	879
386	922
386	933
386	936
386	937
386	967
386	989
386	994
386	1003
386	1058
386	1079
386	1080
386	1081
386	1134
386	1143
386	1144
386	1161
386	1191
386	1192
386	1197
386	1205
386	1208
386	1209
386	1223
386	1234
386	1244
386	1252
386	1253
386	1254
386	1265
386	1266
386	1269
386	1372
386	1374
386	1375
386	1380
386	1404
386	1405
386	1425
386	1426
386	1427
386	1430
386	1433
386	1442
386	1443
386	1444
386	1476
386	1512
386	1534
386	1544
386	1555
386	1556
386	1569
386	1579
386	1617
386	1618
386	1619
386	1629
386	1633
386	1634
386	1635
387	395
387	396
387	410
387	443
387	445
387	500
387	506
387	509
387	525
387	554
387	567
387	592
387	661
387	662
387	684
387	721
387	722
387	723
387	749
387	750
387	789
387	798
387	820
387	829
387	842
387	847
387	890
387	898
387	908
387	963
387	989
387	1058
387	1082
387	1083
387	1084
387	1120
387	1135
387	1168
387	1169
387	1175
387	1208
387	1209
387	1223
387	1224
387	1228
387	1232
387	1235
387	1238
387	1253
387	1265
387	1266
387	1343
387	1375
387	1404
387	1405
387	1406
387	1442
387	1443
387	1444
387	1481
387	1482
387	1493
387	1522
387	1538
387	1542
387	1544
387	1554
387	1556
387	1579
387	1585
387	1586
387	1587
387	1633
387	1634
387	1635
388	393
388	405
388	420
388	432
388	462
388	501
388	504
388	506
388	507
388	513
388	532
388	542
388	544
388	569
388	596
388	597
388	670
388	692
388	693
388	694
388	695
388	696
388	697
388	698
388	701
388	721
388	742
388	755
388	756
388	757
388	758
388	786
388	787
388	803
388	821
388	822
388	835
388	848
388	872
388	932
388	957
388	972
388	981
388	984
388	985
388	990
388	998
388	1008
388	1042
388	1093
388	1094
388	1095
388	1096
388	1097
388	1131
388	1159
388	1163
388	1180
388	1189
388	1212
388	1213
388	1236
388	1240
388	1241
388	1243
388	1270
388	1271
388	1354
388	1359
388	1362
388	1365
388	1415
388	1419
388	1420
388	1421
388	1426
388	1436
388	1437
388	1438
388	1439
388	1449
388	1450
388	1451
388	1467
388	1486
388	1488
388	1503
388	1526
388	1540
388	1545
388	1550
388	1564
388	1581
388	1582
388	1603
388	1604
388	1613
388	1642
388	1643
388	1644
389	394
389	412
389	413
389	421
389	433
389	446
389	447
389	472
389	487
389	491
389	505
389	506
389	517
389	521
389	537
389	544
389	551
389	552
389	576
389	587
389	598
389	599
389	610
389	611
389	664
389	665
389	671
389	699
389	700
389	701
389	702
389	721
389	725
389	726
389	753
389	759
389	760
389	761
389	788
389	804
389	806
389	807
389	811
389	823
389	830
389	836
389	845
389	875
389	897
389	925
389	943
389	954
389	955
389	958
389	973
389	984
389	1004
389	1015
389	1028
389	1062
389	1063
389	1064
389	1068
389	1098
389	1099
389	1100
389	1122
389	1128
389	1129
389	1137
389	1139
389	1140
389	1146
389	1147
389	1160
389	1164
389	1170
389	1193
389	1194
389	1195
389	1214
389	1215
389	1242
389	1243
389	1252
389	1255
389	1256
389	1257
389	1272
389	1273
389	1291
389	1323
389	1341
389	1366
389	1372
389	1378
389	1380
389	1404
389	1428
389	1431
389	1432
389	1440
389	1441
389	1473
389	1478
389	1483
389	1485
389	1487
389	1488
389	1509
389	1513
389	1535
389	1536
389	1547
389	1548
389	1559
389	1570
389	1571
389	1578
389	1620
389	1621
389	1622
389	1631
389	1645
389	1646
389	1647
390	393
390	407
390	418
390	422
390	449
390	451
390	479
390	485
390	492
390	502
390	508
390	519
390	522
390	534
390	543
390	550
390	573
390	593
390	594
390	601
390	602
390	616
390	643
390	646
390	647
390	705
390	706
390	707
390	708
390	709
390	710
390	764
390	765
390	766
390	767
390	768
390	769
390	770
390	771
390	777
390	790
390	791
390	794
390	803
390	808
390	824
390	825
390	827
390	837
390	896
390	914
390	952
390	959
390	974
390	991
390	1000
390	1009
390	1101
390	1102
390	1103
390	1104
390	1105
390	1136
390	1155
390	1162
390	1165
390	1184
390	1185
390	1189
390	1210
390	1211
390	1216
390	1217
390	1218
390	1219
390	1236
390	1246
390	1247
390	1250
390	1268
390	1274
390	1275
390	1292
390	1324
390	1326
390	1327
390	1392
390	1426
390	1445
390	1446
390	1447
390	1448
390	1452
390	1453
390	1454
390	1471
390	1474
390	1489
390	1491
390	1507
390	1510
390	1529
390	1533
390	1545
390	1549
390	1550
390	1566
390	1580
390	1583
390	1584
390	1597
390	1607
390	1608
390	1613
390	1648
391	394
391	402
391	415
391	423
391	446
391	448
391	450
391	451
391	459
391	489
391	493
391	507
391	523
391	530
391	539
391	550
391	564
391	565
391	582
391	587
391	603
391	604
391	617
391	621
391	622
391	644
391	675
391	676
391	711
391	712
391	713
391	736
391	737
391	756
391	772
391	773
391	774
391	792
391	795
391	804
391	809
391	810
391	815
391	826
391	828
391	838
391	896
391	918
391	931
391	946
391	956
391	960
391	968
391	975
391	986
391	1006
391	1020
391	1046
391	1106
391	1107
391	1126
391	1131
391	1132
391	1137
391	1141
391	1142
391	1151
391	1152
391	1158
391	1163
391	1166
391	1172
391	1177
391	1178
391	1200
391	1201
391	1202
391	1203
391	1220
391	1221
391	1237
391	1251
391	1252
391	1260
391	1261
391	1276
391	1277
391	1293
391	1294
391	1295
391	1325
391	1355
391	1384
391	1401
391	1415
391	1416
391	1417
391	1436
391	1437
391	1438
391	1449
391	1450
391	1451
391	1455
391	1456
391	1457
391	1475
391	1480
391	1483
391	1490
391	1491
391	1511
391	1515
391	1524
391	1539
391	1540
391	1551
391	1552
391	1562
391	1574
391	1575
391	1590
391	1614
391	1615
391	1626
391	1627
391	1628
391	1631
392	393
392	394
392	401
392	417
392	418
392	448
392	494
392	508
392	519
392	541
392	543
392	685
392	686
392	716
392	751
392	764
392	765
392	777
392	794
392	802
392	827
392	833
392	946
392	961
392	970
392	992
392	1070
392	1085
392	1086
392	1087
392	1111
392	1112
392	1113
392	1136
392	1165
392	1210
392	1211
392	1217
392	1222
392	1236
392	1250
392	1252
392	1267
392	1268
392	1269
392	1278
392	1279
392	1391
392	1394
392	1428
392	1429
392	1445
392	1446
392	1447
392	1449
392	1452
392	1453
392	1454
392	1458
392	1459
392	1460
392	1521
392	1545
392	1553
392	1571
392	1580
392	1583
392	1584
392	1636
392	1637
392	1638
392	1648
392	1649
392	1650
393	401
393	402
393	417
393	449
393	494
393	504
393	508
393	511
393	530
393	563
393	685
393	686
393	717
393	742
393	751
393	765
393	778
393	795
393	802
393	808
393	828
393	833
393	914
393	961
393	965
393	992
393	997
393	1070
393	1085
393	1086
393	1087
393	1114
393	1115
393	1116
393	1151
393	1166
393	1177
393	1178
393	1185
393	1222
393	1236
393	1237
393	1238
393	1241
393	1247
393	1251
393	1267
393	1278
393	1279
393	1354
393	1357
393	1359
393	1415
393	1416
393	1417
393	1419
393	1428
393	1429
393	1455
393	1456
393	1457
393	1458
393	1459
393	1460
393	1492
393	1524
393	1533
393	1536
393	1545
393	1550
393	1553
393	1562
393	1597
393	1598
393	1599
393	1607
393	1649
393	1650
394	409
394	450
394	495
394	505
394	508
394	515
394	576
394	582
394	660
394	718
394	720
394	753
394	765
394	779
394	796
394	806
394	809
394	931
394	962
394	966
394	1002
394	1117
394	1118
394	1119
394	1134
394	1139
394	1141
394	1144
394	1147
394	1152
394	1190
394	1194
394	1201
394	1252
394	1253
394	1256
394	1261
394	1267
394	1280
394	1372
394	1375
394	1378
394	1428
394	1429
394	1431
394	1458
394	1459
394	1460
394	1487
394	1490
394	1533
394	1556
394	1562
394	1615
394	1616
394	1626
395	396
395	398
395	400
395	403
395	410
395	455
395	506
395	509
395	510
395	513
395	525
395	592
395	661
395	662
395	684
395	721
395	722
395	734
395	749
395	750
395	758
395	798
395	813
395	817
395	820
395	829
395	929
395	963
395	989
395	1058
395	1082
395	1083
395	1084
395	1102
395	1120
395	1135
395	1148
395	1153
395	1168
395	1169
395	1198
395	1206
395	1208
395	1209
395	1223
395	1224
395	1235
395	1253
395	1258
395	1262
395	1264
395	1265
395	1266
395	1385
395	1387
395	1390
395	1404
395	1405
395	1442
395	1443
395	1444
395	1493
395	1522
395	1544
395	1554
395	1557
395	1560
395	1561
395	1579
395	1585
395	1586
395	1587
395	1625
395	1633
395	1634
395	1635
396	404
396	411
396	424
396	452
396	456
396	484
396	500
396	509
396	510
396	514
396	525
396	549
396	561
396	562
396	663
396	684
396	723
396	724
396	728
396	734
396	735
396	749
396	750
396	799
396	814
396	818
396	820
396	894
396	904
396	920
396	963
396	980
396	1059
396	1060
396	1061
396	1082
396	1083
396	1084
396	1102
396	1121
396	1145
396	1149
396	1150
396	1168
396	1169
396	1176
396	1223
396	1224
396	1233
396	1234
396	1235
396	1254
396	1266
396	1339
396	1340
396	1350
396	1353
396	1406
396	1407
396	1408
396	1412
396	1413
396	1414
396	1461
396	1494
396	1522
396	1523
396	1530
396	1554
396	1561
396	1585
396	1586
396	1587
396	1594
396	1595
396	1596
396	1616
397	406
397	410
397	413
397	444
397	452
397	453
397	454
397	456
397	496
397	514
397	526
397	533
397	545
397	546
397	548
397	571
397	572
397	590
397	591
397	600
397	621
397	643
397	644
397	646
397	666
397	667
397	703
397	704
397	722
397	727
397	728
397	739
397	762
397	763
397	781
397	789
397	798
397	800
397	807
397	811
397	812
397	829
397	894
397	909
397	912
397	920
397	922
397	944
397	976
397	982
397	994
397	999
397	1022
397	1047
397	1065
397	1120
397	1123
397	1124
397	1129
397	1132
397	1134
397	1135
397	1143
397	1144
397	1154
397	1161
397	1170
397	1181
397	1182
397	1183
397	1208
397	1209
397	1215
397	1225
397	1226
397	1242
397	1243
397	1244
397	1245
397	1253
397	1257
397	1265
397	1294
397	1324
397	1325
397	1326
397	1342
397	1389
397	1404
397	1405
397	1409
397	1422
397	1442
397	1443
397	1444
397	1462
397	1470
397	1476
397	1495
397	1496
397	1506
397	1512
397	1527
397	1528
397	1537
397	1541
397	1544
397	1555
397	1556
397	1565
397	1579
397	1601
397	1605
397	1606
397	1617
397	1647
398	411
398	414
398	453
398	455
398	484
398	488
398	497
398	500
398	503
398	510
398	518
398	527
398	538
398	547
398	560
398	581
398	600
398	616
398	617
398	622
398	647
398	668
398	669
398	670
398	671
398	672
398	673
398	674
398	723
398	729
398	730
398	731
398	732
398	733
398	734
398	735
398	782
398	783
398	799
398	813
398	814
398	819
398	831
398	923
398	929
398	944
398	951
398	955
398	964
398	977
398	985
398	1005
398	1066
398	1067
398	1068
398	1069
398	1070
398	1121
398	1125
398	1130
398	1145
398	1148
398	1150
398	1153
398	1171
398	1176
398	1191
398	1196
398	1197
398	1198
398	1199
398	1227
398	1228
398	1234
398	1254
398	1258
398	1259
398	1266
398	1292
398	1293
398	1295
398	1327
398	1352
398	1376
398	1381
398	1406
398	1407
398	1408
398	1410
398	1411
398	1412
398	1413
398	1414
398	1430
398	1433
398	1434
398	1435
398	1477
398	1495
398	1497
398	1514
398	1523
398	1537
398	1538
398	1557
398	1560
398	1561
398	1572
398	1573
398	1588
398	1589
398	1618
398	1623
398	1624
398	1625
398	1635
399	408
399	433
399	457
399	472
399	486
399	498
399	509
399	511
399	512
399	514
399	528
399	535
399	551
399	552
399	555
399	574
399	575
399	598
399	599
399	605
399	654
399	655
399	677
399	678
399	709
399	714
399	715
399	728
399	738
399	739
399	740
399	747
399	750
399	775
399	776
399	778
399	784
399	793
399	801
399	810
399	815
399	816
399	854
399	883
399	897
399	909
399	916
399	943
399	953
399	978
399	995
399	1000
399	1001
399	1038
399	1052
399	1071
399	1104
399	1108
399	1109
399	1110
399	1122
399	1127
399	1129
399	1137
399	1139
399	1140
399	1146
399	1147
399	1156
399	1164
399	1172
399	1173
399	1186
399	1187
399	1188
399	1221
399	1229
399	1230
399	1248
399	1249
399	1296
399	1328
399	1363
399	1366
399	1371
399	1378
399	1402
399	1418
399	1423
399	1424
399	1457
399	1463
399	1473
399	1478
399	1498
399	1499
399	1509
399	1513
399	1525
399	1530
399	1531
399	1537
399	1547
399	1558
399	1559
399	1567
399	1590
399	1591
399	1592
399	1601
399	1609
399	1610
399	1611
400	416
400	473
400	490
400	499
400	504
400	511
400	513
400	529
400	540
400	553
400	554
400	570
400	585
400	605
400	628
400	679
400	680
400	681
400	741
400	742
400	743
400	744
400	745
400	746
400	758
400	778
400	817
400	818
400	819
400	832
400	898
400	911
400	969
400	987
400	996
400	1007
400	1072
400	1073
400	1123
400	1133
400	1148
400	1149
400	1153
400	1154
400	1174
400	1175
400	1191
400	1204
400	1205
400	1206
400	1231
400	1232
400	1262
400	1266
400	1329
400	1376
400	1379
400	1385
400	1390
400	1409
400	1419
400	1420
400	1421
400	1422
400	1430
400	1439
400	1444
400	1479
400	1481
400	1498
400	1500
400	1516
400	1541
400	1542
400	1557
400	1560
400	1561
400	1576
400	1577
400	1618
400	1629
400	1630
401	402
401	403
401	405
401	407
401	417
401	458
401	460
401	462
401	494
401	511
401	515
401	517
401	519
401	530
401	563
401	588
401	596
401	601
401	685
401	686
401	717
401	751
401	760
401	777
401	778
401	779
401	795
401	802
401	821
401	824
401	828
401	833
401	881
401	885
401	934
401	949
401	961
401	965
401	992
401	997
401	1085
401	1086
401	1087
401	1114
401	1115
401	1116
401	1151
401	1166
401	1177
401	1178
401	1218
401	1220
401	1222
401	1236
401	1237
401	1251
401	1264
401	1267
401	1270
401	1274
401	1278
401	1279
401	1368
401	1399
401	1415
401	1416
401	1417
401	1428
401	1429
401	1454
401	1455
401	1456
401	1457
401	1458
401	1459
401	1460
401	1492
401	1501
401	1503
401	1507
401	1524
401	1551
401	1553
401	1562
401	1564
401	1566
401	1576
401	1597
401	1598
401	1599
401	1644
401	1649
401	1650
402	404
402	418
402	435
402	459
402	461
402	463
402	467
402	493
402	511
402	516
402	518
402	520
402	523
402	530
402	558
402	564
402	565
402	676
402	687
402	688
402	717
402	730
402	736
402	737
402	748
402	752
402	778
402	795
402	803
402	822
402	825
402	828
402	849
402	853
402	881
402	885
402	900
402	905
402	906
402	918
402	960
402	965
402	983
402	997
402	1088
402	1114
402	1115
402	1116
402	1126
402	1141
402	1142
402	1152
402	1177
402	1178
402	1189
402	1220
402	1233
402	1236
402	1237
402	1250
402	1251
402	1261
402	1268
402	1279
402	1363
402	1368
402	1369
402	1371
402	1384
402	1415
402	1416
402	1417
402	1425
402	1426
402	1427
402	1430
402	1455
402	1456
402	1457
402	1475
402	1502
402	1504
402	1508
402	1511
402	1524
402	1532
402	1541
402	1551
402	1552
402	1562
402	1568
402	1597
402	1598
402	1599
402	1612
402	1613
402	1614
403	404
403	419
403	430
403	443
403	458
403	460
403	461
403	464
403	477
403	487
403	505
403	512
403	515
403	517
403	518
403	531
403	535
403	566
403	567
403	588
403	589
403	642
403	689
403	690
403	730
403	738
403	747
403	753
403	754
403	760
403	761
403	779
403	785
403	800
403	801
403	804
403	823
403	826
403	834
403	855
403	858
403	859
403	882
403	900
403	907
403	908
403	926
403	934
403	935
403	949
403	988
403	1025
403	1073
403	1076
403	1077
403	1078
403	1089
403	1090
403	1107
403	1127
403	1128
403	1156
403	1160
403	1179
403	1181
403	1186
403	1195
403	1202
403	1207
403	1233
403	1238
403	1239
403	1263
403	1264
403	1266
403	1269
403	1279
403	1318
403	1350
403	1356
403	1357
403	1387
403	1388
403	1390
403	1418
403	1423
403	1424
403	1431
403	1432
403	1438
403	1440
403	1441
403	1465
403	1482
403	1501
403	1518
403	1525
403	1530
403	1535
403	1536
403	1543
403	1560
403	1563
403	1567
403	1578
403	1600
403	1601
403	1602
403	1609
403	1622
403	1631
403	1632
404	406
404	408
404	429
404	431
404	459
404	460
404	461
404	486
404	488
404	512
404	516
404	517
404	518
404	521
404	531
404	558
404	559
404	568
404	580
404	607
404	614
404	615
404	623
404	624
404	678
404	691
404	725
404	730
404	731
404	739
404	740
404	747
404	748
404	760
404	785
404	792
404	793
404	801
404	805
404	855
404	858
404	859
404	882
404	900
404	901
404	909
404	910
404	918
404	934
404	953
404	979
404	1018
404	1025
404	1073
404	1076
404	1077
404	1078
404	1091
404	1092
404	1107
404	1125
404	1129
404	1130
404	1173
404	1179
404	1186
404	1197
404	1203
404	1225
404	1229
404	1230
404	1233
404	1235
404	1238
404	1239
404	1251
404	1264
404	1285
404	1288
404	1297
404	1313
404	1319
404	1346
404	1347
404	1350
404	1351
404	1353
404	1358
404	1387
404	1410
404	1411
404	1418
404	1423
404	1424
404	1433
404	1434
404	1435
404	1464
404	1466
404	1502
404	1525
404	1530
404	1531
404	1537
404	1538
404	1563
404	1592
404	1593
404	1600
404	1601
404	1602
404	1609
404	1628
405	420
405	458
405	462
405	463
405	464
405	466
405	501
405	507
405	513
405	522
405	532
405	542
405	569
405	577
405	593
405	596
405	597
405	627
405	653
405	692
405	693
405	694
405	695
405	696
405	697
405	698
405	755
405	756
405	757
405	758
405	766
405	773
405	786
405	787
405	821
405	822
405	827
405	835
405	926
405	933
405	938
405	949
405	957
405	972
405	981
405	990
405	998
405	1008
405	1050
405	1093
405	1094
405	1095
405	1096
405	1097
405	1131
405	1143
405	1159
405	1161
405	1163
405	1180
405	1210
405	1212
405	1213
405	1240
405	1241
405	1270
405	1271
405	1279
405	1298
405	1320
405	1330
405	1359
405	1419
405	1420
405	1421
405	1436
405	1437
405	1438
405	1439
405	1446
405	1449
405	1450
405	1451
405	1467
405	1486
405	1503
405	1504
405	1505
405	1510
405	1526
405	1564
405	1568
405	1576
405	1579
405	1581
405	1582
405	1603
405	1604
405	1629
405	1637
405	1642
405	1643
405	1644
406	413
406	454
406	461
406	463
406	496
406	514
406	518
406	526
406	533
406	545
406	546
406	571
406	572
406	666
406	667
406	703
406	704
406	722
406	727
406	728
406	730
406	743
406	762
406	763
406	781
406	789
406	800
406	807
406	812
406	823
406	900
406	912
406	976
406	982
406	994
406	999
406	1065
406	1120
406	1123
406	1124
406	1134
406	1135
406	1144
406	1145
406	1154
406	1170
406	1181
406	1182
406	1183
406	1195
406	1225
406	1226
406	1233
406	1242
406	1243
406	1244
406	1245
406	1257
406	1342
406	1344
406	1350
406	1404
406	1405
406	1409
406	1422
406	1442
406	1443
406	1444
406	1462
406	1470
406	1496
406	1504
406	1506
406	1527
406	1528
406	1530
406	1544
406	1555
406	1556
406	1565
406	1593
406	1605
406	1606
406	1622
407	422
407	466
407	485
407	492
407	502
407	508
407	515
407	519
407	520
407	522
407	534
407	543
407	573
407	593
407	601
407	602
407	648
407	649
407	681
407	705
407	706
407	707
407	708
407	709
407	710
407	714
407	764
407	765
407	766
407	767
407	768
407	769
407	770
407	771
407	777
407	779
407	790
407	791
407	808
407	824
407	825
407	827
407	837
407	938
407	952
407	959
407	974
407	991
407	995
407	996
407	1000
407	1009
407	1049
407	1101
407	1102
407	1103
407	1104
407	1105
407	1108
407	1136
407	1146
407	1155
407	1162
407	1164
407	1165
407	1184
407	1185
407	1210
407	1216
407	1217
407	1218
407	1219
407	1246
407	1247
407	1274
407	1275
407	1279
407	1299
407	1331
407	1399
407	1402
407	1445
407	1446
407	1447
407	1448
407	1452
407	1453
407	1454
407	1460
407	1471
407	1489
407	1507
407	1508
407	1510
407	1529
407	1545
407	1549
407	1550
407	1566
407	1568
407	1583
407	1584
407	1607
407	1608
407	1637
407	1648
408	433
408	461
408	465
408	486
408	498
408	512
408	518
408	520
408	521
408	528
408	535
408	551
408	552
408	574
408	575
408	677
408	678
408	714
408	715
408	725
408	730
408	738
408	739
408	740
408	747
408	775
408	776
408	784
408	793
408	801
408	810
408	816
408	826
408	897
408	900
408	915
408	953
408	978
408	995
408	1001
408	1071
408	1108
408	1109
408	1110
408	1122
408	1127
408	1139
408	1140
408	1147
408	1149
408	1156
408	1172
408	1173
408	1186
408	1187
408	1188
408	1202
408	1229
408	1230
408	1233
408	1248
408	1249
408	1346
408	1350
408	1366
408	1411
408	1418
408	1423
408	1424
408	1438
408	1463
408	1473
408	1499
408	1508
408	1509
408	1525
408	1527
408	1530
408	1531
408	1558
408	1559
408	1567
408	1590
408	1591
408	1592
408	1609
408	1610
408	1611
409	410
409	412
409	415
409	417
409	468
409	470
409	472
409	495
409	515
409	524
409	526
409	530
409	590
409	598
409	603
409	660
409	718
409	720
409	762
409	779
409	780
409	796
409	936
409	943
409	950
409	962
409	966
409	1002
409	1117
409	1118
409	1119
409	1158
409	1190
409	1252
409	1265
409	1272
409	1276
409	1278
409	1280
409	1401
409	1403
409	1428
409	1429
409	1455
409	1458
409	1459
409	1460
409	1512
409	1513
409	1515
409	1533
409	1570
409	1574
409	1578
409	1583
409	1615
409	1616
409	1645
410	411
410	419
410	438
410	468
410	470
410	471
410	474
410	496
410	506
410	516
410	524
410	526
410	527
410	532
410	536
410	590
410	591
410	629
410	661
410	662
410	682
410	683
410	703
410	716
410	721
410	722
410	732
410	748
410	757
410	762
410	763
410	780
410	798
410	819
410	829
410	876
410	879
410	902
410	927
410	936
410	937
410	950
410	967
410	970
410	971
410	989
410	994
410	1003
410	1027
410	1058
410	1075
410	1079
410	1080
410	1081
410	1112
410	1134
410	1143
410	1144
410	1155
410	1157
410	1159
410	1161
410	1162
410	1191
410	1192
410	1208
410	1209
410	1223
410	1234
410	1244
410	1253
410	1254
410	1263
410	1265
410	1266
410	1280
410	1302
410	1374
410	1375
410	1386
410	1389
410	1404
410	1405
410	1412
410	1425
410	1426
410	1427
410	1430
410	1439
410	1442
410	1443
410	1444
410	1476
410	1512
410	1534
410	1544
410	1555
410	1556
410	1566
410	1568
410	1569
410	1572
410	1576
410	1579
410	1594
410	1617
410	1618
410	1619
410	1623
410	1633
410	1634
410	1635
411	414
411	416
411	434
411	435
411	439
411	455
411	456
411	469
411	470
411	471
411	475
411	497
411	500
411	516
411	525
411	526
411	527
411	533
411	536
411	548
411	560
411	581
411	608
411	629
411	636
411	663
411	672
411	682
411	683
411	716
411	723
411	724
411	727
411	732
411	733
411	748
411	749
411	762
411	799
411	819
411	849
411	853
411	892
411	894
411	902
411	903
411	906
411	919
411	929
411	936
411	939
411	964
411	967
411	970
411	971
411	980
411	1003
411	1023
411	1027
411	1039
411	1048
411	1059
411	1060
411	1061
411	1069
411	1075
411	1079
411	1080
411	1081
411	1112
411	1145
411	1176
411	1191
411	1192
411	1224
411	1227
411	1231
411	1234
411	1235
411	1253
411	1254
411	1258
411	1265
411	1302
411	1309
411	1344
411	1348
411	1352
411	1376
411	1377
411	1381
411	1406
411	1407
411	1408
411	1409
411	1412
411	1413
411	1414
411	1425
411	1426
411	1427
411	1430
411	1442
411	1477
411	1497
411	1529
411	1532
411	1534
411	1557
411	1561
411	1569
411	1588
411	1594
411	1595
411	1596
411	1599
411	1617
411	1618
411	1619
411	1633
411	1638
412	413
412	419
412	421
412	468
412	472
412	473
412	474
412	476
412	487
412	491
412	505
412	517
412	521
412	528
412	534
412	537
412	576
412	579
412	586
412	587
412	595
412	598
412	599
412	664
412	665
412	699
412	700
412	701
412	702
412	725
412	726
412	753
412	759
412	760
412	761
412	768
412	775
412	788
412	804
412	806
412	811
412	823
412	830
412	834
412	836
412	911
412	927
412	940
412	943
412	950
412	954
412	958
412	973
412	984
412	1004
412	1054
412	1062
412	1063
412	1064
412	1098
412	1099
412	1100
412	1128
412	1139
412	1146
412	1147
412	1158
412	1160
412	1164
412	1193
412	1194
412	1195
412	1207
412	1214
412	1215
412	1242
412	1243
412	1255
412	1256
412	1257
412	1263
412	1269
412	1272
412	1273
412	1280
412	1378
412	1393
412	1395
412	1431
412	1432
412	1440
412	1441
412	1478
412	1483
412	1487
412	1513
412	1517
412	1519
412	1535
412	1536
412	1543
412	1547
412	1548
412	1570
412	1571
412	1574
412	1578
412	1620
412	1621
412	1622
412	1639
412	1645
412	1646
412	1647
413	414
413	419
413	420
413	421
413	469
413	472
413	473
413	475
413	477
413	487
413	514
413	517
413	529
413	533
413	535
413	537
413	547
413	566
413	570
413	577
413	578
413	586
413	587
413	598
413	666
413	667
413	699
413	700
413	701
413	702
413	727
413	728
413	738
413	745
413	754
413	759
413	760
413	761
413	781
413	788
413	800
413	804
413	806
413	812
413	823
413	834
413	836
413	892
413	907
413	911
413	919
413	943
413	954
413	982
413	984
413	999
413	1004
413	1054
413	1065
413	1098
413	1099
413	1100
413	1128
413	1131
413	1148
413	1149
413	1153
413	1160
413	1163
413	1181
413	1182
413	1183
413	1193
413	1194
413	1195
413	1207
413	1225
413	1226
413	1227
413	1240
413	1242
413	1243
413	1244
413	1245
413	1255
413	1256
413	1257
413	1263
413	1269
413	1272
413	1273
413	1356
413	1361
413	1379
413	1409
413	1422
413	1431
413	1432
413	1440
413	1441
413	1469
413	1479
413	1483
413	1505
413	1513
413	1514
413	1518
413	1519
413	1527
413	1528
413	1535
413	1536
413	1539
413	1543
413	1553
413	1565
413	1570
413	1571
413	1578
413	1605
413	1606
413	1620
413	1621
413	1622
413	1639
414	471
414	473
414	475
414	484
414	488
414	497
414	500
414	503
414	510
414	518
414	527
414	529
414	538
414	547
414	557
414	581
414	668
414	669
414	670
414	671
414	672
414	673
414	674
414	723
414	729
414	730
414	731
414	732
414	733
414	734
414	735
414	745
414	782
414	783
414	805
414	813
414	814
414	831
414	892
414	902
414	911
414	951
414	955
414	964
414	977
414	985
414	1005
414	1066
414	1067
414	1068
414	1069
414	1070
414	1121
414	1125
414	1130
414	1150
414	1157
414	1171
414	1196
414	1197
414	1198
414	1199
414	1227
414	1228
414	1234
414	1242
414	1258
414	1259
414	1406
414	1407
414	1408
414	1410
414	1411
414	1412
414	1413
414	1414
414	1433
414	1434
414	1435
414	1484
414	1497
414	1514
414	1523
414	1532
414	1537
414	1538
414	1557
414	1561
414	1572
414	1573
414	1588
414	1589
414	1594
414	1623
414	1624
414	1625
415	423
415	450
415	476
415	480
415	489
415	493
415	523
415	524
415	530
415	531
415	532
415	534
415	539
415	582
415	583
415	595
415	603
415	604
415	675
415	676
415	711
415	712
415	713
415	736
415	737
415	757
415	768
415	772
415	773
415	774
415	780
415	792
415	809
415	815
415	826
415	838
415	858
415	881
415	882
415	885
415	931
415	940
415	947
415	956
415	960
415	968
415	975
415	986
415	1006
415	1076
415	1106
415	1107
415	1114
415	1131
415	1141
415	1151
415	1152
415	1158
415	1163
415	1166
415	1200
415	1201
415	1202
415	1203
415	1220
415	1221
415	1260
415	1261
415	1276
415	1277
415	1280
415	1365
415	1393
415	1397
415	1401
415	1403
415	1415
415	1416
415	1417
415	1436
415	1437
415	1438
415	1449
415	1450
415	1451
415	1455
415	1456
415	1457
415	1480
415	1485
415	1490
415	1515
415	1517
415	1520
415	1539
415	1540
415	1551
415	1552
415	1562
415	1570
415	1574
415	1575
415	1578
415	1581
415	1626
415	1627
415	1628
416	471
416	490
416	499
416	504
416	527
416	529
416	531
416	533
416	540
416	553
416	554
416	569
416	585
416	679
416	680
416	681
416	727
416	732
416	741
416	742
416	743
416	744
416	745
416	746
416	817
416	818
416	832
416	855
416	859
416	898
416	902
416	969
416	987
416	996
416	1007
416	1072
416	1073
416	1123
416	1133
416	1148
416	1153
416	1154
416	1159
416	1174
416	1175
416	1204
416	1205
416	1206
416	1231
416	1232
416	1234
416	1262
416	1352
416	1385
416	1409
416	1412
416	1419
416	1420
416	1421
416	1422
416	1439
416	1481
416	1486
416	1500
416	1516
416	1526
416	1541
416	1542
416	1560
416	1576
416	1577
416	1594
416	1629
416	1630
417	418
417	419
417	478
417	480
417	494
417	508
417	519
417	537
417	541
417	543
417	586
417	630
417	685
417	686
417	716
417	751
417	759
417	764
417	765
417	777
417	794
417	802
417	827
417	833
417	862
417	884
417	961
417	970
417	992
417	1002
417	1003
417	1085
417	1086
417	1087
417	1111
417	1112
417	1113
417	1136
417	1165
417	1210
417	1211
417	1216
417	1217
417	1222
417	1236
417	1250
417	1263
417	1267
417	1268
417	1278
417	1279
417	1280
417	1333
417	1367
417	1397
417	1403
417	1425
417	1428
417	1429
417	1445
417	1446
417	1447
417	1452
417	1453
417	1454
417	1458
417	1459
417	1460
417	1519
417	1520
417	1521
417	1545
417	1549
417	1553
417	1574
417	1580
417	1581
417	1583
417	1584
417	1612
417	1636
417	1637
417	1638
417	1642
417	1648
417	1649
417	1650
418	420
418	422
418	434
418	448
418	449
418	466
418	470
418	471
418	479
418	492
418	519
418	522
418	536
418	538
418	541
418	573
418	593
418	594
418	629
418	630
418	687
418	688
418	707
418	708
418	716
418	729
418	752
418	766
418	767
418	777
418	794
418	803
418	827
418	862
418	876
418	879
418	884
418	902
418	914
418	936
418	938
418	939
418	946
418	959
418	970
418	983
418	991
418	1002
418	1003
418	1019
418	1027
418	1045
418	1088
418	1103
418	1111
418	1112
418	1113
418	1189
418	1210
418	1211
418	1216
418	1217
418	1237
418	1240
418	1246
418	1247
418	1250
418	1251
418	1267
418	1268
418	1278
418	1302
418	1333
418	1367
418	1370
418	1398
418	1425
418	1426
418	1427
418	1430
418	1445
418	1446
418	1447
418	1452
418	1453
418	1454
418	1458
418	1474
418	1489
418	1510
418	1532
418	1539
418	1545
418	1549
418	1550
418	1553
418	1568
418	1580
418	1583
418	1594
418	1603
418	1612
418	1613
418	1614
418	1633
418	1636
418	1637
418	1638
418	1648
418	1649
419	421
419	423
419	446
419	476
419	478
419	481
419	502
419	505
419	520
419	534
419	537
419	538
419	542
419	586
419	587
419	595
419	601
419	641
419	648
419	649
419	657
419	682
419	683
419	689
419	690
419	699
419	700
419	718
419	729
419	753
419	754
419	755
419	759
419	768
419	769
419	804
419	808
419	824
419	825
419	830
419	834
419	837
419	856
419	857
419	874
419	887
419	924
419	940
419	966
419	967
419	971
419	988
419	1004
419	1049
419	1074
419	1075
419	1080
419	1089
419	1090
419	1098
419	1118
419	1137
419	1155
419	1162
419	1184
419	1185
419	1207
419	1214
419	1218
419	1238
419	1242
419	1255
419	1260
419	1263
419	1264
419	1265
419	1269
419	1272
419	1278
419	1299
419	1321
419	1322
419	1331
419	1334
419	1348
419	1361
419	1383
419	1386
419	1389
419	1393
419	1394
419	1395
419	1410
419	1431
419	1432
419	1436
419	1440
419	1441
419	1448
419	1483
419	1507
419	1508
419	1517
419	1519
419	1529
419	1543
419	1546
419	1558
419	1566
419	1568
419	1570
419	1571
419	1578
419	1607
419	1620
419	1631
419	1632
419	1639
419	1640
419	1641
419	1645
420	462
420	479
420	480
420	501
420	507
420	513
420	532
420	540
420	542
420	569
420	596
420	597
420	692
420	693
420	694
420	695
420	696
420	697
420	698
420	741
420	755
420	756
420	757
420	758
420	786
420	787
420	821
420	822
420	835
420	957
420	972
420	981
420	990
420	998
420	1008
420	1030
420	1093
420	1094
420	1095
420	1096
420	1097
420	1131
420	1159
420	1163
420	1180
420	1212
420	1213
420	1240
420	1241
420	1242
420	1250
420	1270
420	1271
420	1359
420	1361
420	1367
420	1419
420	1420
420	1421
420	1425
420	1436
420	1437
420	1438
420	1439
420	1449
420	1450
420	1451
420	1467
420	1486
420	1503
420	1520
420	1526
420	1539
420	1543
420	1549
420	1564
420	1581
420	1582
420	1603
420	1604
420	1612
420	1642
420	1643
420	1644
421	472
421	480
421	481
421	487
421	491
421	505
421	517
421	521
421	537
421	539
421	576
421	598
421	599
421	664
421	665
421	699
421	700
421	701
421	702
421	725
421	726
421	753
421	759
421	760
421	761
421	772
421	788
421	806
421	811
421	823
421	830
421	836
421	924
421	943
421	954
421	958
421	973
421	984
421	1004
421	1062
421	1063
421	1064
421	1098
421	1099
421	1100
421	1128
421	1139
421	1146
421	1147
421	1157
421	1160
421	1164
421	1193
421	1194
421	1195
421	1214
421	1215
421	1242
421	1243
421	1255
421	1256
421	1257
421	1263
421	1272
421	1273
421	1378
421	1386
421	1431
421	1432
421	1440
421	1441
421	1478
421	1487
421	1513
421	1520
421	1535
421	1536
421	1547
421	1548
421	1558
421	1566
421	1570
421	1571
421	1578
421	1620
421	1621
421	1622
421	1645
421	1646
421	1647
422	483
422	485
422	492
422	502
422	508
422	519
422	522
422	534
422	536
422	541
422	543
422	573
422	601
422	602
422	705
422	706
422	707
422	708
422	709
422	710
422	764
422	765
422	766
422	767
422	768
422	769
422	770
422	771
422	777
422	790
422	791
422	808
422	824
422	825
422	837
422	913
422	952
422	959
422	974
422	991
422	1000
422	1009
422	1082
422	1101
422	1102
422	1103
422	1104
422	1105
422	1136
422	1155
422	1162
422	1165
422	1184
422	1185
422	1216
422	1217
422	1218
422	1219
422	1246
422	1247
422	1250
422	1274
422	1275
422	1365
422	1367
422	1425
422	1445
422	1446
422	1447
422	1448
422	1452
422	1453
422	1454
422	1471
422	1489
422	1507
422	1521
422	1529
422	1545
422	1549
422	1550
422	1566
422	1583
422	1584
422	1607
422	1608
422	1612
422	1648
423	450
423	482
423	489
423	493
423	523
423	530
423	537
423	539
423	541
423	542
423	582
423	603
423	604
423	675
423	676
423	711
423	712
423	713
423	736
423	737
423	755
423	759
423	772
423	773
423	774
423	792
423	809
423	815
423	826
423	838
423	931
423	945
423	956
423	960
423	968
423	975
423	986
423	1006
423	1106
423	1107
423	1131
423	1141
423	1151
423	1152
423	1158
423	1159
423	1163
423	1166
423	1200
423	1201
423	1202
423	1203
423	1220
423	1221
423	1260
423	1261
423	1263
423	1276
423	1277
423	1383
423	1386
423	1401
423	1415
423	1416
423	1417
423	1436
423	1437
423	1438
423	1440
423	1449
423	1450
423	1451
423	1455
423	1456
423	1457
423	1480
423	1490
423	1515
423	1521
423	1539
423	1540
423	1551
423	1552
423	1562
423	1564
423	1566
423	1574
423	1575
423	1626
423	1627
423	1628
424	426
424	431
424	439
424	441
424	452
424	456
424	471
424	475
424	484
424	549
424	561
424	562
424	606
424	705
424	724
424	735
424	793
424	796
424	797
424	839
424	843
424	844
424	849
424	850
424	851
424	853
424	865
424	866
424	880
424	892
424	893
424	894
424	895
424	899
424	901
424	902
424	903
424	904
424	920
424	1009
424	1018
424	1021
424	1057
424	1059
424	1060
424	1061
424	1069
424	1070
424	1121
424	1150
424	1167
424	1173
424	1190
424	1224
424	1235
424	1315
424	1338
424	1339
424	1340
424	1344
424	1345
424	1376
424	1377
424	1381
424	1382
424	1461
424	1494
424	1528
424	1531
424	1588
424	1589
424	1594
424	1595
424	1596
424	1616
425	426
425	431
425	440
425	453
425	455
425	456
425	461
425	474
425	500
425	549
425	581
425	607
425	624
425	635
425	651
425	675
425	706
425	723
425	724
425	752
425	818
425	819
425	820
425	840
425	848
425	871
425	872
425	894
425	895
425	900
425	901
425	923
425	927
425	928
425	929
425	930
425	944
425	974
425	975
425	1010
425	1023
425	1032
425	1033
425	1034
425	1040
425	1048
425	1066
425	1067
425	1068
425	1082
425	1083
425	1084
425	1087
425	1091
425	1092
425	1125
425	1130
425	1168
425	1191
425	1259
425	1284
425	1285
425	1286
425	1297
425	1341
425	1343
425	1344
425	1345
425	1358
425	1380
425	1406
425	1407
425	1408
425	1412
425	1413
425	1414
425	1444
425	1497
425	1561
425	1585
425	1586
425	1587
425	1593
425	1618
425	1619
425	1623
425	1624
425	1625
426	439
426	441
426	454
426	455
426	456
426	471
426	475
426	484
426	548
426	549
426	562
426	572
426	608
426	624
426	635
426	651
426	675
426	706
426	724
426	735
426	839
426	843
426	844
426	849
426	850
426	851
426	853
426	865
426	866
426	880
426	891
426	892
426	893
426	894
426	895
426	902
426	903
426	904
426	912
426	929
426	930
426	974
426	975
426	1010
426	1023
426	1032
426	1033
426	1034
426	1048
426	1059
426	1060
426	1061
426	1069
426	1070
426	1082
426	1083
426	1084
426	1087
426	1145
426	1169
426	1192
426	1245
426	1284
426	1285
426	1286
426	1339
426	1340
426	1342
426	1343
426	1344
426	1345
426	1376
426	1377
426	1381
426	1382
426	1406
426	1407
426	1408
426	1412
426	1413
426	1414
426	1444
426	1461
426	1462
426	1585
426	1586
426	1587
426	1588
426	1589
426	1594
426	1595
426	1596
426	1618
426	1619
427	429
427	443
427	457
427	477
427	486
427	512
427	568
427	574
427	575
427	610
427	611
427	615
427	632
427	685
427	707
427	740
427	747
427	805
427	806
427	807
427	841
427	854
427	855
427	858
427	859
427	860
427	861
427	868
427	882
427	883
427	899
427	907
427	908
427	909
427	910
427	916
427	917
427	991
427	992
427	1015
427	1028
427	1035
427	1036
427	1045
427	1046
427	1049
427	1071
427	1076
427	1077
427	1078
427	1127
427	1156
427	1170
427	1194
427	1239
427	1249
427	1287
427	1288
427	1291
427	1323
427	1346
427	1347
427	1350
427	1351
427	1387
427	1388
427	1463
427	1464
427	1499
427	1525
427	1528
427	1546
427	1548
427	1600
427	1601
427	1602
427	1609
427	1610
427	1611
427	1620
427	1621
428	429
428	434
428	449
428	465
428	476
428	483
428	485
428	568
428	611
428	612
428	613
428	658
428	660
428	676
428	686
428	691
428	708
428	771
428	831
428	843
428	856
428	857
428	874
428	880
428	887
428	891
428	909
428	910
428	913
428	914
428	915
428	923
428	939
428	940
428	941
428	942
428	959
428	960
428	961
428	962
428	979
428	1011
428	1017
428	1019
428	1020
428	1021
428	1037
428	1048
428	1069
428	1070
428	1074
428	1075
428	1104
428	1105
428	1138
428	1171
428	1196
428	1239
428	1254
428	1289
428	1290
428	1291
428	1300
428	1335
428	1348
428	1349
428	1350
428	1351
428	1352
428	1363
428	1364
428	1386
428	1399
428	1400
428	1407
428	1408
428	1410
428	1411
428	1433
428	1434
428	1435
428	1464
428	1569
428	1573
428	1588
428	1589
428	1607
428	1608
428	1619
428	1623
428	1624
428	1639
428	1640
428	1641
429	435
429	443
429	457
429	477
429	486
429	568
429	572
429	575
429	611
429	614
429	615
429	658
429	660
429	676
429	686
429	691
429	708
429	740
429	799
429	841
429	854
429	855
429	858
429	859
429	860
429	861
429	868
429	882
429	883
429	891
429	906
429	907
429	908
429	909
429	910
429	916
429	917
429	923
429	941
429	942
429	959
429	960
429	961
429	962
429	979
429	1011
429	1018
429	1019
429	1020
429	1021
429	1023
429	1037
429	1069
429	1070
429	1071
429	1076
429	1077
429	1078
429	1176
429	1197
429	1224
429	1233
429	1239
429	1245
429	1249
429	1288
429	1289
429	1290
429	1291
429	1319
429	1346
429	1347
429	1348
429	1349
429	1350
429	1351
429	1353
429	1387
429	1388
429	1407
429	1408
429	1410
429	1411
429	1433
429	1434
429	1435
429	1462
429	1463
429	1464
429	1534
429	1538
429	1585
429	1587
429	1588
429	1589
429	1600
429	1601
429	1602
429	1609
429	1610
429	1611
429	1623
429	1624
430	431
430	432
430	446
430	447
430	458
430	460
430	461
430	464
430	481
430	487
430	578
430	588
430	589
430	607
430	655
430	677
430	709
430	754
430	761
430	793
430	826
430	845
430	846
430	857
430	860
430	867
430	868
430	869
430	870
430	873
430	874
430	875
430	886
430	900
430	901
430	924
430	925
430	926
430	932
430	934
430	935
430	949
430	1000
430	1001
430	1012
430	1018
430	1025
430	1038
430	1042
430	1052
430	1053
430	1089
430	1090
430	1095
430	1098
430	1099
430	1100
430	1108
430	1109
430	1110
430	1128
430	1160
430	1173
430	1202
430	1238
430	1257
430	1264
430	1296
430	1297
430	1354
430	1356
430	1357
430	1358
430	1361
430	1362
430	1393
430	1394
430	1395
430	1396
430	1418
430	1423
430	1424
430	1457
430	1465
430	1469
430	1501
430	1559
430	1567
430	1590
430	1591
430	1592
430	1620
430	1621
430	1622
430	1627
430	1628
430	1631
430	1632
431	433
431	440
431	447
431	455
431	459
431	460
431	461
431	474
431	488
431	491
431	546
431	558
431	559
431	607
431	623
431	624
431	655
431	677
431	709
431	722
431	726
431	731
431	792
431	793
431	797
431	810
431	840
431	848
431	871
431	872
431	897
431	900
431	901
431	904
431	918
431	925
431	927
431	928
431	929
431	930
431	934
431	935
431	1000
431	1001
431	1012
431	1015
431	1018
431	1021
431	1025
431	1031
431	1038
431	1052
431	1053
431	1064
431	1066
431	1067
431	1068
431	1091
431	1092
431	1108
431	1109
431	1110
431	1125
431	1129
431	1130
431	1167
431	1172
431	1173
431	1203
431	1226
431	1230
431	1233
431	1239
431	1285
431	1296
431	1297
431	1313
431	1343
431	1355
431	1356
431	1357
431	1358
431	1380
431	1418
431	1423
431	1424
431	1457
431	1466
431	1470
431	1502
431	1531
431	1552
431	1559
431	1590
431	1591
431	1592
431	1593
431	1623
431	1624
431	1625
431	1627
431	1628
432	433
432	436
432	450
432	460
432	461
432	462
432	480
432	487
432	491
432	494
432	500
432	504
432	569
432	607
432	626
432	678
432	687
432	694
432	695
432	723
432	726
432	742
432	751
432	761
432	792
432	801
432	826
432	848
432	858
432	872
432	881
432	882
432	885
432	897
432	900
432	921
432	931
432	932
432	934
432	935
432	953
432	957
432	983
432	990
432	1013
432	1025
432	1039
432	1040
432	1042
432	1044
432	1059
432	1064
432	1067
432	1091
432	1092
432	1093
432	1094
432	1095
432	1099
432	1100
432	1106
432	1107
432	1186
432	1202
432	1203
432	1230
432	1241
432	1275
432	1297
432	1301
432	1359
432	1365
432	1366
432	1401
432	1418
432	1423
432	1424
432	1438
432	1485
432	1486
432	1530
432	1540
432	1563
432	1565
432	1575
432	1592
432	1593
432	1609
432	1626
432	1627
432	1628
432	1632
432	1642
432	1643
432	1644
433	437
433	451
433	453
433	465
433	472
433	488
433	491
433	495
433	500
433	521
433	551
433	552
433	607
433	626
433	665
433	678
433	687
433	720
433	723
433	725
433	726
433	731
433	789
433	793
433	805
433	845
433	854
433	875
433	883
433	889
433	896
433	897
433	899
433	901
433	915
433	932
433	943
433	944
433	953
433	958
433	983
433	1013
433	1015
433	1018
433	1039
433	1040
433	1059
433	1062
433	1063
433	1064
433	1068
433	1091
433	1092
433	1095
433	1108
433	1109
433	1110
433	1122
433	1139
433	1140
433	1147
433	1173
433	1229
433	1230
433	1248
433	1249
433	1256
433	1297
433	1301
433	1341
433	1363
433	1364
433	1365
433	1366
433	1378
433	1402
433	1418
433	1423
433	1424
433	1473
433	1509
433	1525
433	1528
433	1546
433	1547
433	1548
433	1559
433	1590
433	1591
433	1592
433	1593
433	1628
433	1632
433	1645
433	1646
433	1647
434	435
434	436
434	437
434	448
434	466
434	467
434	482
434	489
434	492
434	536
434	565
434	593
434	594
434	597
434	602
434	609
434	629
434	630
434	638
434	678
434	687
434	688
434	710
434	752
434	767
434	774
434	799
434	819
434	829
434	831
434	832
434	862
434	876
434	878
434	879
434	884
434	888
434	889
434	905
434	906
434	921
434	938
434	939
434	942
434	945
434	946
434	952
434	953
434	983
434	1013
434	1039
434	1040
434	1048
434	1051
434	1053
434	1059
434	1060
434	1061
434	1087
434	1101
434	1102
434	1103
434	1111
434	1112
434	1113
434	1171
434	1174
434	1176
434	1191
434	1192
434	1208
434	1234
434	1237
434	1250
434	1254
434	1268
434	1271
434	1275
434	1302
434	1303
434	1304
434	1333
434	1367
434	1368
434	1369
434	1370
434	1397
434	1398
434	1425
434	1426
434	1427
434	1430
434	1467
434	1471
434	1474
434	1475
434	1510
434	1532
434	1534
434	1554
434	1561
434	1569
434	1573
434	1577
434	1594
434	1595
434	1596
434	1616
434	1633
434	1634
434	1636
434	1637
434	1638
434	1648
435	436
435	437
435	442
435	466
435	467
435	490
435	493
435	516
435	564
435	565
435	594
435	609
435	629
435	631
435	632
435	638
435	678
435	687
435	688
435	710
435	737
435	744
435	748
435	752
435	798
435	799
435	819
435	849
435	852
435	853
435	863
435	867
435	881
435	885
435	886
435	889
435	905
435	906
435	910
435	921
435	938
435	939
435	947
435	948
435	952
435	953
435	983
435	1013
435	1023
435	1039
435	1040
435	1053
435	1059
435	1060
435	1061
435	1114
435	1115
435	1116
435	1126
435	1141
435	1142
435	1152
435	1175
435	1176
435	1191
435	1192
435	1209
435	1234
435	1237
435	1251
435	1254
435	1268
435	1287
435	1302
435	1303
435	1304
435	1317
435	1367
435	1368
435	1369
435	1371
435	1383
435	1384
435	1425
435	1426
435	1427
435	1430
435	1468
435	1472
435	1474
435	1475
435	1511
435	1522
435	1532
435	1534
435	1538
435	1542
435	1561
435	1569
435	1594
435	1595
435	1596
435	1597
435	1598
435	1599
435	1633
435	1634
436	437
436	458
436	466
436	478
436	494
436	508
436	578
436	594
436	620
436	678
436	688
436	710
436	724
436	751
436	754
436	765
436	814
436	818
436	850
436	856
436	864
436	865
436	877
436	887
436	889
436	906
436	921
436	923
436	932
436	938
436	939
436	949
436	952
436	953
436	1013
436	1034
436	1039
436	1040
436	1059
436	1060
436	1061
436	1070
436	1085
436	1086
436	1087
436	1117
436	1118
436	1119
436	1268
436	1305
436	1354
436	1367
436	1370
436	1371
436	1391
436	1403
436	1430
436	1469
436	1474
436	1554
436	1569
436	1594
436	1595
436	1596
436	1615
436	1616
436	1635
436	1638
436	1649
436	1650
437	467
437	468
437	491
437	495
437	546
437	552
437	565
437	620
437	678
437	688
437	710
437	720
437	722
437	724
437	726
437	783
437	799
437	839
437	851
437	878
437	888
437	889
437	891
437	897
437	905
437	906
437	921
437	939
437	950
437	952
437	953
437	1010
437	1013
437	1039
437	1040
437	1059
437	1060
437	1061
437	1087
437	1176
437	1230
437	1237
437	1305
437	1368
437	1369
437	1370
437	1371
437	1372
437	1430
437	1470
437	1473
437	1475
437	1522
437	1534
437	1594
437	1595
437	1596
437	1599
437	1616
437	1635
438	439
438	440
438	446
438	468
438	470
438	471
438	496
438	501
438	507
438	580
438	590
438	591
438	608
438	633
438	636
438	656
438	679
438	711
438	756
438	763
438	825
438	827
438	828
438	841
438	842
438	847
438	849
438	853
438	861
438	864
438	876
438	877
438	879
438	902
438	903
438	928
438	933
438	936
438	937
438	950
438	1006
438	1007
438	1014
438	1027
438	1041
438	1046
438	1056
438	1058
438	1069
438	1096
438	1114
438	1115
438	1116
438	1134
438	1143
438	1144
438	1161
438	1177
438	1210
438	1253
438	1265
438	1308
438	1309
438	1332
438	1372
438	1374
438	1375
438	1376
438	1377
438	1384
438	1425
438	1426
438	1427
438	1430
438	1460
438	1476
438	1512
438	1568
438	1597
438	1598
438	1599
438	1633
438	1634
438	1635
438	1637
438	1638
439	441
439	456
439	469
439	470
439	471
439	475
439	497
439	500
439	507
439	560
439	608
439	634
439	635
439	636
439	656
439	679
439	711
439	723
439	733
439	752
439	756
439	791
439	794
439	795
439	839
439	843
439	844
439	849
439	850
439	851
439	852
439	853
439	863
439	865
439	866
439	880
439	892
439	893
439	894
439	895
439	898
439	902
439	903
439	904
439	919
439	936
439	937
439	1006
439	1007
439	1014
439	1017
439	1020
439	1027
439	1041
439	1056
439	1059
439	1060
439	1061
439	1069
439	1070
439	1083
439	1114
439	1115
439	1116
439	1145
439	1178
439	1211
439	1228
439	1232
439	1234
439	1254
439	1286
439	1308
439	1309
439	1314
439	1339
439	1340
439	1344
439	1345
439	1373
439	1374
439	1375
439	1376
439	1377
439	1381
439	1382
439	1384
439	1425
439	1426
439	1427
439	1430
439	1460
439	1477
439	1532
439	1588
439	1589
439	1594
439	1595
439	1596
439	1597
439	1598
439	1599
439	1637
439	1638
440	441
440	444
440	447
440	455
440	461
440	472
440	474
440	475
440	491
440	496
440	498
440	500
440	579
440	580
440	591
440	599
440	606
440	623
440	634
440	650
440	680
440	712
440	723
440	726
440	763
440	776
440	816
440	840
440	848
440	854
440	871
440	872
440	883
440	892
440	893
440	900
440	901
440	922
440	925
440	927
440	928
440	929
440	930
440	937
440	943
440	968
440	969
440	1015
440	1028
440	1036
440	1038
440	1042
440	1055
440	1059
440	1064
440	1066
440	1067
440	1068
440	1076
440	1077
440	1078
440	1091
440	1092
440	1095
440	1109
440	1129
440	1157
440	1187
440	1273
440	1312
440	1313
440	1314
440	1315
440	1343
440	1347
440	1358
440	1378
440	1380
440	1381
440	1382
440	1410
440	1411
440	1433
440	1434
440	1435
440	1441
440	1476
440	1478
440	1556
440	1559
440	1593
440	1600
440	1601
440	1602
440	1623
440	1624
440	1625
440	1640
440	1641
440	1646
441	445
441	456
441	471
441	473
441	474
441	475
441	491
441	497
441	499
441	500
441	547
441	560
441	570
441	580
441	606
441	623
441	634
441	636
441	650
441	680
441	712
441	723
441	726
441	733
441	746
441	784
441	785
441	839
441	843
441	844
441	849
441	850
441	851
441	853
441	865
441	866
441	880
441	890
441	892
441	893
441	894
441	895
441	902
441	903
441	904
441	911
441	927
441	928
441	968
441	969
441	1012
441	1013
441	1015
441	1028
441	1042
441	1055
441	1059
441	1060
441	1061
441	1064
441	1069
441	1070
441	1076
441	1077
441	1078
441	1095
441	1121
441	1150
441	1179
441	1188
441	1228
441	1243
441	1309
441	1312
441	1313
441	1314
441	1315
441	1339
441	1340
441	1344
441	1345
441	1347
441	1376
441	1377
441	1379
441	1380
441	1381
441	1382
441	1410
441	1411
441	1433
441	1434
441	1435
441	1441
441	1477
441	1479
441	1514
441	1561
441	1588
441	1589
441	1594
441	1595
441	1596
441	1600
441	1601
441	1602
441	1605
441	1640
441	1641
442	448
442	467
442	501
442	502
442	530
442	603
442	604
442	614
442	631
442	637
442	638
442	642
442	659
442	661
442	689
442	769
442	835
442	849
442	852
442	853
442	855
442	859
442	863
442	867
442	881
442	885
442	886
442	898
442	905
442	906
442	933
442	946
442	947
442	948
442	986
442	987
442	988
442	989
442	1016
442	1041
442	1043
442	1044
442	1096
442	1097
442	1114
442	1115
442	1116
442	1141
442	1151
442	1152
442	1166
442	1180
442	1212
442	1269
442	1277
442	1303
442	1316
442	1317
442	1318
442	1319
442	1330
442	1337
442	1368
442	1369
442	1383
442	1384
442	1420
442	1421
442	1436
442	1437
442	1438
442	1449
442	1450
442	1451
442	1480
442	1515
442	1562
442	1580
442	1582
442	1597
442	1598
442	1599
442	1603
442	1604
442	1609
442	1629
442	1642
442	1643
443	444
443	445
443	457
443	473
443	476
443	477
443	499
443	566
443	567
443	570
443	610
443	639
443	642
443	657
443	662
443	689
443	690
443	713
443	746
443	754
443	800
443	841
443	854
443	855
443	858
443	859
443	860
443	861
443	868
443	882
443	883
443	890
443	907
443	908
443	909
443	910
443	911
443	916
443	917
443	922
443	940
443	956
443	988
443	1016
443	1028
443	1043
443	1044
443	1056
443	1065
443	1071
443	1076
443	1077
443	1078
443	1127
443	1156
443	1181
443	1223
443	1238
443	1243
443	1264
443	1269
443	1310
443	1311
443	1318
443	1321
443	1322
443	1323
443	1346
443	1347
443	1350
443	1351
443	1379
443	1385
443	1386
443	1387
443	1388
443	1390
443	1405
443	1431
443	1432
443	1440
443	1441
443	1479
443	1482
443	1518
443	1533
443	1536
443	1543
443	1585
443	1600
443	1601
443	1602
443	1605
443	1606
443	1609
443	1610
443	1611
443	1639
443	1645
443	1646
444	445
444	459
444	476
444	479
444	496
444	501
444	526
444	580
444	584
444	621
444	643
444	644
444	646
444	662
444	690
444	703
444	707
444	713
444	762
444	763
444	789
444	811
444	812
444	844
444	862
444	866
444	884
444	890
444	899
444	908
444	918
444	922
444	923
444	928
444	933
444	940
444	956
444	991
444	994
444	1016
444	1035
444	1036
444	1043
444	1044
444	1045
444	1046
444	1065
444	1079
444	1080
444	1081
444	1088
444	1182
444	1215
444	1244
444	1253
444	1269
444	1294
444	1324
444	1325
444	1326
444	1352
444	1355
444	1386
444	1389
444	1390
444	1392
444	1404
444	1405
444	1432
444	1442
444	1443
444	1444
444	1555
444	1556
444	1571
444	1605
444	1606
444	1612
444	1613
444	1614
444	1617
444	1618
444	1619
444	1639
444	1647
445	452
445	469
445	477
445	500
445	554
445	567
445	621
445	645
445	646
445	662
445	690
445	713
445	723
445	781
445	789
445	840
445	852
445	863
445	871
445	890
445	891
445	893
445	898
445	899
445	907
445	908
445	919
445	920
445	922
445	956
445	1013
445	1016
445	1036
445	1043
445	1044
445	1059
445	1065
445	1082
445	1083
445	1084
445	1183
445	1223
445	1232
445	1238
445	1306
445	1324
445	1325
445	1338
445	1353
445	1373
445	1387
445	1388
445	1389
445	1390
445	1404
445	1405
445	1432
445	1442
445	1443
445	1444
445	1481
445	1482
445	1536
445	1556
445	1585
445	1586
445	1587
445	1600
445	1602
445	1605
445	1606
445	1647
446	447
446	450
446	460
446	464
446	478
446	481
446	503
446	505
446	507
446	576
446	586
446	587
446	628
446	648
446	649
446	654
446	681
446	714
446	753
446	756
446	791
446	824
446	825
446	828
446	837
446	845
446	846
446	856
446	857
446	860
446	867
446	868
446	869
446	870
446	873
446	874
446	875
446	886
446	887
446	924
446	925
446	926
446	931
446	934
446	935
446	937
446	995
446	996
446	1017
446	1041
446	1046
446	1049
446	1066
446	1089
446	1090
446	1093
446	1098
446	1099
446	1100
446	1104
446	1105
446	1118
446	1177
446	1184
446	1218
446	1256
446	1261
446	1263
446	1269
446	1299
446	1328
446	1329
446	1331
446	1349
446	1356
446	1357
446	1361
446	1362
446	1391
446	1393
446	1394
446	1395
446	1396
446	1448
446	1454
446	1483
446	1487
446	1519
446	1584
446	1607
446	1608
446	1620
446	1621
446	1622
446	1631
446	1632
446	1650
447	460
447	464
447	480
447	481
447	487
447	488
447	505
447	506
447	544
447	576
447	587
447	633
447	648
447	654
447	655
447	721
447	731
447	753
447	761
447	784
447	815
447	816
447	841
447	845
447	846
447	857
447	858
447	860
447	861
447	867
447	868
447	869
447	870
447	873
447	874
447	875
447	882
447	886
447	901
447	924
447	925
447	926
447	928
447	934
447	935
447	1012
447	1018
447	1031
447	1038
447	1052
447	1058
447	1068
447	1071
447	1078
447	1085
447	1089
447	1090
447	1098
447	1099
447	1100
447	1107
447	1128
447	1160
447	1187
447	1188
447	1221
447	1256
447	1296
447	1328
447	1331
447	1332
447	1351
447	1356
447	1357
447	1361
447	1362
447	1388
447	1393
447	1394
447	1395
447	1396
447	1424
447	1438
447	1483
447	1485
447	1487
447	1488
447	1531
447	1559
447	1567
447	1575
447	1578
447	1609
447	1610
447	1611
447	1620
447	1621
447	1622
447	1631
447	1632
447	1643
448	449
448	450
448	451
448	466
448	479
448	482
448	483
448	507
448	508
448	541
448	612
448	616
448	630
448	641
448	643
448	663
448	691
448	715
448	756
448	765
448	794
448	803
448	827
448	833
448	835
448	837
448	856
448	862
448	876
448	878
448	879
448	884
448	887
448	888
448	896
448	913
448	914
448	931
448	938
448	939
448	945
448	946
448	948
448	978
448	979
448	980
448	1019
448	1020
448	1032
448	1035
448	1036
448	1037
448	1045
448	1046
448	1057
448	1088
448	1101
448	1102
448	1103
448	1111
448	1112
448	1113
448	1118
448	1180
448	1184
448	1189
448	1210
448	1211
448	1250
448	1261
448	1267
448	1268
448	1326
448	1327
448	1333
448	1334
448	1335
448	1352
448	1367
448	1389
448	1392
448	1397
448	1398
448	1399
448	1400
448	1401
448	1416
448	1417
448	1445
448	1446
448	1447
448	1452
448	1453
448	1454
448	1521
448	1532
448	1545
448	1562
448	1568
448	1580
448	1582
448	1584
448	1607
448	1612
448	1613
448	1614
448	1626
448	1636
448	1637
448	1638
448	1648
448	1649
448	1650
449	450
449	451
449	465
449	476
449	479
449	482
449	483
449	519
449	563
449	573
449	612
449	616
449	630
449	641
449	643
449	657
449	658
449	663
449	691
449	715
449	777
449	794
449	802
449	803
449	808
449	827
449	843
449	856
449	857
449	862
449	874
449	880
449	884
449	887
449	896
449	913
449	914
449	915
449	931
449	940
449	941
449	942
449	945
449	946
449	978
449	979
449	980
449	1019
449	1020
449	1027
449	1032
449	1035
449	1036
449	1037
449	1045
449	1046
449	1057
449	1074
449	1075
449	1080
449	1088
449	1104
449	1105
449	1155
449	1162
449	1185
449	1189
449	1210
449	1211
449	1222
449	1236
449	1247
449	1250
449	1268
449	1289
449	1321
449	1326
449	1327
449	1333
449	1334
449	1335
449	1348
449	1349
449	1352
449	1363
449	1364
449	1386
449	1389
449	1392
449	1397
449	1398
449	1399
449	1400
449	1402
449	1416
449	1417
449	1445
449	1446
449	1447
449	1452
449	1453
449	1454
449	1489
449	1492
449	1524
449	1532
449	1545
449	1550
449	1568
449	1580
449	1590
449	1607
449	1608
449	1612
449	1613
449	1614
449	1639
449	1640
449	1641
449	1648
449	1649
449	1650
450	451
450	462
450	480
450	482
450	507
450	542
450	582
450	625
450	652
450	663
450	676
450	691
450	715
450	755
450	756
450	822
450	825
450	848
450	857
450	858
450	862
450	872
450	874
450	881
450	882
450	884
450	885
450	896
450	914
450	931
450	932
450	933
450	945
450	946
450	960
450	978
450	979
450	980
450	1019
450	1020
450	1035
450	1036
450	1037
450	1041
450	1045
450	1046
450	1069
450	1088
450	1093
450	1094
450	1095
450	1098
450	1106
450	1107
450	1131
450	1158
450	1163
450	1220
450	1252
450	1260
450	1261
450	1276
450	1277
450	1336
450	1359
450	1365
450	1397
450	1398
450	1401
450	1402
450	1415
450	1416
450	1417
450	1446
450	1447
450	1455
450	1456
450	1457
450	1490
450	1520
450	1551
450	1562
450	1580
450	1581
450	1582
450	1612
450	1613
450	1614
450	1626
450	1627
450	1628
450	1642
450	1643
450	1644
450	1648
451	453
451	472
451	483
451	503
451	507
451	550
451	625
451	652
451	663
451	676
451	691
451	715
451	756
451	787
451	791
451	803
451	845
451	854
451	875
451	883
451	896
451	897
451	898
451	913
451	914
451	931
451	943
451	944
451	946
451	960
451	978
451	979
451	980
451	1014
451	1017
451	1019
451	1020
451	1035
451	1036
451	1037
451	1045
451	1046
451	1062
451	1063
451	1064
451	1066
451	1069
451	1088
451	1108
451	1109
451	1110
451	1146
451	1164
451	1189
451	1247
451	1261
451	1336
451	1341
451	1366
451	1378
451	1399
451	1400
451	1401
451	1402
451	1415
451	1416
451	1417
451	1446
451	1447
451	1455
451	1456
451	1457
451	1491
451	1524
451	1545
451	1590
451	1591
451	1592
451	1607
451	1612
451	1613
451	1614
451	1645
451	1646
451	1647
452	454
452	457
452	459
452	469
452	509
452	512
452	561
452	571
452	574
452	619
452	692
452	747
452	750
452	796
452	806
452	809
452	840
452	850
452	852
452	860
452	863
452	865
452	868
452	871
452	890
452	891
452	904
452	912
452	916
452	918
452	919
452	920
452	1008
452	1028
452	1030
452	1033
452	1078
452	1082
452	1083
452	1084
452	1117
452	1118
452	1119
452	1190
452	1194
452	1201
452	1235
452	1244
452	1281
452	1338
452	1339
452	1340
452	1353
452	1373
452	1390
452	1494
452	1496
452	1499
452	1551
452	1585
452	1586
452	1587
452	1596
452	1615
452	1616
453	454
453	455
453	456
453	462
453	472
453	600
453	640
453	664
453	682
453	693
453	703
453	716
453	770
453	819
453	845
453	854
453	875
453	883
453	894
453	896
453	897
453	912
453	929
453	930
453	941
453	943
453	944
453	970
453	971
453	972
453	973
453	994
453	1022
453	1023
453	1029
453	1030
453	1031
453	1047
453	1048
453	1050
453	1053
453	1062
453	1063
453	1064
453	1079
453	1080
453	1081
453	1103
453	1108
453	1109
453	1110
453	1122
453	1140
453	1191
453	1196
453	1204
453	1244
453	1258
453	1282
453	1283
453	1341
453	1342
453	1343
453	1366
453	1378
453	1402
453	1404
453	1405
453	1412
453	1413
453	1442
453	1443
453	1444
453	1495
453	1561
453	1576
453	1579
453	1585
453	1590
453	1591
453	1592
453	1617
453	1618
453	1619
453	1623
453	1625
453	1645
453	1646
453	1647
454	455
454	456
454	463
454	473
454	509
454	556
454	571
454	572
454	640
454	664
454	682
454	693
454	703
454	716
454	739
454	750
454	789
454	842
454	844
454	846
454	847
454	866
454	870
454	894
454	895
454	898
454	899
454	909
454	911
454	912
454	920
454	929
454	944
454	970
454	971
454	972
454	973
454	994
454	1022
454	1023
454	1029
454	1030
454	1031
454	1047
454	1048
454	1065
454	1079
454	1080
454	1081
454	1103
454	1123
454	1124
454	1154
454	1192
454	1197
454	1205
454	1225
454	1226
454	1244
454	1245
454	1282
454	1283
454	1341
454	1342
454	1344
454	1345
454	1379
454	1385
454	1404
454	1405
454	1412
454	1413
454	1442
454	1443
454	1444
454	1462
454	1496
454	1541
454	1544
454	1556
454	1585
454	1605
454	1606
454	1617
454	1618
454	1619
455	456
455	461
455	464
455	474
455	500
455	581
455	592
455	607
455	622
455	624
455	635
455	647
455	651
455	664
455	682
455	693
455	716
455	723
455	799
455	813
455	817
455	819
455	820
455	840
455	844
455	848
455	866
455	871
455	872
455	894
455	895
455	900
455	901
455	912
455	923
455	926
455	927
455	928
455	929
455	930
455	944
455	970
455	971
455	972
455	973
455	1010
455	1022
455	1023
455	1029
455	1030
455	1031
455	1034
455	1037
455	1039
455	1047
455	1048
455	1066
455	1067
455	1068
455	1079
455	1080
455	1081
455	1088
455	1091
455	1092
455	1125
455	1130
455	1168
455	1176
455	1191
455	1192
455	1198
455	1206
455	1234
455	1254
455	1258
455	1266
455	1284
455	1285
455	1286
455	1292
455	1293
455	1297
455	1341
455	1343
455	1344
455	1345
455	1352
455	1355
455	1358
455	1380
455	1392
455	1406
455	1407
455	1408
455	1412
455	1413
455	1414
455	1442
455	1443
455	1493
455	1497
455	1534
455	1557
455	1560
455	1561
455	1569
455	1579
455	1586
455	1587
455	1593
455	1617
455	1618
455	1619
455	1623
455	1624
455	1625
455	1647
456	471
456	475
456	510
456	548
456	549
456	561
456	608
456	622
456	624
456	635
456	647
456	651
456	664
456	682
456	693
456	716
456	724
456	734
456	782
456	799
456	819
456	839
456	840
456	843
456	844
456	849
456	850
456	851
456	853
456	865
456	866
456	871
456	880
456	892
456	893
456	894
456	895
456	902
456	903
456	904
456	912
456	923
456	929
456	930
456	944
456	970
456	971
456	972
456	973
456	1010
456	1011
456	1022
456	1023
456	1029
456	1030
456	1031
456	1034
456	1047
456	1048
456	1059
456	1060
456	1061
456	1069
456	1070
456	1079
456	1080
456	1081
456	1145
456	1169
456	1176
456	1191
456	1192
456	1199
456	1234
456	1235
456	1244
456	1254
456	1284
456	1285
456	1286
456	1292
456	1293
456	1339
456	1340
456	1342
456	1343
456	1344
456	1345
456	1352
456	1355
456	1376
456	1377
456	1381
456	1382
456	1392
456	1406
456	1407
456	1408
456	1412
456	1413
456	1414
456	1442
456	1443
456	1494
456	1523
456	1534
456	1544
456	1561
456	1569
456	1586
456	1587
456	1588
456	1589
456	1594
456	1595
456	1596
456	1606
456	1617
456	1618
456	1619
456	1625
457	465
457	476
457	477
457	509
457	511
457	512
457	514
457	534
457	535
457	555
457	574
457	575
457	605
457	610
457	611
457	615
457	632
457	694
457	728
457	738
457	739
457	747
457	750
457	768
457	778
457	788
457	804
457	806
457	807
457	836
457	841
457	846
457	854
457	855
457	858
457	859
457	860
457	861
457	867
457	868
457	870
457	882
457	883
457	886
457	899
457	907
457	908
457	909
457	910
457	915
457	916
457	917
457	920
457	940
457	990
457	1015
457	1028
457	1033
457	1035
457	1049
457	1056
457	1065
457	1071
457	1076
457	1077
457	1078
457	1084
457	1089
457	1098
457	1099
457	1100
457	1104
457	1116
457	1127
457	1156
457	1170
457	1193
457	1194
457	1248
457	1287
457	1288
457	1291
457	1323
457	1346
457	1347
457	1350
457	1351
457	1356
457	1387
457	1388
457	1393
457	1422
457	1431
457	1463
457	1498
457	1499
457	1525
457	1527
457	1535
457	1547
457	1570
457	1600
457	1601
457	1602
457	1609
457	1610
457	1611
457	1620
457	1621
457	1622
458	459
458	460
458	461
458	462
458	478
458	480
458	515
458	519
458	588
458	596
458	601
458	617
458	620
458	644
458	666
458	696
458	773
458	777
458	779
458	838
458	850
458	856
458	864
458	865
458	877
458	887
458	900
458	918
458	921
458	934
458	935
458	949
458	997
458	998
458	999
458	1024
458	1025
458	1030
458	1050
458	1051
458	1054
458	1085
458	1086
458	1087
458	1106
458	1107
458	1113
458	1117
458	1118
458	1119
458	1200
458	1220
458	1264
458	1270
458	1279
458	1294
458	1295
458	1305
458	1354
458	1355
458	1356
458	1357
458	1370
458	1391
458	1403
458	1415
458	1416
458	1417
458	1423
458	1455
458	1456
458	1457
458	1501
458	1503
458	1507
458	1551
458	1590
458	1615
458	1616
458	1626
458	1627
458	1628
458	1632
458	1649
458	1650
459	460
459	461
459	463
459	465
459	479
459	480
459	493
459	516
459	520
459	523
459	558
459	617
459	621
459	622
459	644
459	666
459	672
459	676
459	696
459	736
459	737
459	743
459	748
459	809
459	810
459	844
459	848
459	857
459	862
459	866
459	872
459	874
459	884
459	900
459	901
459	915
459	918
459	920
459	922
459	923
459	934
459	949
459	960
459	964
459	997
459	998
459	999
459	1022
459	1023
459	1024
459	1025
459	1030
459	1031
459	1033
459	1050
459	1051
459	1079
459	1080
459	1081
459	1088
459	1106
459	1107
459	1172
459	1201
459	1220
459	1233
459	1251
459	1261
459	1293
459	1294
459	1295
459	1325
459	1352
459	1354
459	1355
459	1358
459	1389
459	1392
459	1415
459	1416
459	1417
459	1423
459	1437
459	1455
459	1456
459	1457
459	1502
459	1504
459	1508
459	1530
459	1551
459	1552
459	1590
459	1593
459	1612
459	1613
459	1614
459	1617
459	1618
459	1619
459	1626
459	1627
459	1628
460	461
460	464
460	481
460	517
460	531
460	558
460	577
460	588
460	589
460	607
460	626
460	655
460	666
460	696
460	760
460	826
460	845
460	846
460	848
460	857
460	860
460	867
460	868
460	869
460	870
460	872
460	873
460	874
460	875
460	886
460	900
460	901
460	918
460	924
460	925
460	926
460	932
460	934
460	935
460	949
460	997
460	998
460	999
460	1012
460	1024
460	1025
460	1038
460	1050
460	1051
460	1089
460	1090
460	1094
460	1098
460	1099
460	1100
460	1106
460	1107
460	1128
460	1160
460	1202
460	1233
460	1238
460	1264
460	1279
460	1296
460	1297
460	1301
460	1354
460	1356
460	1357
460	1358
460	1359
460	1361
460	1362
460	1365
460	1393
460	1394
460	1395
460	1396
460	1418
460	1423
460	1424
460	1455
460	1456
460	1465
460	1501
460	1502
460	1505
460	1563
460	1591
460	1592
460	1593
460	1620
460	1621
460	1622
460	1626
460	1627
460	1628
460	1631
460	1632
461	474
461	518
461	521
461	531
461	545
461	551
461	558
461	559
461	588
461	607
461	623
461	624
461	626
461	655
461	666
461	696
461	725
461	730
461	792
461	793
461	796
461	840
461	845
461	848
461	871
461	872
461	875
461	900
461	901
461	918
461	927
461	928
461	929
461	930
461	932
461	934
461	935
461	949
461	997
461	998
461	999
461	1012
461	1018
461	1024
461	1025
461	1030
461	1038
461	1050
461	1051
461	1063
461	1066
461	1067
461	1068
461	1091
461	1092
461	1106
461	1107
461	1125
461	1129
461	1130
461	1173
461	1190
461	1203
461	1225
461	1229
461	1233
461	1239
461	1251
461	1264
461	1285
461	1296
461	1297
461	1301
461	1313
461	1343
461	1355
461	1356
461	1357
461	1358
461	1359
461	1365
461	1380
461	1418
461	1423
461	1424
461	1455
461	1456
461	1466
461	1501
461	1502
461	1506
461	1509
461	1530
461	1551
461	1563
461	1591
461	1592
461	1593
461	1614
461	1623
461	1624
461	1625
461	1626
461	1627
461	1628
461	1632
462	463
462	464
462	466
462	480
462	489
462	504
462	515
462	522
462	540
462	569
462	596
462	597
462	625
462	626
462	653
462	696
462	697
462	717
462	741
462	742
462	743
462	766
462	773
462	774
462	779
462	801
462	832
462	848
462	858
462	869
462	872
462	873
462	876
462	879
462	881
462	882
462	885
462	926
462	931
462	932
462	938
462	944
462	949
462	965
462	998
462	1024
462	1025
462	1047
462	1050
462	1051
462	1053
462	1072
462	1073
462	1093
462	1094
462	1095
462	1096
462	1103
462	1106
462	1107
462	1131
462	1159
462	1163
462	1174
462	1186
462	1204
462	1205
462	1240
462	1241
462	1270
462	1271
462	1279
462	1298
462	1301
462	1320
462	1336
462	1359
462	1360
462	1361
462	1362
462	1365
462	1401
462	1409
462	1419
462	1420
462	1421
462	1439
462	1467
462	1486
462	1503
462	1539
462	1540
462	1541
462	1560
462	1576
462	1577
462	1579
462	1622
462	1626
462	1627
462	1628
462	1629
462	1630
462	1633
462	1642
462	1643
462	1644
463	464
463	467
463	490
463	516
463	523
463	554
463	584
463	627
463	696
463	697
463	717
463	736
463	743
463	744
463	748
463	773
463	787
463	822
463	855
463	859
463	869
463	873
463	905
463	912
463	918
463	926
463	933
463	965
463	987
463	998
463	1022
463	1024
463	1025
463	1050
463	1051
463	1072
463	1073
463	1096
463	1097
463	1132
463	1133
463	1175
463	1204
463	1205
463	1225
463	1232
463	1251
463	1270
463	1298
463	1359
463	1360
463	1409
463	1419
463	1420
463	1421
463	1439
463	1468
463	1481
463	1504
463	1541
463	1542
463	1544
463	1576
463	1603
463	1604
463	1629
463	1630
464	481
464	517
464	577
464	578
464	588
464	628
464	649
464	697
464	717
464	754
464	760
464	773
464	817
464	818
464	819
464	845
464	846
464	857
464	860
464	864
464	867
464	868
464	869
464	870
464	873
464	874
464	875
464	877
464	886
464	924
464	925
464	926
464	929
464	934
464	935
464	965
464	1024
464	1025
464	1039
464	1050
464	1051
464	1072
464	1073
464	1086
464	1089
464	1090
464	1098
464	1099
464	1100
464	1191
464	1206
464	1264
464	1270
464	1299
464	1329
464	1356
464	1357
464	1359
464	1360
464	1361
464	1362
464	1393
464	1394
464	1395
464	1396
464	1409
464	1422
464	1439
464	1469
464	1501
464	1505
464	1543
464	1560
464	1561
464	1576
464	1620
464	1621
464	1622
464	1629
464	1630
464	1631
464	1632
464	1635
464	1644
465	467
465	476
465	483
465	516
465	519
465	520
465	521
465	523
465	528
465	529
465	551
465	564
465	601
465	613
465	667
465	698
465	725
465	736
465	745
465	748
465	775
465	777
465	804
465	805
465	806
465	843
465	845
465	856
465	857
465	874
465	875
465	880
465	887
465	897
465	905
465	913
465	914
465	915
465	916
465	918
465	940
465	941
465	942
465	981
465	982
465	1028
465	1030
465	1038
465	1052
465	1063
465	1074
465	1075
465	1081
465	1089
465	1090
465	1098
465	1104
465	1105
465	1108
465	1113
465	1137
465	1138
465	1194
465	1229
465	1290
465	1300
465	1322
465	1348
465	1349
465	1361
465	1363
465	1364
465	1366
465	1386
465	1395
465	1399
465	1400
465	1448
465	1472
465	1507
465	1508
465	1509
465	1511
465	1546
465	1547
465	1551
465	1591
465	1607
465	1608
465	1631
465	1632
465	1639
465	1640
465	1641
466	467
466	482
466	519
466	522
466	536
466	593
466	594
466	601
466	609
466	629
466	630
466	638
466	766
466	773
466	777
466	829
466	862
466	864
466	876
466	877
466	878
466	879
466	884
466	888
466	905
466	906
466	921
466	938
466	939
466	941
466	945
466	946
466	1012
466	1039
466	1047
466	1050
466	1053
466	1058
466	1086
466	1101
466	1102
466	1103
466	1111
466	1112
466	1113
466	1196
466	1208
466	1250
466	1268
466	1270
466	1274
466	1302
466	1303
466	1304
466	1333
466	1367
466	1368
466	1369
466	1370
466	1397
466	1398
466	1425
466	1426
466	1427
466	1430
466	1474
466	1507
466	1510
466	1569
466	1572
466	1576
466	1594
466	1595
466	1633
466	1634
466	1635
466	1636
466	1637
466	1638
466	1648
467	516
467	520
467	523
467	564
467	565
467	609
467	629
467	631
467	632
467	638
467	736
467	743
467	748
467	798
467	799
467	849
467	852
467	853
467	863
467	867
467	876
467	879
467	881
467	885
467	886
467	889
467	905
467	906
467	909
467	915
467	938
467	939
467	947
467	948
467	1012
467	1022
467	1039
467	1053
467	1058
467	1103
467	1114
467	1115
467	1116
467	1126
467	1141
467	1142
467	1152
467	1176
467	1197
467	1209
467	1237
467	1251
467	1287
467	1302
467	1303
467	1304
467	1317
467	1367
467	1368
467	1369
467	1371
467	1383
467	1384
467	1425
467	1426
467	1427
467	1430
467	1475
467	1508
467	1511
467	1534
467	1537
467	1541
467	1594
467	1595
467	1597
467	1598
467	1599
467	1633
467	1634
467	1635
468	469
468	470
468	471
468	472
468	478
468	524
468	528
468	530
468	541
468	590
468	598
468	603
468	618
468	645
468	668
468	699
468	775
468	780
468	827
468	839
468	851
468	878
468	888
468	889
468	902
468	919
468	936
468	937
468	943
468	947
468	950
468	1002
468	1003
468	1004
468	1005
468	1026
468	1027
468	1054
468	1055
468	1057
468	1082
468	1111
468	1112
468	1113
468	1114
468	1210
468	1212
468	1216
468	1265
468	1272
468	1280
468	1306
468	1307
468	1371
468	1372
468	1373
468	1374
468	1375
468	1425
468	1426
468	1428
468	1429
468	1458
468	1459
468	1460
468	1512
468	1513
468	1515
468	1568
468	1583
468	1597
468	1633
468	1636
468	1637
468	1638
468	1642
469	470
469	471
469	473
469	479
469	510
469	525
469	529
469	531
469	541
469	618
469	645
469	668
469	699
469	734
469	745
469	749
469	794
469	840
469	852
469	863
469	871
469	890
469	891
469	902
469	903
469	911
469	919
469	920
469	936
469	950
469	1002
469	1003
469	1004
469	1005
469	1026
469	1027
469	1029
469	1032
469	1054
469	1055
469	1076
469	1082
469	1083
469	1084
469	1102
469	1111
469	1112
469	1113
469	1211
469	1217
469	1234
469	1242
469	1306
469	1307
469	1338
469	1353
469	1372
469	1373
469	1376
469	1377
469	1390
469	1425
469	1426
469	1428
469	1429
469	1458
469	1459
469	1460
469	1532
469	1549
469	1553
469	1585
469	1586
469	1587
469	1594
469	1597
469	1636
469	1637
469	1638
470	471
470	474
470	526
470	532
470	536
470	579
470	583
470	590
470	591
470	608
470	633
470	636
470	656
470	668
470	683
470	699
470	757
470	762
470	794
470	803
470	821
470	824
470	827
470	828
470	841
470	842
470	847
470	861
470	864
470	876
470	877
470	879
470	902
470	903
470	919
470	927
470	936
470	937
470	950
470	967
470	1002
470	1003
470	1004
470	1005
470	1014
470	1026
470	1027
470	1041
470	1045
470	1054
470	1055
470	1058
470	1111
470	1112
470	1113
470	1134
470	1143
470	1144
470	1161
470	1177
470	1189
470	1210
470	1211
470	1218
470	1234
470	1250
470	1253
470	1265
470	1268
470	1280
470	1308
470	1309
470	1332
470	1372
470	1374
470	1375
470	1376
470	1377
470	1425
470	1426
470	1427
470	1430
470	1458
470	1459
470	1476
470	1512
470	1532
470	1545
470	1564
470	1566
470	1568
470	1569
470	1580
470	1598
470	1599
470	1633
470	1634
470	1635
470	1636
470	1637
470	1638
470	1644
471	475
471	527
471	533
471	536
471	547
471	553
471	560
471	590
471	608
471	634
471	635
471	636
471	656
471	668
471	683
471	699
471	727
471	732
471	752
471	786
471	790
471	794
471	795
471	803
471	827
471	839
471	843
471	844
471	849
471	850
471	851
471	853
471	865
471	866
471	880
471	892
471	893
471	894
471	895
471	902
471	903
471	904
471	919
471	936
471	937
471	950
471	967
471	1002
471	1003
471	1004
471	1005
471	1014
471	1016
471	1019
471	1026
471	1027
471	1041
471	1054
471	1055
471	1059
471	1060
471	1061
471	1069
471	1070
471	1082
471	1111
471	1112
471	1113
471	1145
471	1178
471	1189
471	1210
471	1211
471	1213
471	1219
471	1227
471	1231
471	1234
471	1250
471	1254
471	1265
471	1268
471	1286
471	1308
471	1309
471	1314
471	1339
471	1340
471	1344
471	1345
471	1373
471	1374
471	1375
471	1376
471	1377
471	1381
471	1382
471	1425
471	1426
471	1427
471	1430
471	1458
471	1459
471	1477
471	1512
471	1514
471	1516
471	1526
471	1529
471	1532
471	1545
471	1553
471	1568
471	1569
471	1580
471	1588
471	1589
471	1594
471	1595
471	1596
471	1598
471	1599
471	1636
471	1637
471	1638
472	473
472	474
472	475
472	476
472	480
472	498
472	519
472	520
472	524
472	528
472	529
472	534
472	598
472	599
472	639
472	657
472	669
472	683
472	699
472	700
472	714
472	718
472	745
472	768
472	775
472	776
472	777
472	780
472	830
472	845
472	854
472	875
472	883
472	892
472	896
472	897
472	911
472	927
472	928
472	940
472	943
472	944
472	950
472	966
472	967
472	995
472	1004
472	1026
472	1027
472	1049
472	1052
472	1054
472	1055
472	1062
472	1063
472	1064
472	1074
472	1075
472	1098
472	1104
472	1108
472	1109
472	1110
472	1113
472	1139
472	1146
472	1147
472	1164
472	1214
472	1220
472	1242
472	1248
472	1255
472	1256
472	1272
472	1273
472	1280
472	1310
472	1311
472	1321
472	1322
472	1341
472	1366
472	1378
472	1379
472	1380
472	1402
472	1410
472	1431
472	1432
472	1440
472	1441
472	1478
472	1513
472	1547
472	1558
472	1559
472	1574
472	1578
472	1590
472	1591
472	1592
472	1600
472	1623
472	1639
472	1640
472	1641
472	1645
472	1646
472	1647
473	474
473	475
473	477
473	499
473	513
473	514
473	519
473	520
473	525
473	528
473	529
473	535
473	555
473	570
473	585
473	639
473	657
473	669
473	681
473	683
473	699
473	700
473	718
473	728
473	738
473	745
473	746
473	749
473	758
473	775
473	777
473	788
473	800
473	823
473	842
473	846
473	847
473	870
473	892
473	893
473	898
473	899
473	907
473	908
473	911
473	912
473	919
473	927
473	943
473	966
473	967
473	996
473	1004
473	1024
473	1026
473	1027
473	1043
473	1054
473	1055
473	1065
473	1071
473	1074
473	1075
473	1098
473	1105
473	1108
473	1113
473	1148
473	1149
473	1153
473	1181
473	1195
473	1227
473	1242
473	1243
473	1257
473	1262
473	1272
473	1310
473	1311
473	1321
473	1322
473	1342
473	1378
473	1379
473	1381
473	1382
473	1385
473	1410
473	1422
473	1431
473	1432
473	1440
473	1441
473	1479
473	1500
473	1527
473	1536
473	1539
473	1543
473	1560
473	1571
473	1588
473	1600
473	1605
473	1606
473	1622
473	1639
473	1640
473	1641
473	1645
474	475
474	481
474	526
474	528
474	579
474	580
474	590
474	606
474	623
474	634
474	650
474	669
474	683
474	700
474	718
474	762
474	775
474	805
474	811
474	815
474	840
474	848
474	871
474	872
474	892
474	893
474	900
474	901
474	911
474	924
474	927
474	928
474	929
474	930
474	936
474	943
474	966
474	967
474	1015
474	1026
474	1027
474	1035
474	1042
474	1054
474	1055
474	1066
474	1067
474	1068
474	1074
474	1075
474	1091
474	1092
474	1108
474	1129
474	1157
474	1215
474	1221
474	1265
474	1272
474	1312
474	1313
474	1314
474	1315
474	1343
474	1358
474	1378
474	1380
474	1381
474	1382
474	1410
474	1411
474	1433
474	1434
474	1435
474	1440
474	1512
474	1546
474	1555
474	1558
474	1578
474	1593
474	1601
474	1602
474	1623
474	1624
474	1625
474	1639
474	1640
474	1641
474	1645
474	1647
475	500
475	527
475	529
475	547
475	606
475	623
475	634
475	636
475	650
475	669
475	683
475	700
475	718
475	723
475	732
475	745
475	785
475	805
475	839
475	843
475	844
475	849
475	850
475	851
475	853
475	865
475	866
475	880
475	892
475	893
475	894
475	895
475	902
475	903
475	904
475	911
475	927
475	928
475	943
475	966
475	967
475	1015
475	1026
475	1027
475	1042
475	1054
475	1055
475	1059
475	1060
475	1061
475	1069
475	1070
475	1074
475	1075
475	1121
475	1150
475	1179
475	1227
475	1234
475	1242
475	1309
475	1312
475	1313
475	1314
475	1315
475	1339
475	1340
475	1344
475	1345
475	1376
475	1377
475	1379
475	1380
475	1381
475	1382
475	1410
475	1411
475	1433
475	1434
475	1435
475	1440
475	1514
475	1543
475	1546
475	1561
475	1588
475	1589
475	1594
475	1595
475	1596
475	1601
475	1602
475	1639
475	1640
475	1641
476	477
476	483
476	528
476	530
476	534
476	595
476	603
476	610
476	641
476	657
476	671
476	702
476	768
476	775
476	811
476	830
476	843
476	856
476	857
476	874
476	880
476	887
476	907
476	908
476	913
476	914
476	915
476	916
476	922
476	940
476	941
476	942
476	943
476	947
476	954
476	955
476	1014
476	1015
476	1028
476	1035
476	1043
476	1049
476	1052
476	1056
476	1062
476	1063
476	1064
476	1074
476	1075
476	1104
476	1105
476	1108
476	1137
476	1155
476	1162
476	1214
476	1215
476	1263
476	1269
476	1272
476	1276
476	1321
476	1322
476	1323
476	1334
476	1348
476	1349
476	1363
476	1364
476	1386
476	1387
476	1388
476	1389
476	1399
476	1400
476	1404
476	1431
476	1432
476	1440
476	1441
476	1515
476	1517
476	1547
476	1555
476	1570
476	1605
476	1607
476	1608
476	1639
476	1640
476	1641
476	1645
476	1646
476	1647
477	529
477	531
477	535
477	566
477	567
477	610
477	642
477	657
477	671
477	702
477	738
477	745
477	800
477	830
477	841
477	854
477	855
477	858
477	859
477	860
477	861
477	868
477	882
477	883
477	890
477	907
477	908
477	909
477	910
477	911
477	916
477	917
477	940
477	954
477	955
477	1014
477	1015
477	1028
477	1043
477	1049
477	1056
477	1062
477	1063
477	1064
477	1071
477	1076
477	1077
477	1078
477	1127
477	1156
477	1181
477	1214
477	1238
477	1242
477	1264
477	1318
477	1321
477	1322
477	1323
477	1346
477	1347
477	1350
477	1351
477	1386
477	1387
477	1388
477	1390
477	1404
477	1431
477	1432
477	1440
477	1441
477	1482
477	1518
477	1535
477	1547
477	1600
477	1601
477	1602
477	1605
477	1609
477	1610
477	1611
477	1645
477	1646
477	1647
478	479
478	480
478	482
478	508
478	536
478	539
478	541
478	543
478	586
478	616
478	630
478	643
478	703
478	719
478	764
478	765
478	772
478	837
478	850
478	856
478	864
478	865
478	877
478	887
478	921
478	945
478	949
478	950
478	993
478	994
478	1029
478	1047
478	1048
478	1057
478	1079
478	1085
478	1086
478	1087
478	1101
478	1102
478	1103
478	1111
478	1117
478	1118
478	1119
478	1184
478	1216
478	1217
478	1263
478	1278
478	1326
478	1327
478	1333
478	1354
478	1370
478	1391
478	1392
478	1393
478	1394
478	1403
478	1445
478	1446
478	1447
478	1452
478	1453
478	1454
478	1519
478	1520
478	1521
478	1549
478	1566
478	1583
478	1584
478	1607
478	1612
478	1615
478	1616
478	1648
478	1649
478	1650
479	483
479	492
479	522
479	526
479	527
479	536
479	540
479	573
479	616
479	630
479	643
479	646
479	647
479	682
479	703
479	707
479	708
479	716
479	719
479	732
479	741
479	762
479	766
479	767
479	808
479	844
479	862
479	866
479	884
479	913
479	914
479	918
479	919
479	922
479	923
479	946
479	959
479	970
479	971
479	991
479	993
479	994
479	1019
479	1026
479	1029
479	1032
479	1045
479	1047
479	1048
479	1074
479	1075
479	1079
479	1080
479	1081
479	1088
479	1101
479	1102
479	1103
479	1112
479	1117
479	1185
479	1216
479	1217
479	1240
479	1247
479	1250
479	1292
479	1324
479	1326
479	1327
479	1333
479	1352
479	1355
479	1389
479	1391
479	1392
479	1412
479	1442
479	1445
479	1446
479	1447
479	1452
479	1453
479	1454
479	1489
479	1529
479	1549
479	1550
479	1553
479	1583
479	1607
479	1612
479	1613
479	1614
479	1617
479	1618
479	1619
479	1648
479	1649
480	481
480	515
480	516
480	539
480	540
480	543
480	603
480	631
480	652
480	659
480	672
480	684
480	692
480	693
480	711
480	712
480	741
480	748
480	764
480	772
480	779
480	809
480	838
480	848
480	858
480	872
480	881
480	882
480	885
480	918
480	924
480	925
480	931
480	932
480	943
480	949
480	963
480	964
480	968
480	972
480	997
480	1006
480	1008
480	1022
480	1023
480	1024
480	1030
480	1031
480	1052
480	1072
480	1081
480	1093
480	1094
480	1095
480	1101
480	1106
480	1107
480	1119
480	1158
480	1200
480	1201
480	1212
480	1220
480	1240
480	1255
480	1276
480	1278
480	1316
480	1317
480	1330
480	1359
480	1365
480	1395
480	1396
480	1401
480	1436
480	1437
480	1438
480	1449
480	1450
480	1451
480	1455
480	1485
480	1515
480	1520
480	1539
480	1558
480	1574
480	1575
480	1578
480	1581
480	1603
480	1609
480	1620
480	1626
480	1627
480	1628
480	1642
480	1643
480	1644
481	505
481	537
481	539
481	576
481	586
481	633
481	648
481	654
481	655
481	672
481	684
481	753
481	759
481	772
481	815
481	816
481	845
481	846
481	857
481	860
481	867
481	868
481	869
481	870
481	873
481	874
481	875
481	886
481	924
481	925
481	926
481	927
481	934
481	935
481	963
481	964
481	1018
481	1022
481	1023
481	1030
481	1031
481	1038
481	1052
481	1089
481	1090
481	1098
481	1099
481	1100
481	1106
481	1128
481	1160
481	1187
481	1221
481	1255
481	1263
481	1296
481	1328
481	1331
481	1332
481	1356
481	1357
481	1361
481	1362
481	1393
481	1394
481	1395
481	1396
481	1436
481	1437
481	1487
481	1519
481	1558
481	1574
481	1578
481	1610
481	1611
481	1620
481	1621
481	1622
481	1631
481	1632
481	1642
482	483
482	541
482	542
482	543
482	612
482	630
482	641
482	673
482	704
482	755
482	764
482	833
482	862
482	876
482	878
482	879
482	884
482	888
482	913
482	914
482	931
482	938
482	939
482	945
482	946
482	947
482	976
482	977
482	1019
482	1032
482	1034
482	1045
482	1057
482	1082
482	1085
482	1086
482	1087
482	1101
482	1102
482	1103
482	1111
482	1112
482	1113
482	1117
482	1212
482	1260
482	1333
482	1334
482	1335
482	1367
482	1397
482	1398
482	1399
482	1400
482	1401
482	1415
482	1445
482	1446
482	1447
482	1452
482	1453
482	1454
482	1521
482	1580
482	1581
482	1583
482	1612
482	1613
482	1636
482	1637
482	1638
482	1648
482	1649
482	1650
483	519
483	536
483	541
483	573
483	612
483	630
483	641
483	657
483	658
483	673
483	704
483	777
483	802
483	803
483	843
483	856
483	857
483	874
483	880
483	887
483	896
483	913
483	914
483	915
483	940
483	941
483	942
483	945
483	946
483	976
483	977
483	1019
483	1026
483	1029
483	1032
483	1034
483	1045
483	1057
483	1074
483	1075
483	1079
483	1082
483	1085
483	1086
483	1087
483	1104
483	1105
483	1155
483	1162
483	1189
483	1222
483	1246
483	1289
483	1321
483	1333
483	1334
483	1335
483	1348
483	1349
483	1363
483	1364
483	1386
483	1397
483	1398
483	1399
483	1400
483	1402
483	1415
483	1445
483	1446
483	1447
483	1452
483	1453
483	1454
483	1489
483	1521
483	1545
483	1549
483	1607
483	1608
483	1612
483	1613
483	1639
483	1640
483	1641
483	1649
483	1650
484	488
484	497
484	509
484	510
484	527
484	543
484	549
484	556
484	561
484	562
484	572
484	615
484	618
484	619
484	672
484	673
484	674
484	724
484	731
484	732
484	733
484	734
484	735
484	750
484	764
484	782
484	783
484	814
484	831
484	891
484	895
484	899
484	904
484	951
484	964
484	977
484	1018
484	1021
484	1061
484	1069
484	1070
484	1082
484	1083
484	1084
484	1085
484	1102
484	1121
484	1150
484	1171
484	1199
484	1224
484	1227
484	1228
484	1235
484	1258
484	1259
484	1281
484	1288
484	1307
484	1345
484	1351
484	1353
484	1406
484	1407
484	1408
484	1412
484	1413
484	1414
484	1461
484	1462
484	1494
484	1522
484	1523
484	1557
484	1585
484	1586
484	1587
484	1588
484	1589
485	486
485	492
485	493
485	494
485	495
485	502
485	534
485	552
485	568
485	602
485	647
485	650
485	651
485	691
485	709
485	710
485	720
485	737
485	739
485	740
485	751
485	752
485	767
485	768
485	769
485	770
485	771
485	790
485	791
485	808
485	825
485	837
485	942
485	952
485	979
485	1000
485	1017
485	1048
485	1060
485	1061
485	1088
485	1091
485	1092
485	1104
485	1105
485	1138
485	1184
485	1185
485	1219
485	1239
485	1246
485	1247
485	1254
485	1274
485	1275
485	1284
485	1292
485	1312
485	1377
485	1392
485	1448
485	1464
485	1471
485	1472
485	1473
485	1529
485	1530
485	1531
485	1532
485	1566
485	1593
485	1607
485	1608
486	492
486	493
486	494
486	495
486	535
486	552
486	568
486	572
486	575
486	602
486	622
486	623
486	624
486	677
486	678
486	691
486	720
486	737
486	738
486	739
486	740
486	751
486	752
486	767
486	770
486	771
486	784
486	792
486	793
486	801
486	816
486	910
486	917
486	953
486	979
486	1001
486	1018
486	1023
486	1060
486	1061
486	1071
486	1088
486	1091
486	1092
486	1173
486	1186
486	1187
486	1188
486	1203
486	1224
486	1229
486	1230
486	1233
486	1239
486	1245
486	1248
486	1249
486	1285
486	1293
486	1313
486	1340
486	1355
486	1358
486	1418
486	1423
486	1424
486	1462
486	1463
486	1464
486	1471
486	1472
486	1473
486	1529
486	1530
486	1531
486	1567
486	1593
486	1609
486	1610
486	1611
487	488
487	489
487	515
487	517
487	518
487	534
487	535
487	537
487	570
487	580
487	588
487	589
487	599
487	615
487	642
487	699
487	700
487	701
487	702
487	730
487	731
487	738
487	754
487	759
487	760
487	761
487	768
487	774
487	779
487	788
487	800
487	806
487	823
487	836
487	925
487	932
487	935
487	954
487	984
487	1004
487	1018
487	1058
487	1073
487	1076
487	1077
487	1078
487	1089
487	1098
487	1099
487	1100
487	1107
487	1116
487	1128
487	1160
487	1181
487	1193
487	1194
487	1195
487	1238
487	1242
487	1243
487	1255
487	1256
487	1257
487	1264
487	1272
487	1273
487	1288
487	1318
487	1388
487	1431
487	1432
487	1440
487	1441
487	1465
487	1478
487	1479
487	1501
487	1533
487	1535
487	1536
487	1537
487	1538
487	1570
487	1571
487	1600
487	1601
487	1602
487	1620
487	1621
487	1622
488	490
488	491
488	503
488	516
488	517
488	518
488	534
488	535
488	538
488	552
488	558
488	559
488	570
488	580
488	599
488	614
488	615
488	619
488	632
488	668
488	669
488	670
488	671
488	722
488	726
488	729
488	730
488	731
488	735
488	738
488	744
488	748
488	760
488	761
488	768
488	782
488	813
488	897
488	901
488	925
488	955
488	985
488	1005
488	1018
488	1021
488	1031
488	1058
488	1066
488	1067
488	1068
488	1073
488	1076
488	1077
488	1078
488	1089
488	1107
488	1116
488	1125
488	1129
488	1130
488	1196
488	1197
488	1198
488	1199
488	1226
488	1227
488	1228
488	1230
488	1233
488	1239
488	1258
488	1259
488	1281
488	1287
488	1288
488	1319
488	1351
488	1369
488	1410
488	1411
488	1433
488	1434
488	1435
488	1466
488	1473
488	1478
488	1479
488	1502
488	1534
488	1535
488	1536
488	1537
488	1538
488	1572
488	1573
488	1600
488	1601
488	1602
488	1621
488	1623
488	1624
488	1625
489	490
489	492
489	502
489	539
489	554
489	584
489	594
489	596
489	597
489	604
489	653
489	711
489	712
489	713
489	722
489	743
489	744
489	754
489	761
489	767
489	769
489	772
489	773
489	774
489	792
489	801
489	809
489	826
489	838
489	869
489	873
489	939
489	956
489	968
489	986
489	1006
489	1051
489	1065
489	1090
489	1096
489	1097
489	1106
489	1107
489	1131
489	1163
489	1186
489	1200
489	1201
489	1202
489	1203
489	1257
489	1260
489	1261
489	1268
489	1271
489	1276
489	1277
489	1320
489	1359
489	1360
489	1379
489	1436
489	1437
489	1438
489	1449
489	1450
489	1451
489	1467
489	1474
489	1480
489	1481
489	1503
489	1539
489	1540
489	1541
489	1542
489	1543
489	1574
489	1575
489	1603
489	1604
489	1622
489	1626
489	1627
489	1628
490	493
490	502
490	504
490	540
490	554
490	565
490	584
490	604
490	627
490	632
490	679
490	680
490	722
490	731
490	737
490	741
490	742
490	743
490	744
490	754
490	769
490	773
490	774
490	817
490	869
490	873
490	906
490	969
490	987
490	1007
490	1031
490	1065
490	1072
490	1073
490	1090
490	1096
490	1097
490	1132
490	1133
490	1175
490	1204
490	1205
490	1206
490	1226
490	1231
490	1232
490	1237
490	1262
490	1287
490	1342
490	1360
490	1369
490	1419
490	1420
490	1421
490	1439
490	1468
490	1475
490	1480
490	1481
490	1504
490	1539
490	1540
490	1541
490	1542
490	1544
490	1576
490	1577
490	1603
490	1604
490	1622
490	1629
490	1630
491	493
491	495
491	520
491	521
491	544
491	551
491	552
491	559
491	569
491	576
491	610
491	611
491	664
491	665
491	720
491	725
491	726
491	731
491	737
491	739
491	770
491	806
491	807
491	811
491	830
491	889
491	893
491	897
491	901
491	928
491	932
491	958
491	973
491	1010
491	1013
491	1015
491	1028
491	1042
491	1059
491	1062
491	1063
491	1064
491	1071
491	1109
491	1122
491	1139
491	1140
491	1147
491	1170
491	1194
491	1214
491	1215
491	1230
491	1255
491	1256
491	1272
491	1273
491	1283
491	1290
491	1291
491	1323
491	1347
491	1364
491	1366
491	1411
491	1466
491	1472
491	1473
491	1485
491	1486
491	1487
491	1488
491	1509
491	1546
491	1547
491	1548
491	1589
491	1593
491	1609
491	1610
491	1611
491	1624
491	1645
491	1646
491	1647
492	493
492	494
492	495
492	508
492	522
492	523
492	543
492	550
492	565
492	573
492	582
492	593
492	594
492	597
492	602
492	622
492	646
492	647
492	651
492	658
492	687
492	688
492	705
492	706
492	707
492	708
492	720
492	736
492	737
492	740
492	751
492	752
492	764
492	765
492	766
492	767
492	771
492	774
492	790
492	808
492	824
492	844
492	866
492	923
492	939
492	959
492	974
492	983
492	991
492	1009
492	1048
492	1055
492	1060
492	1061
492	1087
492	1088
492	1091
492	1092
492	1101
492	1102
492	1103
492	1110
492	1185
492	1216
492	1217
492	1218
492	1219
492	1237
492	1246
492	1247
492	1250
492	1268
492	1271
492	1274
492	1275
492	1284
492	1289
492	1292
492	1293
492	1324
492	1352
492	1355
492	1373
492	1392
492	1400
492	1429
492	1445
492	1446
492	1447
492	1452
492	1453
492	1454
492	1467
492	1471
492	1474
492	1475
492	1489
492	1490
492	1491
492	1510
492	1532
492	1549
492	1550
492	1551
492	1552
492	1553
492	1583
492	1584
492	1612
492	1613
492	1614
492	1625
492	1648
493	494
493	495
493	522
493	523
493	550
493	564
493	565
493	573
493	582
493	594
493	621
493	622
493	624
493	647
493	675
493	676
493	687
493	688
493	720
493	726
493	736
493	737
493	740
493	744
493	751
493	752
493	766
493	767
493	771
493	809
493	810
493	815
493	844
493	866
493	906
493	918
493	923
493	960
493	975
493	983
493	1023
493	1060
493	1061
493	1088
493	1091
493	1092
493	1110
493	1126
493	1141
493	1142
493	1152
493	1172
493	1201
493	1220
493	1221
493	1237
493	1251
493	1260
493	1261
493	1268
493	1276
493	1277
493	1285
493	1290
493	1292
493	1293
493	1325
493	1338
493	1352
493	1355
493	1358
493	1364
493	1392
493	1415
493	1416
493	1417
493	1455
493	1456
493	1457
493	1468
493	1472
493	1474
493	1475
493	1489
493	1490
493	1491
493	1511
493	1532
493	1549
493	1550
493	1551
493	1552
493	1612
493	1613
493	1614
493	1625
494	495
494	508
494	522
494	563
494	578
494	594
494	635
494	647
494	685
494	686
494	720
494	724
494	737
494	740
494	751
494	752
494	754
494	765
494	766
494	767
494	771
494	802
494	833
494	921
494	932
494	961
494	992
494	1034
494	1042
494	1060
494	1061
494	1070
494	1085
494	1086
494	1087
494	1088
494	1091
494	1092
494	1095
494	1222
494	1236
494	1257
494	1267
494	1268
494	1278
494	1279
494	1286
494	1292
494	1373
494	1377
494	1392
494	1428
494	1429
494	1447
494	1458
494	1459
494	1460
494	1469
494	1474
494	1492
494	1549
494	1550
494	1553
494	1649
494	1650
495	523
495	546
495	552
495	563
495	565
495	611
495	622
495	660
495	720
495	722
495	724
495	726
495	736
495	737
495	740
495	751
495	752
495	767
495	771
495	889
495	897
495	962
495	1010
495	1015
495	1060
495	1061
495	1064
495	1087
495	1088
495	1091
495	1092
495	1226
495	1237
495	1252
495	1280
495	1291
495	1293
495	1338
495	1340
495	1355
495	1417
495	1429
495	1470
495	1473
495	1475
495	1492
495	1551
495	1552
495	1553
496	497
496	498
496	501
496	507
496	524
496	526
496	527
496	539
496	540
496	548
496	571
496	581
496	584
496	590
496	591
496	600
496	643
496	644
496	672
496	703
496	704
496	732
496	733
496	741
496	756
496	762
496	763
496	772
496	776
496	780
496	789
496	807
496	811
496	812
496	922
496	928
496	933
496	937
496	964
496	976
496	994
496	1046
496	1062
496	1069
496	1075
496	1079
496	1080
496	1081
496	1093
496	1112
496	1119
496	1134
496	1143
496	1144
496	1161
496	1170
496	1182
496	1215
496	1225
496	1226
496	1244
496	1245
496	1253
496	1265
496	1294
496	1326
496	1380
496	1389
496	1404
496	1405
496	1437
496	1442
496	1443
496	1444
496	1476
496	1495
496	1496
496	1497
496	1512
496	1555
496	1556
496	1557
496	1617
496	1618
496	1619
497	499
497	500
497	503
497	507
497	510
497	525
497	526
497	527
497	539
497	540
497	548
497	554
497	560
497	571
497	581
497	600
497	613
497	616
497	617
497	672
497	673
497	674
497	684
497	723
497	732
497	733
497	734
497	735
497	741
497	746
497	749
497	756
497	762
497	763
497	772
497	783
497	813
497	814
497	831
497	893
497	898
497	903
497	923
497	951
497	963
497	964
497	977
497	1013
497	1017
497	1020
497	1059
497	1062
497	1069
497	1070
497	1075
497	1079
497	1080
497	1081
497	1083
497	1093
497	1112
497	1119
497	1145
497	1171
497	1198
497	1227
497	1228
497	1232
497	1234
497	1254
497	1258
497	1259
497	1295
497	1300
497	1327
497	1343
497	1349
497	1352
497	1406
497	1407
497	1408
497	1412
497	1413
497	1414
497	1437
497	1477
497	1481
497	1495
497	1496
497	1497
497	1523
497	1554
497	1555
497	1556
497	1557
497	1588
497	1589
497	1617
497	1618
497	1619
498	499
498	500
498	502
498	504
498	505
498	506
498	528
498	529
498	555
498	574
498	585
498	598
498	599
498	605
498	654
498	655
498	694
498	714
498	715
498	721
498	723
498	742
498	745
498	746
498	753
498	763
498	769
498	775
498	776
498	793
498	810
498	815
498	816
498	928
498	943
498	978
498	990
498	995
498	1038
498	1052
498	1063
498	1064
498	1067
498	1068
498	1094
498	1095
498	1098
498	1099
498	1100
498	1108
498	1109
498	1110
498	1113
498	1139
498	1146
498	1147
498	1164
498	1172
498	1173
498	1187
498	1221
498	1229
498	1230
498	1248
498	1249
498	1269
498	1273
498	1296
498	1328
498	1378
498	1380
498	1396
498	1422
498	1433
498	1438
498	1478
498	1498
498	1499
498	1500
498	1513
498	1558
498	1559
498	1560
498	1590
498	1591
498	1592
498	1620
498	1621
498	1622
499	500
499	504
499	505
499	506
499	528
499	529
499	555
499	567
499	570
499	574
499	585
499	605
499	626
499	628
499	681
499	684
499	694
499	721
499	723
499	733
499	742
499	745
499	746
499	753
499	775
499	776
499	817
499	818
499	832
499	893
499	908
499	911
499	963
499	990
499	996
499	1013
499	1025
499	1063
499	1064
499	1067
499	1068
499	1083
499	1094
499	1095
499	1098
499	1099
499	1100
499	1113
499	1148
499	1149
499	1153
499	1174
499	1175
499	1206
499	1228
499	1231
499	1232
499	1238
499	1243
499	1262
499	1301
499	1329
499	1343
499	1359
499	1362
499	1379
499	1406
499	1409
499	1422
499	1438
499	1479
499	1482
499	1498
499	1499
499	1500
499	1558
499	1559
499	1560
499	1561
499	1620
499	1621
499	1622
500	504
500	505
500	506
500	529
500	547
500	581
500	607
500	636
500	663
500	670
500	671
500	672
500	721
500	723
500	724
500	733
500	742
500	745
500	746
500	753
500	776
500	785
500	799
500	819
500	820
500	848
500	872
500	890
500	892
500	893
500	897
500	903
500	928
500	929
500	930
500	932
500	955
500	964
500	980
500	985
500	1012
500	1013
500	1015
500	1020
500	1039
500	1040
500	1042
500	1059
500	1060
500	1061
500	1063
500	1064
500	1066
500	1067
500	1068
500	1069
500	1094
500	1095
500	1099
500	1100
500	1121
500	1125
500	1130
500	1150
500	1168
500	1176
500	1179
500	1191
500	1223
500	1224
500	1227
500	1228
500	1234
500	1235
500	1243
500	1254
500	1258
500	1259
500	1297
500	1309
500	1341
500	1343
500	1362
500	1380
500	1381
500	1382
500	1406
500	1407
500	1408
500	1411
500	1412
500	1413
500	1414
500	1422
500	1497
500	1514
500	1560
500	1561
500	1593
500	1594
500	1595
500	1596
500	1623
500	1624
500	1625
501	502
501	507
501	513
501	530
501	532
501	533
501	545
501	554
501	577
501	583
501	584
501	591
501	596
501	604
501	638
501	696
501	697
501	698
501	717
501	727
501	743
501	756
501	757
501	758
501	763
501	769
501	773
501	787
501	821
501	822
501	835
501	898
501	922
501	933
501	937
501	948
501	965
501	981
501	998
501	1036
501	1041
501	1072
501	1073
501	1077
501	1096
501	1097
501	1115
501	1132
501	1159
501	1180
501	1240
501	1241
501	1270
501	1271
501	1277
501	1298
501	1303
501	1330
501	1375
501	1384
501	1419
501	1420
501	1421
501	1439
501	1456
501	1476
501	1480
501	1481
501	1503
501	1504
501	1505
501	1506
501	1526
501	1562
501	1564
501	1565
501	1603
501	1604
501	1629
501	1630
502	508
502	534
502	535
502	551
502	567
502	595
502	599
502	601
502	604
502	648
502	649
502	667
502	689
502	690
502	698
502	709
502	710
502	717
502	722
502	738
502	744
502	754
502	765
502	768
502	769
502	770
502	771
502	774
502	776
502	791
502	808
502	824
502	825
502	837
502	948
502	952
502	965
502	981
502	982
502	988
502	1000
502	1036
502	1049
502	1065
502	1078
502	1089
502	1090
502	1097
502	1104
502	1105
502	1115
502	1116
502	1137
502	1155
502	1162
502	1184
502	1185
502	1218
502	1238
502	1246
502	1247
502	1253
502	1263
502	1269
502	1273
502	1274
502	1275
502	1277
502	1299
502	1331
502	1375
502	1391
502	1394
502	1448
502	1456
502	1478
502	1480
502	1482
502	1507
502	1508
502	1509
502	1517
502	1529
502	1543
502	1566
502	1567
502	1568
502	1607
502	1608
502	1631
502	1632
503	504
503	506
503	518
503	528
503	529
503	536
503	537
503	538
503	547
503	550
503	557
503	579
503	598
503	612
503	613
503	617
503	668
503	669
503	670
503	671
503	683
503	700
503	721
503	729
503	730
503	731
503	733
503	742
503	745
503	759
503	775
503	782
503	813
503	831
503	896
503	955
503	967
503	985
503	1005
503	1012
503	1017
503	1020
503	1058
503	1066
503	1067
503	1068
503	1074
503	1075
503	1080
503	1098
503	1113
503	1118
503	1157
503	1171
503	1196
503	1197
503	1198
503	1199
503	1227
503	1228
503	1258
503	1259
503	1295
503	1300
503	1335
503	1349
503	1410
503	1411
503	1426
503	1433
503	1434
503	1435
503	1484
503	1491
503	1513
503	1514
503	1537
503	1538
503	1569
503	1570
503	1571
503	1572
503	1573
503	1623
503	1624
503	1625
503	1631
503	1639
503	1640
503	1641
504	505
504	506
504	539
504	540
504	553
504	563
504	569
504	583
504	603
504	625
504	626
504	670
504	679
504	680
504	683
504	701
504	712
504	721
504	723
504	741
504	742
504	743
504	744
504	746
504	753
504	772
504	776
504	817
504	832
504	848
504	872
504	932
504	967
504	968
504	969
504	984
504	985
504	987
504	1007
504	1025
504	1042
504	1063
504	1064
504	1067
504	1068
504	1072
504	1073
504	1080
504	1081
504	1093
504	1094
504	1095
504	1099
504	1100
504	1119
504	1159
504	1174
504	1204
504	1205
504	1206
504	1231
504	1232
504	1236
504	1241
504	1262
504	1301
504	1336
504	1341
504	1359
504	1362
504	1365
504	1404
504	1411
504	1419
504	1420
504	1421
504	1426
504	1439
504	1441
504	1449
504	1486
504	1492
504	1515
504	1516
504	1541
504	1542
504	1574
504	1575
504	1576
504	1577
504	1579
504	1593
504	1629
504	1630
504	1632
504	1642
504	1643
504	1644
505	506
505	539
505	566
505	576
505	595
505	648
505	665
505	689
505	690
505	700
505	712
505	721
505	723
505	742
505	746
505	753
505	754
505	772
505	776
505	804
505	830
505	834
505	924
505	925
505	958
505	968
505	988
505	1018
505	1038
505	1062
505	1063
505	1064
505	1067
505	1068
505	1089
505	1090
505	1094
505	1095
505	1098
505	1099
505	1100
505	1128
505	1160
505	1207
505	1214
505	1238
505	1252
505	1255
505	1256
505	1263
505	1264
505	1269
505	1272
505	1273
505	1331
505	1378
505	1380
505	1395
505	1396
505	1431
505	1432
505	1440
505	1441
505	1449
505	1487
505	1517
505	1518
505	1543
505	1547
505	1574
505	1575
505	1578
505	1579
505	1610
505	1631
505	1632
505	1645
505	1646
505	1647
506	540
506	544
506	566
506	595
506	607
506	613
506	626
506	661
506	662
506	665
506	669
506	680
506	721
506	722
506	723
506	741
506	742
506	746
506	753
506	776
506	798
506	829
506	925
506	958
506	969
506	989
506	1012
506	1013
506	1017
506	1018
506	1058
506	1062
506	1063
506	1064
506	1066
506	1067
506	1068
506	1094
506	1095
506	1099
506	1100
506	1143
506	1161
506	1208
506	1209
506	1223
506	1241
506	1253
506	1256
506	1265
506	1266
506	1297
506	1300
506	1301
506	1341
506	1343
506	1359
506	1404
506	1405
506	1419
506	1442
506	1443
506	1444
506	1488
506	1517
506	1518
506	1544
506	1576
506	1577
506	1578
506	1579
506	1633
506	1634
506	1635
506	1645
506	1646
506	1647
507	508
507	541
507	542
507	550
507	582
507	587
507	609
507	637
507	638
507	664
507	692
507	693
507	694
507	695
507	716
507	733
507	755
507	756
507	763
507	765
507	786
507	821
507	835
507	896
507	903
507	931
507	937
507	946
507	957
507	970
507	972
507	973
507	990
507	1008
507	1014
507	1020
507	1041
507	1046
507	1062
507	1069
507	1081
507	1083
507	1085
507	1093
507	1094
507	1095
507	1103
507	1112
507	1131
507	1158
507	1163
507	1180
507	1212
507	1213
507	1240
507	1241
507	1261
507	1270
507	1271
507	1298
507	1303
507	1304
507	1337
507	1384
507	1398
507	1401
507	1413
507	1427
507	1436
507	1437
507	1438
507	1443
507	1449
507	1450
507	1451
507	1453
507	1483
507	1490
507	1491
507	1520
507	1580
507	1581
507	1582
507	1595
507	1614
507	1634
507	1642
507	1643
507	1644
508	522
508	543
508	563
508	620
508	649
508	673
508	675
508	685
508	686
508	704
508	705
508	706
508	707
508	708
508	716
508	724
508	751
508	756
508	764
508	765
508	766
508	767
508	769
508	790
508	824
508	837
508	850
508	864
508	865
508	877
508	921
508	946
508	959
508	961
508	970
508	974
508	975
508	976
508	977
508	991
508	992
508	1009
508	1032
508	1034
508	1070
508	1084
508	1085
508	1086
508	1087
508	1101
508	1102
508	1103
508	1112
508	1136
508	1165
508	1184
508	1216
508	1217
508	1218
508	1219
508	1236
508	1246
508	1247
508	1252
508	1267
508	1274
508	1275
508	1278
508	1299
508	1305
508	1354
508	1370
508	1372
508	1391
508	1394
508	1398
508	1414
508	1415
508	1428
508	1444
508	1445
508	1446
508	1447
508	1452
508	1453
508	1454
508	1485
508	1492
508	1521
508	1549
508	1550
508	1553
508	1583
508	1584
508	1596
508	1635
508	1648
508	1649
508	1650
509	510
509	512
509	516
509	525
509	541
509	542
509	561
509	562
509	571
509	574
509	618
509	631
509	673
509	684
509	734
509	735
509	747
509	748
509	749
509	750
509	755
509	820
509	912
509	916
509	920
509	963
509	977
509	1030
509	1033
509	1082
509	1083
509	1084
509	1101
509	1102
509	1168
509	1169
509	1223
509	1224
509	1235
509	1248
509	1266
509	1307
509	1317
509	1353
509	1368
509	1371
509	1414
509	1461
509	1494
509	1496
509	1499
509	1522
509	1523
509	1554
509	1585
509	1586
509	1587
510	514
510	518
510	525
510	527
510	541
510	542
510	548
510	549
510	555
510	561
510	562
510	572
510	592
510	608
510	614
510	618
510	619
510	645
510	663
510	672
510	673
510	674
510	675
510	684
510	704
510	706
510	728
510	730
510	732
510	733
510	734
510	735
510	749
510	750
510	755
510	782
510	783
510	814
510	831
510	852
510	863
510	891
510	894
510	919
510	951
510	963
510	964
510	974
510	975
510	976
510	977
510	980
510	1032
510	1034
510	1060
510	1069
510	1070
510	1082
510	1083
510	1084
510	1085
510	1101
510	1102
510	1121
510	1150
510	1171
510	1199
510	1224
510	1227
510	1228
510	1235
510	1258
510	1259
510	1266
510	1281
510	1306
510	1307
510	1319
510	1344
510	1350
510	1353
510	1371
510	1373
510	1390
510	1406
510	1407
510	1408
510	1412
510	1413
510	1414
510	1415
510	1444
510	1445
510	1461
510	1462
510	1493
510	1494
510	1522
510	1523
510	1554
510	1557
510	1585
510	1586
510	1587
510	1588
510	1589
510	1597
510	1636
511	512
511	513
511	514
511	519
511	520
511	521
511	530
511	559
511	589
511	605
511	639
511	650
511	657
511	698
511	714
511	717
511	725
511	728
511	747
511	758
511	770
511	777
511	778
511	795
511	828
511	916
511	941
511	965
511	981
511	995
511	997
511	1049
511	1054
511	1056
511	1071
511	1104
511	1105
511	1108
511	1109
511	1110
511	1114
511	1115
511	1116
511	1126
511	1142
511	1177
511	1178
511	1236
511	1237
511	1248
511	1251
511	1262
511	1279
511	1310
511	1312
511	1321
511	1385
511	1399
511	1402
511	1415
511	1416
511	1417
511	1455
511	1456
511	1457
511	1465
511	1466
511	1498
511	1524
511	1525
511	1526
511	1562
511	1590
511	1591
511	1592
511	1597
511	1598
511	1599
512	513
512	514
512	519
512	520
512	521
512	531
512	559
512	574
512	575
512	589
512	615
512	623
512	667
512	714
512	725
512	728
512	739
512	747
512	750
512	758
512	777
512	778
512	785
512	793
512	909
512	916
512	917
512	920
512	982
512	995
512	1028
512	1049
512	1071
512	1076
512	1077
512	1078
512	1104
512	1105
512	1108
512	1109
512	1110
512	1127
512	1156
512	1173
512	1179
512	1229
512	1230
512	1233
512	1238
512	1239
512	1248
512	1249
512	1264
512	1288
512	1311
512	1313
512	1322
512	1346
512	1347
512	1363
512	1366
512	1418
512	1423
512	1424
512	1463
512	1465
512	1466
512	1499
512	1524
512	1525
512	1527
512	1528
512	1559
512	1563
512	1590
512	1591
512	1592
512	1600
512	1601
512	1602
512	1621
513	514
513	519
513	520
513	521
513	532
513	546
513	578
513	585
513	592
513	597
513	634
513	639
513	640
513	667
513	687
513	696
513	697
513	698
513	725
513	728
513	747
513	757
513	758
513	770
513	777
513	778
513	786
513	787
513	822
513	835
513	898
513	911
513	981
513	982
513	983
513	998
513	1037
513	1043
513	1071
513	1088
513	1096
513	1097
513	1104
513	1105
513	1108
513	1109
513	1133
513	1180
513	1213
513	1240
513	1241
513	1262
513	1266
513	1270
513	1271
513	1282
513	1310
513	1311
513	1314
513	1376
513	1379
513	1385
513	1402
513	1419
513	1420
513	1421
513	1430
513	1439
513	1448
513	1457
513	1467
513	1468
513	1469
513	1470
513	1493
513	1500
513	1524
513	1526
513	1527
513	1528
513	1564
513	1600
513	1603
513	1604
513	1639
514	519
514	520
514	521
514	533
514	546
514	555
514	556
514	561
514	578
514	597
514	606
514	610
514	639
514	666
514	667
514	698
514	725
514	727
514	728
514	734
514	739
514	747
514	758
514	777
514	778
514	781
514	788
514	789
514	800
514	812
514	899
514	911
514	916
514	981
514	982
514	999
514	1011
514	1065
514	1071
514	1104
514	1105
514	1108
514	1109
514	1124
514	1149
514	1181
514	1182
514	1183
514	1225
514	1226
514	1235
514	1242
514	1243
514	1244
514	1245
514	1248
514	1257
514	1283
514	1310
514	1311
514	1315
514	1323
514	1339
514	1346
514	1366
514	1379
514	1385
514	1409
514	1422
514	1424
514	1448
514	1467
514	1468
514	1469
514	1470
514	1494
514	1525
514	1526
514	1527
514	1528
514	1565
514	1600
514	1605
514	1606
514	1639
515	516
515	517
515	518
515	519
515	530
515	531
515	532
515	533
515	560
515	588
515	591
515	596
515	601
515	659
515	701
515	718
515	727
515	730
515	748
515	757
515	760
515	761
515	773
515	777
515	779
515	796
515	881
515	885
515	949
515	966
515	984
515	986
515	1002
515	1030
515	1050
515	1072
515	1073
515	1076
515	1077
515	1106
515	1107
515	1114
515	1115
515	1116
515	1117
515	1118
515	1119
515	1190
515	1252
515	1264
515	1274
515	1279
515	1280
515	1316
515	1368
515	1387
515	1428
515	1429
515	1441
515	1458
515	1459
515	1460
515	1476
515	1477
515	1501
515	1503
515	1507
515	1533
515	1534
515	1535
515	1536
515	1597
515	1598
515	1599
515	1615
515	1616
516	517
516	518
516	520
516	530
516	531
516	532
516	533
516	536
516	558
516	560
516	591
516	631
516	632
516	670
516	672
516	683
516	727
516	730
516	731
516	743
516	748
516	750
516	757
516	760
516	779
516	798
516	799
516	819
516	849
516	853
516	881
516	885
516	905
516	906
516	915
516	918
516	964
516	967
516	985
516	987
516	1003
516	1022
516	1023
516	1030
516	1031
516	1033
516	1072
516	1073
516	1076
516	1077
516	1079
516	1080
516	1081
516	1106
516	1107
516	1114
516	1115
516	1116
516	1176
516	1191
516	1192
516	1209
516	1233
516	1234
516	1251
516	1253
516	1254
516	1265
516	1287
516	1317
516	1350
516	1368
516	1369
516	1371
516	1384
516	1411
516	1425
516	1426
516	1427
516	1430
516	1437
516	1476
516	1477
516	1502
516	1504
516	1508
516	1533
516	1534
516	1537
516	1538
516	1569
516	1597
516	1598
516	1599
516	1617
516	1618
516	1619
517	518
517	530
517	531
517	532
517	533
517	537
517	558
517	570
517	577
517	580
517	588
517	589
517	599
517	642
517	645
517	670
517	680
517	689
517	699
517	700
517	701
517	702
517	712
517	727
517	730
517	731
517	748
517	757
517	759
517	760
517	761
517	773
517	779
517	788
517	800
517	806
517	823
517	836
517	926
517	934
517	954
517	968
517	969
517	984
517	985
517	988
517	1004
517	1042
517	1058
517	1072
517	1073
517	1076
517	1077
517	1078
517	1089
517	1090
517	1098
517	1099
517	1100
517	1106
517	1107
517	1114
517	1115
517	1128
517	1160
517	1181
517	1193
517	1194
517	1195
517	1233
517	1238
517	1242
517	1243
517	1255
517	1256
517	1257
517	1264
517	1272
517	1273
517	1279
517	1306
517	1318
517	1387
517	1390
517	1411
517	1419
517	1431
517	1432
517	1440
517	1441
517	1449
517	1460
517	1465
517	1478
517	1479
517	1501
517	1502
517	1505
517	1533
517	1535
517	1536
517	1537
517	1538
517	1563
517	1570
517	1571
517	1600
517	1601
517	1602
517	1620
517	1621
517	1622
518	521
518	530
518	531
518	532
518	533
518	538
518	545
518	551
518	558
518	559
518	570
518	580
518	588
518	599
518	614
518	615
518	618
518	661
518	668
518	669
518	670
518	671
518	680
518	701
518	712
518	725
518	727
518	729
518	730
518	731
518	734
518	743
518	748
518	757
518	760
518	761
518	779
518	782
518	813
518	900
518	955
518	968
518	969
518	984
518	985
518	989
518	1005
518	1018
518	1030
518	1042
518	1058
518	1066
518	1067
518	1068
518	1072
518	1073
518	1076
518	1077
518	1078
518	1089
518	1106
518	1107
518	1114
518	1115
518	1125
518	1129
518	1130
518	1196
518	1197
518	1198
518	1199
518	1225
518	1227
518	1228
518	1229
518	1233
518	1239
518	1251
518	1258
518	1259
518	1264
518	1288
518	1307
518	1319
518	1350
518	1353
518	1368
518	1405
518	1410
518	1411
518	1419
518	1427
518	1433
518	1434
518	1435
518	1441
518	1449
518	1466
518	1478
518	1479
518	1501
518	1502
518	1506
518	1509
518	1534
518	1535
518	1536
518	1537
518	1538
518	1563
518	1572
518	1573
518	1600
518	1601
518	1602
518	1623
518	1624
518	1625
519	520
519	521
519	522
519	541
519	557
519	573
519	587
519	601
519	602
519	629
519	657
519	658
519	694
519	707
519	709
519	716
519	725
519	728
519	747
519	758
519	766
519	777
519	778
519	779
519	794
519	802
519	803
519	827
519	834
519	911
519	913
519	914
519	915
519	938
519	943
519	949
519	970
519	990
519	991
519	1000
519	1026
519	1027
519	1047
519	1052
519	1054
519	1055
519	1056
519	1071
519	1103
519	1104
519	1105
519	1108
519	1109
519	1111
519	1112
519	1113
519	1136
519	1155
519	1162
519	1165
519	1189
519	1207
519	1210
519	1211
519	1222
519	1246
519	1247
519	1250
519	1267
519	1268
519	1274
519	1275
519	1278
519	1279
519	1289
519	1302
519	1321
519	1363
519	1399
519	1400
519	1402
519	1438
519	1445
519	1446
519	1447
519	1448
519	1452
519	1453
519	1454
519	1471
519	1483
519	1484
519	1489
519	1507
519	1545
519	1546
519	1580
519	1607
519	1608
519	1636
519	1637
519	1638
519	1639
520	521
520	523
520	557
520	587
520	613
520	669
520	682
520	700
520	709
520	725
520	726
520	728
520	736
520	747
520	748
520	758
520	777
520	778
520	791
520	804
520	805
520	825
520	857
520	874
520	905
520	911
520	915
520	918
520	943
520	971
520	1000
520	1022
520	1028
520	1052
520	1054
520	1071
520	1074
520	1075
520	1104
520	1105
520	1108
520	1109
520	1137
520	1138
520	1229
520	1251
520	1263
520	1269
520	1274
520	1290
520	1300
520	1322
520	1346
520	1349
520	1363
520	1364
520	1366
520	1399
520	1448
520	1472
520	1483
520	1484
520	1508
520	1545
520	1546
520	1547
520	1548
520	1607
520	1608
520	1631
520	1639
520	1640
520	1641
521	523
521	544
521	551
521	552
521	558
521	569
521	576
521	610
521	611
521	664
521	665
521	694
521	725
521	726
521	728
521	730
521	736
521	747
521	758
521	777
521	778
521	806
521	807
521	811
521	830
521	897
521	900
521	915
521	958
521	973
521	990
521	1015
521	1028
521	1059
521	1062
521	1063
521	1064
521	1071
521	1104
521	1105
521	1108
521	1109
521	1122
521	1139
521	1140
521	1147
521	1170
521	1194
521	1214
521	1215
521	1229
521	1233
521	1255
521	1256
521	1272
521	1273
521	1291
521	1311
521	1323
521	1346
521	1363
521	1366
521	1422
521	1438
521	1473
521	1485
521	1486
521	1487
521	1488
521	1502
521	1509
521	1546
521	1547
521	1548
521	1609
521	1610
521	1611
521	1645
521	1646
521	1647
522	523
522	543
522	550
522	573
522	582
522	593
522	594
522	596
522	646
522	647
522	650
522	685
522	705
522	706
522	707
522	708
522	736
522	737
522	751
522	764
522	765
522	766
522	767
522	770
522	773
522	777
522	790
522	808
522	824
522	938
522	959
522	974
522	991
522	992
522	1009
522	1047
522	1054
522	1060
522	1086
522	1088
522	1091
522	1101
522	1102
522	1103
522	1110
522	1113
522	1185
522	1216
522	1217
522	1218
522	1219
522	1246
522	1247
522	1250
522	1268
522	1270
522	1274
522	1275
522	1292
522	1312
522	1324
522	1392
522	1399
522	1445
522	1446
522	1447
522	1452
522	1453
522	1454
522	1474
522	1489
522	1490
522	1491
522	1503
522	1510
522	1549
522	1550
522	1551
522	1552
522	1553
522	1583
522	1584
522	1612
522	1613
522	1614
522	1648
523	550
523	564
523	565
523	573
523	582
523	621
523	622
523	623
523	675
523	676
523	707
523	720
523	725
523	736
523	737
523	739
523	743
523	766
523	767
523	809
523	810
523	815
523	905
523	915
523	918
523	960
523	975
523	991
523	1022
523	1060
523	1088
523	1091
523	1103
523	1110
523	1126
523	1141
523	1142
523	1152
523	1172
523	1201
523	1220
523	1221
523	1237
523	1251
523	1260
523	1261
523	1276
523	1277
523	1293
523	1313
523	1325
523	1355
523	1363
523	1415
523	1416
523	1417
523	1455
523	1456
523	1457
523	1475
523	1489
523	1490
523	1491
523	1504
523	1511
523	1549
523	1550
523	1551
523	1552
523	1612
523	1613
523	1614
524	525
524	526
524	527
524	528
524	530
524	536
524	537
524	538
524	541
524	561
524	590
524	592
524	598
524	603
524	643
524	654
524	719
524	729
524	732
524	749
524	759
524	762
524	763
524	775
524	780
524	797
524	943
524	947
524	950
524	993
524	1052
524	1057
524	1074
524	1075
524	1079
524	1080
524	1082
524	1108
524	1111
524	1112
524	1117
524	1118
524	1119
524	1167
524	1265
524	1276
524	1280
524	1326
524	1328
524	1389
524	1403
524	1442
524	1493
524	1494
524	1512
524	1513
524	1515
524	1554
524	1555
524	1556
524	1615
524	1616
525	526
525	527
525	529
525	531
525	536
525	537
525	538
525	541
525	561
525	592
525	616
525	628
525	630
525	684
525	729
525	732
525	733
525	734
525	745
525	749
525	750
525	759
525	762
525	780
525	820
525	911
525	919
525	963
525	1029
525	1032
525	1074
525	1075
525	1079
525	1080
525	1082
525	1083
525	1084
525	1102
525	1111
525	1112
525	1117
525	1118
525	1119
525	1168
525	1169
525	1223
525	1224
525	1234
525	1235
525	1266
525	1327
525	1329
525	1333
525	1352
525	1367
525	1370
525	1412
525	1493
525	1494
525	1522
525	1554
525	1557
525	1585
525	1586
525	1587
525	1615
525	1616
526	527
526	528
526	532
526	536
526	537
526	538
526	548
526	571
526	579
526	581
526	583
526	590
526	591
526	600
526	616
526	641
526	643
526	644
526	683
526	703
526	704
526	729
526	732
526	733
526	749
526	757
526	759
526	762
526	763
526	775
526	780
526	789
526	807
526	811
526	812
526	862
526	884
526	922
526	927
526	936
526	967
526	976
526	994
526	1003
526	1045
526	1062
526	1074
526	1075
526	1079
526	1080
526	1081
526	1093
526	1111
526	1112
526	1117
526	1118
526	1134
526	1143
526	1144
526	1161
526	1170
526	1182
526	1215
526	1225
526	1226
526	1234
526	1244
526	1245
526	1253
526	1265
526	1280
526	1294
526	1326
526	1327
526	1334
526	1352
526	1386
526	1389
526	1392
526	1403
526	1404
526	1405
526	1442
526	1443
526	1444
526	1476
526	1495
526	1496
526	1497
526	1512
526	1555
526	1556
526	1557
526	1569
526	1607
526	1617
526	1618
526	1619
526	1648
527	529
527	533
527	536
527	537
527	538
527	547
527	548
527	553
527	560
527	571
527	581
527	590
527	600
527	612
527	616
527	617
527	643
527	672
527	673
527	674
527	683
527	727
527	729
527	732
527	733
527	734
527	735
527	745
527	749
527	759
527	762
527	763
527	780
527	783
527	813
527	814
527	831
527	862
527	884
527	892
527	902
527	923
527	951
527	964
527	967
527	977
527	1003
527	1019
527	1062
527	1069
527	1070
527	1074
527	1075
527	1079
527	1080
527	1081
527	1082
527	1093
527	1111
527	1112
527	1117
527	1118
527	1145
527	1171
527	1198
527	1227
527	1228
527	1231
527	1234
527	1254
527	1258
527	1259
527	1265
527	1295
527	1326
527	1327
527	1335
527	1348
527	1352
527	1370
527	1389
527	1392
527	1406
527	1407
527	1408
527	1412
527	1413
527	1414
527	1477
527	1495
527	1496
527	1497
527	1512
527	1514
527	1516
527	1523
527	1554
527	1555
527	1556
527	1557
527	1569
527	1588
527	1589
527	1607
527	1617
527	1618
527	1619
527	1648
528	529
528	534
528	539
528	555
528	574
528	579
528	585
528	595
528	598
528	599
528	605
528	628
528	652
528	654
528	655
528	714
528	715
528	745
528	746
528	762
528	768
528	772
528	775
528	776
528	780
528	793
528	810
528	815
528	816
528	911
528	915
528	927
528	940
528	943
528	950
528	978
528	995
528	1038
528	1052
528	1054
528	1057
528	1063
528	1066
528	1094
528	1098
528	1099
528	1100
528	1108
528	1109
528	1110
528	1113
528	1139
528	1146
528	1147
528	1164
528	1172
528	1173
528	1187
528	1221
528	1229
528	1230
528	1248
528	1249
528	1272
528	1296
528	1328
528	1329
528	1378
528	1395
528	1448
528	1478
528	1498
528	1499
528	1500
528	1513
528	1517
528	1558
528	1559
528	1560
528	1590
528	1591
528	1592
528	1608
528	1620
528	1621
528	1622
528	1639
529	535
529	540
529	547
529	555
529	566
529	570
529	574
529	585
529	598
529	605
529	625
529	628
529	654
529	681
529	723
529	732
529	738
529	741
529	745
529	746
529	749
529	775
529	776
529	817
529	818
529	832
529	892
529	907
529	911
529	915
529	919
529	943
529	996
529	1024
529	1032
529	1052
529	1054
529	1063
529	1066
529	1082
529	1094
529	1098
529	1099
529	1100
529	1113
529	1148
529	1149
529	1153
529	1174
529	1175
529	1206
529	1227
529	1231
529	1232
529	1242
529	1262
529	1328
529	1329
529	1336
529	1361
529	1379
529	1409
529	1422
529	1448
529	1479
529	1498
529	1499
529	1500
529	1513
529	1514
529	1518
529	1558
529	1559
529	1560
529	1561
529	1608
529	1620
529	1621
529	1622
529	1639
530	531
530	532
530	533
530	534
530	541
530	558
530	588
530	603
530	604
530	648
530	711
530	712
530	717
530	727
530	730
530	748
530	757
530	760
530	768
530	778
530	779
530	780
530	795
530	828
530	881
530	885
530	940
530	947
530	948
530	950
530	965
530	968
530	997
530	1006
530	1049
530	1072
530	1073
530	1076
530	1077
530	1104
530	1106
530	1107
530	1114
530	1115
530	1116
530	1141
530	1151
530	1152
530	1166
530	1177
530	1178
530	1220
530	1236
530	1237
530	1251
530	1260
530	1261
530	1276
530	1277
530	1279
530	1280
530	1330
530	1331
530	1368
530	1383
530	1384
530	1397
530	1401
530	1415
530	1416
530	1417
530	1439
530	1449
530	1455
530	1456
530	1457
530	1480
530	1501
530	1502
530	1515
530	1524
530	1551
530	1562
530	1563
530	1564
530	1597
530	1598
530	1599
530	1626
530	1627
530	1628
531	532
531	533
531	535
531	558
531	588
531	614
531	642
531	711
531	712
531	727
531	730
531	738
531	747
531	748
531	749
531	757
531	760
531	779
531	785
531	792
531	801
531	826
531	855
531	858
531	859
531	882
531	900
531	907
531	919
531	934
531	947
531	968
531	997
531	1006
531	1025
531	1026
531	1071
531	1072
531	1073
531	1076
531	1077
531	1078
531	1106
531	1107
531	1114
531	1115
531	1179
531	1186
531	1202
531	1203
531	1231
531	1233
531	1238
531	1239
531	1264
531	1276
531	1318
531	1319
531	1350
531	1365
531	1387
531	1409
531	1418
531	1423
531	1424
531	1438
531	1449
531	1455
531	1501
531	1502
531	1525
531	1530
531	1540
531	1562
531	1563
531	1565
531	1575
531	1600
531	1601
531	1602
531	1604
531	1609
531	1626
531	1627
531	1628
531	1643
532	533
532	534
532	542
532	545
532	577
532	583
532	584
532	590
532	596
532	633
532	637
532	696
532	697
532	698
532	727
532	730
532	748
532	755
532	757
532	758
532	760
532	762
532	768
532	779
532	787
532	821
532	822
532	835
532	855
532	859
532	933
532	936
532	947
532	981
532	998
532	1035
532	1072
532	1073
532	1076
532	1077
532	1096
532	1097
532	1106
532	1107
532	1114
532	1115
532	1132
532	1159
532	1180
532	1240
532	1241
532	1265
532	1270
532	1271
532	1276
532	1298
532	1330
532	1332
532	1337
532	1374
532	1383
532	1401
532	1419
532	1420
532	1421
532	1439
532	1455
532	1503
532	1504
532	1505
532	1506
532	1512
532	1526
532	1562
532	1564
532	1565
532	1603
532	1604
532	1609
532	1629
532	1630
533	535
533	545
533	553
533	554
533	577
533	596
533	666
533	667
533	727
533	728
533	730
533	732
533	738
533	748
533	757
533	760
533	779
533	781
533	800
533	812
533	823
533	855
533	859
533	898
533	902
533	982
533	999
533	1016
533	1065
533	1072
533	1073
533	1076
533	1077
533	1096
533	1106
533	1107
533	1114
533	1115
533	1123
533	1148
533	1153
533	1154
533	1181
533	1182
533	1183
533	1195
533	1225
533	1226
533	1231
533	1234
533	1242
533	1243
533	1244
533	1245
533	1257
533	1330
533	1365
533	1385
533	1409
533	1422
533	1481
533	1503
533	1504
533	1505
533	1506
533	1516
533	1527
533	1528
533	1563
533	1564
533	1565
533	1605
533	1606
533	1609
533	1629
533	1630
534	535
534	543
534	551
534	595
534	598
534	601
534	633
534	648
534	649
534	709
534	710
534	731
534	738
534	757
534	761
534	764
534	768
534	769
534	770
534	771
534	775
534	791
534	808
534	824
534	825
534	837
534	916
534	940
534	943
534	947
534	952
534	1000
534	1035
534	1049
534	1058
534	1065
534	1078
534	1089
534	1090
534	1097
534	1104
534	1105
534	1114
534	1116
534	1137
534	1155
534	1162
534	1184
534	1185
534	1218
534	1246
534	1247
534	1263
534	1269
534	1272
534	1274
534	1275
534	1276
534	1299
534	1331
534	1332
534	1374
534	1393
534	1448
534	1455
534	1507
534	1508
534	1509
534	1513
534	1517
534	1529
534	1566
534	1567
534	1568
534	1607
534	1608
534	1610
534	1631
534	1632
535	551
535	566
535	567
535	601
535	648
535	677
535	678
535	727
535	731
535	738
535	739
535	740
535	745
535	761
535	768
535	769
535	784
535	801
535	816
535	826
535	907
535	911
535	916
535	953
535	1001
535	1049
535	1058
535	1065
535	1071
535	1076
535	1078
535	1089
535	1090
535	1097
535	1116
535	1127
535	1156
535	1186
535	1187
535	1188
535	1202
535	1229
535	1230
535	1238
535	1242
535	1248
535	1249
535	1264
535	1331
535	1356
535	1418
535	1423
535	1424
535	1482
535	1507
535	1508
535	1509
535	1518
535	1530
535	1531
535	1566
535	1567
535	1609
535	1610
535	1611
535	1631
535	1632
536	537
536	538
536	540
536	590
536	629
536	630
536	682
536	683
536	703
536	716
536	729
536	732
536	741
536	748
536	749
536	759
536	762
536	780
536	819
536	829
536	862
536	876
536	879
536	884
536	902
536	913
536	936
536	938
536	939
536	967
536	970
536	971
536	994
536	1002
536	1003
536	1024
536	1027
536	1029
536	1032
536	1047
536	1048
536	1072
536	1074
536	1075
536	1079
536	1080
536	1081
536	1103
536	1111
536	1112
536	1113
536	1117
536	1118
536	1191
536	1192
536	1208
536	1234
536	1246
536	1250
536	1253
536	1254
536	1265
536	1302
536	1333
536	1348
536	1367
536	1370
536	1398
536	1410
536	1412
536	1425
536	1426
536	1427
536	1430
536	1442
536	1453
536	1458
536	1512
536	1534
536	1569
536	1572
536	1573
536	1594
536	1617
536	1618
536	1619
536	1633
536	1636
536	1637
536	1638
536	1648
537	538
537	539
537	542
537	547
537	579
537	586
537	587
537	598
537	641
537	643
537	682
537	699
537	700
537	701
537	702
537	729
537	732
537	749
537	755
537	759
537	760
537	761
537	762
537	772
537	780
537	788
537	806
537	823
537	830
537	836
537	924
537	954
537	971
537	984
537	1004
537	1045
537	1049
537	1066
537	1074
537	1075
537	1079
537	1080
537	1098
537	1099
537	1100
537	1111
537	1112
537	1117
537	1118
537	1193
537	1194
537	1195
537	1214
537	1242
537	1243
537	1255
537	1256
537	1257
537	1260
537	1263
537	1269
537	1272
537	1273
537	1278
537	1326
537	1334
537	1386
537	1389
537	1431
537	1432
537	1440
537	1441
537	1458
537	1483
537	1513
537	1514
537	1519
537	1535
537	1536
537	1570
537	1571
537	1572
537	1573
537	1620
537	1621
537	1622
537	1639
537	1640
537	1641
538	540
538	547
538	557
538	579
538	586
538	598
538	612
538	613
538	616
538	668
538	669
538	670
538	671
538	682
538	729
538	730
538	731
538	732
538	741
538	749
538	759
538	762
538	780
538	782
538	813
538	831
538	955
538	971
538	985
538	1005
538	1017
538	1019
538	1029
538	1066
538	1067
538	1068
538	1074
538	1075
538	1079
538	1080
538	1098
538	1111
538	1112
538	1117
538	1118
538	1157
538	1171
538	1196
538	1197
538	1198
538	1199
538	1227
538	1228
538	1250
538	1258
538	1259
538	1263
538	1300
538	1327
538	1335
538	1348
538	1352
538	1367
538	1410
538	1411
538	1425
538	1433
538	1434
538	1435
538	1484
538	1513
538	1514
538	1519
538	1537
538	1538
538	1569
538	1570
538	1571
538	1572
538	1573
538	1623
538	1624
538	1625
538	1639
538	1640
538	1641
539	540
539	543
539	553
539	583
539	603
539	652
539	654
539	711
539	712
539	713
539	733
539	741
539	742
539	753
539	759
539	763
539	764
539	772
539	773
539	774
539	775
539	792
539	809
539	826
539	838
539	924
539	956
539	968
539	986
539	1006
539	1030
539	1052
539	1062
539	1067
539	1081
539	1093
539	1094
539	1095
539	1099
539	1106
539	1107
539	1117
539	1119
539	1158
539	1200
539	1201
539	1202
539	1203
539	1220
539	1255
539	1260
539	1261
539	1276
539	1277
539	1328
539	1395
539	1436
539	1437
539	1438
539	1449
539	1450
539	1451
539	1458
539	1485
539	1515
539	1516
539	1520
539	1539
539	1540
539	1574
539	1575
539	1576
539	1577
539	1578
539	1626
539	1627
539	1628
539	1642
539	1643
539	1644
540	553
540	569
540	583
540	603
540	625
540	626
540	628
540	679
540	680
540	721
540	729
540	733
540	741
540	742
540	743
540	744
540	745
540	763
540	772
540	817
540	832
540	969
540	987
540	1007
540	1024
540	1029
540	1030
540	1062
540	1067
540	1072
540	1073
540	1079
540	1081
540	1093
540	1094
540	1095
540	1099
540	1119
540	1159
540	1174
540	1204
540	1205
540	1206
540	1231
540	1232
540	1240
540	1262
540	1301
540	1329
540	1336
540	1359
540	1361
540	1367
540	1419
540	1420
540	1421
540	1425
540	1439
540	1486
540	1515
540	1516
540	1520
540	1541
540	1542
540	1574
540	1575
540	1576
540	1577
540	1579
540	1629
540	1630
540	1642
540	1643
540	1644
541	542
541	543
541	586
541	630
541	705
541	706
541	716
541	719
541	734
541	749
541	750
541	755
541	756
541	764
541	777
541	780
541	794
541	827
541	833
541	862
541	878
541	884
541	888
541	913
541	919
541	945
541	946
541	950
541	970
541	974
541	993
541	1002
541	1003
541	1009
541	1026
541	1032
541	1057
541	1074
541	1082
541	1083
541	1101
541	1102
541	1103
541	1111
541	1112
541	1113
541	1210
541	1211
541	1216
541	1217
541	1246
541	1250
541	1260
541	1267
541	1268
541	1278
541	1333
541	1367
541	1383
541	1397
541	1398
541	1401
541	1425
541	1436
541	1445
541	1446
541	1447
541	1452
541	1453
541	1454
541	1458
541	1519
541	1521
541	1545
541	1549
541	1580
541	1581
541	1582
541	1583
541	1612
541	1636
541	1637
541	1638
541	1648
541	1649
542	543
542	582
542	586
542	637
542	638
542	692
542	693
542	694
542	695
542	734
542	750
542	755
542	756
542	757
542	759
542	764
542	786
542	821
542	835
542	931
542	945
542	957
542	972
542	990
542	1008
542	1041
542	1069
542	1082
542	1083
542	1093
542	1094
542	1095
542	1101
542	1102
542	1111
542	1131
542	1158
542	1163
542	1180
542	1212
542	1213
542	1240
542	1241
542	1260
542	1263
542	1270
542	1271
542	1303
542	1330
542	1337
542	1383
542	1397
542	1401
542	1436
542	1437
542	1438
542	1449
542	1450
542	1451
542	1452
542	1490
542	1519
542	1520
542	1580
542	1581
542	1582
542	1642
542	1643
542	1644
543	648
543	705
543	706
543	707
543	708
543	735
543	755
543	764
543	765
543	766
543	767
543	768
543	772
543	790
543	824
543	837
543	945
543	959
543	974
543	991
543	1009
543	1049
543	1070
543	1084
543	1085
543	1086
543	1087
543	1101
543	1102
543	1103
543	1111
543	1136
543	1165
543	1184
543	1216
543	1217
543	1218
543	1219
543	1246
543	1247
543	1267
543	1274
543	1275
543	1278
543	1331
543	1391
543	1393
543	1397
543	1445
543	1446
543	1447
543	1452
543	1453
543	1454
543	1520
543	1521
543	1549
543	1550
543	1583
543	1584
543	1648
543	1649
543	1650
544	546
544	557
544	569
544	576
544	607
544	613
544	626
544	662
544	665
544	669
544	680
544	721
544	725
544	726
544	784
544	785
544	789
544	791
544	807
544	841
544	842
544	847
544	861
544	925
544	958
544	969
544	1018
544	1059
544	1071
544	1109
544	1122
544	1125
544	1130
544	1140
544	1143
544	1161
544	1170
544	1179
544	1188
544	1241
544	1256
544	1297
544	1300
544	1301
544	1470
544	1484
544	1485
544	1486
544	1487
544	1488
544	1547
544	1548
544	1579
544	1609
544	1610
544	1611
545	546
545	548
545	558
545	577
545	596
545	608
545	614
545	627
545	661
545	722
545	727
545	730
545	743
545	757
545	789
545	792
545	822
545	823
545	842
545	847
545	848
545	869
545	872
545	873
545	900
545	989
545	1072
545	1073
545	1077
545	1096
545	1115
545	1120
545	1123
545	1132
545	1134
545	1135
545	1144
545	1145
545	1154
545	1192
545	1195
545	1203
545	1225
545	1226
545	1244
545	1245
545	1319
545	1360
545	1375
545	1470
545	1502
545	1503
545	1504
545	1505
545	1506
545	1544
545	1556
545	1564
545	1565
545	1628
545	1629
545	1630
546	549
546	559
546	578
546	597
546	615
546	660
546	662
546	667
546	720
546	722
546	728
546	758
546	787
546	788
546	789
546	793
546	797
546	807
546	839
546	841
546	842
546	846
546	847
546	851
546	861
546	870
546	889
546	899
546	901
546	962
546	982
546	1105
546	1120
546	1124
546	1133
546	1134
546	1135
546	1144
546	1167
546	1169
546	1170
546	1173
546	1225
546	1226
546	1244
546	1245
546	1257
546	1283
546	1288
546	1311
546	1342
546	1375
546	1379
546	1466
546	1467
546	1468
546	1469
546	1470
546	1488
546	1506
546	1526
546	1527
546	1528
546	1544
546	1556
546	1592
547	548
547	557
547	579
547	581
547	598
547	636
547	663
547	681
547	723
547	729
547	732
547	745
547	759
547	785
547	794
547	814
547	831
547	843
547	844
547	866
547	880
547	892
547	893
547	902
547	980
547	996
547	1066
547	1074
547	1075
547	1080
547	1098
547	1118
547	1121
547	1125
547	1130
547	1150
547	1157
547	1171
547	1179
547	1211
547	1227
547	1228
547	1242
547	1258
547	1259
547	1309
547	1381
547	1382
547	1484
547	1497
547	1513
547	1514
547	1546
547	1561
547	1570
547	1571
547	1572
547	1573
547	1638
547	1639
547	1640
547	1641
548	549
548	560
548	561
548	571
548	581
548	600
548	606
548	608
548	616
548	617
548	663
548	724
548	732
548	733
548	734
548	762
548	763
548	782
548	783
548	796
548	812
548	813
548	814
548	819
548	820
548	831
548	840
548	843
548	844
548	850
548	865
548	866
548	871
548	880
548	894
548	895
548	923
548	980
548	1062
548	1075
548	1079
548	1080
548	1081
548	1093
548	1112
548	1121
548	1123
548	1134
548	1144
548	1145
548	1150
548	1154
548	1168
548	1169
548	1171
548	1182
548	1190
548	1191
548	1192
548	1198
548	1199
548	1234
548	1244
548	1254
548	1295
548	1315
548	1327
548	1340
548	1344
548	1345
548	1352
548	1355
548	1377
548	1392
548	1477
548	1494
548	1495
548	1496
548	1497
548	1506
548	1514
548	1534
548	1555
548	1556
548	1557
548	1569
548	1616
548	1617
548	1618
548	1619
549	561
549	562
549	572
549	608
549	618
549	619
549	673
549	674
549	724
549	734
549	735
549	781
549	782
549	783
549	797
549	814
549	820
549	839
549	840
549	844
549	851
549	866
549	871
549	891
549	894
549	895
549	904
549	930
549	951
549	977
549	1010
549	1034
549	1082
549	1083
549	1084
549	1085
549	1102
549	1120
549	1121
549	1124
549	1135
549	1145
549	1150
549	1167
549	1168
549	1169
549	1183
549	1192
549	1199
549	1224
549	1235
549	1245
549	1259
549	1281
549	1307
549	1338
549	1340
549	1344
549	1345
549	1353
549	1373
549	1377
549	1414
549	1461
549	1462
549	1470
549	1494
549	1522
549	1523
549	1554
549	1585
549	1586
549	1587
550	552
550	554
550	557
550	563
550	573
550	582
550	609
550	613
550	664
550	665
550	669
550	676
550	736
550	737
550	756
550	766
550	767
550	787
550	791
550	793
550	803
550	808
550	810
550	896
550	958
550	960
550	973
550	1060
550	1069
550	1088
550	1091
550	1110
550	1126
550	1133
550	1142
550	1146
550	1164
550	1172
550	1173
550	1185
550	1189
550	1247
550	1261
550	1300
550	1304
550	1402
550	1473
550	1481
550	1484
550	1489
550	1490
550	1491
550	1492
550	1549
550	1550
550	1551
550	1552
550	1612
550	1613
550	1614
551	552
551	555
551	558
551	564
551	601
551	610
551	614
551	665
551	670
551	694
551	725
551	726
551	730
551	738
551	768
551	769
551	788
551	792
551	793
551	804
551	825
551	826
551	845
551	875
551	897
551	900
551	915
551	958
551	985
551	990
551	1065
551	1078
551	1089
551	1090
551	1097
551	1116
551	1122
551	1127
551	1137
551	1139
551	1140
551	1147
551	1149
551	1156
551	1173
551	1202
551	1203
551	1229
551	1230
551	1248
551	1249
551	1256
551	1311
551	1319
551	1323
551	1366
551	1422
551	1473
551	1502
551	1507
551	1508
551	1509
551	1511
551	1547
551	1548
551	1559
551	1566
551	1567
551	1628
551	1631
551	1632
552	556
552	559
552	565
552	602
552	611
552	615
552	623
552	624
552	660
552	664
552	665
552	671
552	678
552	695
552	720
552	725
552	726
552	731
552	739
552	740
552	770
552	771
552	789
552	791
552	792
552	793
552	797
552	805
552	810
552	839
552	851
552	889
552	897
552	953
552	955
552	957
552	958
552	962
552	973
552	1018
552	1059
552	1088
552	1091
552	1092
552	1122
552	1124
552	1138
552	1139
552	1140
552	1147
552	1167
552	1172
552	1173
552	1203
552	1229
552	1230
552	1248
552	1249
552	1256
552	1283
552	1285
552	1288
552	1291
552	1313
552	1366
552	1406
552	1433
552	1466
552	1471
552	1472
552	1473
552	1475
552	1491
552	1509
552	1529
552	1530
552	1531
552	1547
552	1548
552	1559
552	1592
552	1593
553	554
553	555
553	566
553	569
553	583
553	585
553	603
553	616
553	666
553	667
553	727
553	732
553	741
553	742
553	772
553	786
553	818
553	823
553	832
553	846
553	858
553	870
553	882
553	898
553	902
553	982
553	999
553	1067
553	1081
553	1093
553	1094
553	1095
553	1099
553	1119
553	1123
553	1133
553	1148
553	1153
553	1154
553	1159
553	1174
553	1195
553	1213
553	1231
553	1232
553	1262
553	1327
553	1330
553	1385
553	1481
553	1486
553	1500
553	1515
553	1516
553	1518
553	1565
553	1574
553	1575
553	1576
553	1577
553	1609
553	1638
553	1642
553	1643
553	1644
554	556
554	560
554	567
554	584
554	585
554	604
554	609
554	617
554	672
554	727
554	733
554	743
554	744
554	773
554	774
554	781
554	787
554	801
554	823
554	842
554	847
554	849
554	853
554	855
554	859
554	890
554	898
554	964
554	987
554	1090
554	1096
554	1097
554	1120
554	1123
554	1126
554	1132
554	1133
554	1135
554	1142
554	1148
554	1153
554	1154
554	1175
554	1183
554	1186
554	1195
554	1223
554	1231
554	1232
554	1262
554	1295
554	1298
554	1304
554	1360
554	1385
554	1468
554	1477
554	1480
554	1481
554	1482
554	1491
554	1500
554	1504
554	1516
554	1539
554	1540
554	1541
554	1542
554	1565
554	1599
554	1603
554	1604
554	1629
555	556
555	561
555	570
555	574
555	585
555	605
555	606
555	610
555	618
555	628
555	639
555	666
555	667
555	673
555	698
555	728
555	734
555	745
555	746
555	775
555	776
555	782
555	788
555	789
555	816
555	817
555	818
555	820
555	832
555	840
555	846
555	870
555	871
555	899
555	911
555	916
555	977
555	981
555	982
555	999
555	1063
555	1094
555	1098
555	1099
555	1100
555	1113
555	1121
555	1124
555	1127
555	1139
555	1147
555	1148
555	1149
555	1150
555	1153
555	1156
555	1168
555	1174
555	1187
555	1199
555	1206
555	1226
555	1248
555	1257
555	1283
555	1307
555	1310
555	1311
555	1315
555	1323
555	1329
555	1379
555	1448
555	1479
555	1494
555	1498
555	1499
555	1500
555	1509
555	1516
555	1527
555	1528
555	1558
555	1559
555	1560
555	1600
555	1616
555	1620
555	1621
555	1622
555	1639
556	562
556	568
556	571
556	572
556	575
556	611
556	619
556	640
556	667
556	674
556	728
556	735
556	783
556	784
556	788
556	789
556	818
556	842
556	847
556	891
556	899
556	912
556	951
556	982
556	1086
556	1103
556	1122
556	1123
556	1124
556	1140
556	1149
556	1154
556	1169
556	1175
556	1188
556	1224
556	1226
556	1249
556	1257
556	1281
556	1282
556	1283
556	1291
556	1311
556	1342
556	1461
556	1462
556	1463
556	1464
556	1473
556	1481
556	1496
556	1527
556	1528
556	1585
556	1617
557	559
557	560
557	569
557	579
557	587
557	609
557	612
557	613
557	617
557	650
557	651
557	664
557	668
557	669
557	671
557	683
557	700
557	729
557	777
557	784
557	790
557	791
557	795
557	803
557	805
557	808
557	825
557	831
557	841
557	857
557	861
557	874
557	955
557	967
557	973
557	1005
557	1017
557	1066
557	1104
557	1105
557	1108
557	1138
557	1157
557	1171
557	1178
557	1185
557	1188
557	1189
557	1196
557	1219
557	1227
557	1284
557	1295
557	1300
557	1304
557	1312
557	1335
557	1349
557	1466
557	1477
557	1483
557	1484
557	1486
557	1488
557	1491
557	1514
557	1545
557	1546
557	1572
557	1573
557	1607
557	1608
557	1611
557	1631
558	559
558	561
558	580
558	588
558	607
558	610
558	614
558	615
558	618
558	623
558	624
558	631
558	642
558	668
558	670
558	725
558	730
558	731
558	748
558	760
558	792
558	793
558	796
558	809
558	826
558	848
558	872
558	900
558	901
558	918
558	934
558	985
558	1005
558	1018
558	1025
558	1073
558	1076
558	1106
558	1107
558	1114
558	1125
558	1129
558	1130
558	1141
558	1152
558	1173
558	1190
558	1197
558	1201
558	1202
558	1203
558	1233
558	1239
558	1251
558	1285
558	1288
558	1297
558	1307
558	1313
558	1317
558	1318
558	1319
558	1323
558	1358
558	1438
558	1466
558	1494
558	1501
558	1502
558	1504
558	1506
558	1509
558	1537
558	1538
558	1540
558	1562
558	1563
558	1575
558	1592
558	1604
558	1626
558	1627
558	1628
558	1643
559	562
559	580
559	589
559	607
559	611
559	614
559	615
559	619
559	623
559	624
559	632
559	665
559	669
559	671
559	726
559	730
559	731
559	747
559	778
559	789
559	792
559	793
559	797
559	805
559	810
559	842
559	847
559	900
559	901
559	955
559	958
559	1018
559	1071
559	1104
559	1108
559	1109
559	1110
559	1125
559	1126
559	1129
559	1130
559	1142
559	1167
559	1172
559	1173
559	1197
559	1203
559	1226
559	1230
559	1233
559	1239
559	1281
559	1285
559	1287
559	1288
559	1291
559	1297
559	1313
559	1319
559	1358
559	1461
559	1465
559	1466
559	1468
559	1470
559	1473
559	1484
559	1502
559	1524
559	1525
559	1537
559	1538
559	1559
559	1590
559	1591
559	1592
559	1621
559	1628
560	562
560	570
560	581
560	591
560	608
560	613
560	617
560	636
560	672
560	674
560	684
560	732
560	733
560	748
560	779
560	785
560	791
560	795
560	799
560	839
560	849
560	851
560	852
560	853
560	863
560	893
560	902
560	903
560	951
560	963
560	964
560	1069
560	1072
560	1106
560	1114
560	1115
560	1116
560	1125
560	1130
560	1133
560	1138
560	1145
560	1176
560	1178
560	1179
560	1228
560	1232
560	1234
560	1254
560	1258
560	1295
560	1300
560	1309
560	1344
560	1376
560	1377
560	1381
560	1384
560	1437
560	1461
560	1476
560	1477
560	1479
560	1481
560	1484
560	1497
560	1533
560	1534
560	1557
560	1597
560	1598
560	1599
560	1602
560	1638
561	562
561	571
561	592
561	614
561	618
561	667
561	673
561	728
561	734
561	735
561	749
561	750
561	780
561	792
561	796
561	814
561	818
561	844
561	850
561	865
561	866
561	894
561	904
561	920
561	977
561	982
561	1074
561	1102
561	1111
561	1117
561	1118
561	1119
561	1121
561	1145
561	1149
561	1150
561	1190
561	1192
561	1203
561	1224
561	1235
561	1307
561	1311
561	1319
561	1339
561	1340
561	1461
561	1493
561	1494
561	1496
561	1502
561	1523
561	1554
561	1615
561	1616
561	1619
562	572
562	615
562	619
562	672
562	674
562	734
562	735
562	750
562	783
562	793
562	797
562	799
562	839
562	849
562	851
562	853
562	895
562	904
562	951
562	964
562	1101
562	1121
562	1124
562	1150
562	1167
562	1169
562	1173
562	1176
562	1224
562	1235
562	1281
562	1283
562	1288
562	1339
562	1340
562	1461
562	1462
562	1466
562	1477
562	1494
562	1522
562	1523
562	1587
562	1616
563	565
563	567
563	569
563	573
563	620
563	626
563	675
563	676
563	680
563	720
563	742
563	751
563	765
563	795
563	800
563	803
563	808
563	849
563	852
563	853
563	863
563	914
563	960
563	969
563	975
563	1061
563	1070
563	1092
563	1151
563	1166
563	1178
563	1181
563	1185
563	1189
563	1236
563	1279
563	1301
563	1305
563	1475
563	1482
563	1486
563	1489
563	1491
563	1492
563	1550
563	1553
563	1613
564	565
564	593
564	621
564	623
564	627
564	676
564	707
564	736
564	737
564	743
564	798
564	804
564	828
564	849
564	853
564	857
564	874
564	876
564	879
564	905
564	906
564	915
564	960
564	987
564	991
564	1058
564	1126
564	1129
564	1132
564	1137
564	1141
564	1142
564	1152
564	1177
564	1197
564	1209
564	1237
564	1251
564	1261
564	1313
564	1325
564	1368
564	1369
564	1384
564	1475
564	1504
564	1508
564	1509
564	1510
564	1511
564	1551
564	1552
564	1568
564	1631
564	1633
564	1634
564	1635
565	568
565	594
565	622
565	624
565	660
565	675
565	676
565	708
565	720
565	736
565	737
565	744
565	752
565	767
565	795
565	797
565	799
565	805
565	839
565	849
565	851
565	852
565	853
565	863
565	889
565	905
565	906
565	939
565	959
565	960
565	962
565	975
565	1039
565	1059
565	1060
565	1061
565	1069
565	1091
565	1125
565	1126
565	1130
565	1133
565	1138
565	1141
565	1142
565	1152
565	1167
565	1176
565	1178
565	1237
565	1251
565	1261
565	1285
565	1293
565	1344
565	1368
565	1369
565	1381
565	1384
565	1407
565	1434
565	1464
565	1468
565	1472
565	1473
565	1474
565	1475
565	1492
565	1511
565	1532
565	1551
565	1552
565	1594
565	1595
565	1596
566	567
566	595
566	628
566	642
566	648
566	677
566	681
566	721
566	738
566	745
566	753
566	800
566	826
566	830
566	854
566	858
566	882
566	883
566	907
566	908
566	996
566	1001
566	1062
566	1063
566	1064
566	1068
566	1100
566	1127
566	1128
566	1156
566	1160
566	1181
566	1202
566	1214
566	1238
566	1242
566	1264
566	1318
566	1329
566	1331
566	1387
566	1388
566	1482
566	1516
566	1517
566	1518
566	1547
566	1567
566	1571
566	1575
566	1578
566	1579
566	1610
566	1643
566	1645
566	1646
566	1647
567	568
567	570
567	620
567	642
567	649
567	678
567	722
567	738
567	746
567	754
567	769
567	781
567	785
567	800
567	801
567	826
567	855
567	859
567	890
567	907
567	908
567	953
567	1043
567	1065
567	1097
567	1120
567	1127
567	1135
567	1156
567	1179
567	1181
567	1183
567	1186
567	1202
567	1223
567	1238
567	1264
567	1299
567	1305
567	1318
567	1387
567	1388
567	1422
567	1464
567	1479
567	1481
567	1482
567	1492
567	1518
567	1527
567	1536
567	1540
567	1543
567	1544
567	1567
567	1604
567	1605
567	1606
567	1630
568	572
568	575
568	614
568	615
568	622
568	623
568	624
568	651
568	678
568	710
568	724
568	739
568	740
568	771
568	783
568	785
568	792
568	793
568	799
568	807
568	831
568	841
568	843
568	861
568	880
568	891
568	909
568	910
568	917
568	942
568	952
568	953
568	1011
568	1018
568	1037
568	1059
568	1069
568	1070
568	1087
568	1088
568	1125
568	1130
568	1169
568	1170
568	1171
568	1173
568	1176
568	1179
568	1197
568	1203
568	1224
568	1230
568	1233
568	1239
568	1284
568	1285
568	1288
568	1293
568	1313
568	1319
568	1339
568	1347
568	1350
568	1351
568	1376
568	1406
568	1430
568	1462
568	1463
568	1464
568	1475
568	1482
568	1523
568	1530
568	1531
568	1557
568	1586
568	1588
568	1589
568	1618
569	570
569	576
569	583
569	596
569	597
569	620
569	625
569	626
569	675
569	679
569	680
569	683
569	712
569	725
569	726
569	741
569	742
569	786
569	787
569	801
569	803
569	807
569	808
569	821
569	832
569	835
569	855
569	859
569	932
569	967
569	968
569	969
569	975
569	1007
569	1042
569	1059
569	1071
569	1109
569	1122
569	1131
569	1140
569	1159
569	1163
569	1170
569	1174
569	1180
569	1185
569	1186
569	1189
569	1204
569	1213
569	1231
569	1240
569	1241
569	1270
569	1271
569	1301
569	1305
569	1336
569	1359
569	1365
569	1411
569	1419
569	1441
569	1467
569	1468
569	1479
569	1484
569	1485
569	1486
569	1487
569	1488
569	1492
569	1503
569	1516
569	1526
569	1545
569	1547
569	1548
569	1564
569	1576
569	1577
569	1582
569	1593
569	1607
569	1609
569	1610
569	1611
569	1632
569	1644
570	572
570	580
570	585
570	599
570	626
570	642
570	681
570	684
570	730
570	731
570	745
570	746
570	760
570	761
570	781
570	785
570	788
570	800
570	801
570	823
570	852
570	863
570	893
570	908
570	911
570	963
570	996
570	1058
570	1073
570	1076
570	1077
570	1078
570	1089
570	1107
570	1125
570	1130
570	1148
570	1149
570	1153
570	1179
570	1181
570	1183
570	1186
570	1195
570	1228
570	1242
570	1243
570	1257
570	1262
570	1301
570	1318
570	1379
570	1422
570	1438
570	1462
570	1477
570	1478
570	1479
570	1482
570	1486
570	1500
570	1527
570	1533
570	1535
570	1536
570	1537
570	1538
570	1560
570	1571
570	1597
570	1600
570	1601
570	1602
570	1622
571	572
571	581
571	600
571	623
571	627
571	681
571	703
571	732
571	733
571	739
571	750
571	762
571	763
571	789
571	812
571	814
571	844
571	866
571	912
571	920
571	994
571	996
571	1062
571	1075
571	1079
571	1080
571	1081
571	1093
571	1103
571	1112
571	1123
571	1124
571	1132
571	1134
571	1144
571	1145
571	1154
571	1182
571	1192
571	1197
571	1205
571	1225
571	1226
571	1244
571	1245
571	1313
571	1342
571	1462
571	1494
571	1495
571	1496
571	1497
571	1504
571	1555
571	1556
571	1557
571	1615
571	1617
571	1618
571	1619
572	624
572	678
572	734
572	735
572	740
572	781
572	783
572	789
572	800
572	895
572	910
572	912
572	953
572	1082
572	1083
572	1084
572	1085
572	1102
572	1120
572	1123
572	1124
572	1133
572	1135
572	1154
572	1169
572	1175
572	1181
572	1183
572	1225
572	1226
572	1244
572	1245
572	1285
572	1342
572	1461
572	1462
572	1464
572	1468
572	1479
572	1496
572	1523
572	1556
572	1585
572	1586
572	1587
573	582
573	593
573	594
573	601
573	602
573	612
573	629
573	641
573	646
573	647
573	657
573	658
573	682
573	683
573	736
573	737
573	766
573	767
573	777
573	790
573	791
573	802
573	803
573	808
573	810
573	824
573	837
573	852
573	856
573	862
573	863
573	884
573	887
573	913
573	914
573	967
573	971
573	1060
573	1088
573	1091
573	1110
573	1126
573	1136
573	1142
573	1155
573	1162
573	1165
573	1172
573	1184
573	1185
573	1189
573	1217
573	1218
573	1219
573	1222
573	1246
573	1247
573	1250
573	1268
573	1274
573	1275
573	1289
573	1292
573	1302
573	1321
573	1324
573	1334
573	1335
573	1348
573	1352
573	1386
573	1389
573	1392
573	1399
573	1400
573	1454
573	1471
573	1472
573	1474
573	1489
573	1490
573	1491
573	1492
573	1507
573	1510
573	1529
573	1532
573	1545
573	1549
573	1550
573	1551
573	1552
573	1566
573	1568
573	1584
573	1607
573	1612
573	1613
573	1614
573	1650
574	575
574	585
574	605
574	615
574	623
574	667
574	714
574	745
574	746
574	747
574	750
574	775
574	776
574	793
574	804
574	806
574	816
574	818
574	858
574	860
574	868
574	882
574	909
574	916
574	917
574	920
574	982
574	995
574	1049
574	1063
574	1094
574	1098
574	1099
574	1100
574	1113
574	1127
574	1137
574	1139
574	1147
574	1149
574	1156
574	1173
574	1187
574	1194
574	1197
574	1229
574	1230
574	1248
574	1249
574	1288
574	1311
574	1313
574	1322
574	1346
574	1347
574	1463
574	1498
574	1499
574	1500
574	1508
574	1525
574	1558
574	1559
574	1560
574	1615
574	1620
574	1621
574	1622
574	1624
575	615
575	624
575	678
575	740
575	747
575	784
575	793
575	801
575	805
575	807
575	841
575	855
575	859
575	861
575	910
575	916
575	917
575	953
575	1086
575	1103
575	1122
575	1124
575	1127
575	1138
575	1140
575	1156
575	1170
575	1173
575	1186
575	1188
575	1229
575	1230
575	1248
575	1249
575	1283
575	1285
575	1288
575	1290
575	1346
575	1347
575	1463
575	1464
575	1472
575	1499
575	1525
575	1559
575	1589
575	1621
576	578
576	580
576	587
576	648
576	665
576	690
576	700
576	712
576	725
576	726
576	753
576	788
576	806
576	816
576	825
576	830
576	846
576	857
576	860
576	868
576	870
576	874
576	924
576	925
576	958
576	968
576	1018
576	1059
576	1071
576	1109
576	1128
576	1129
576	1139
576	1147
576	1160
576	1187
576	1194
576	1214
576	1252
576	1255
576	1256
576	1272
576	1273
576	1331
576	1395
576	1396
576	1469
576	1483
576	1485
576	1486
576	1487
576	1488
576	1547
576	1548
576	1578
576	1608
576	1609
576	1610
576	1611
577	578
577	581
577	588
577	596
577	636
577	642
577	649
577	653
577	685
577	689
577	727
577	754
577	757
577	760
577	773
577	788
577	800
577	817
577	819
577	821
577	823
577	826
577	836
577	846
577	864
577	867
577	869
577	870
577	873
577	877
577	886
577	926
577	934
577	988
577	992
577	1072
577	1073
577	1077
577	1096
577	1115
577	1148
577	1153
577	1159
577	1181
577	1191
577	1193
577	1195
577	1202
577	1206
577	1242
577	1243
577	1257
577	1270
577	1299
577	1309
577	1318
577	1320
577	1357
577	1360
577	1361
577	1362
577	1394
577	1422
577	1469
577	1497
577	1501
577	1503
577	1504
577	1505
577	1506
577	1527
577	1536
577	1543
577	1564
577	1565
577	1571
577	1622
577	1627
577	1629
577	1630
577	1635
578	589
578	597
578	649
578	667
578	686
578	690
578	728
578	751
578	754
578	758
578	786
578	788
578	789
578	796
578	800
578	806
578	818
578	820
578	823
578	842
578	845
578	846
578	847
578	850
578	860
578	865
578	868
578	869
578	870
578	873
578	875
578	899
578	921
578	926
578	935
578	961
578	982
578	1105
578	1121
578	1149
578	1150
578	1168
578	1181
578	1190
578	1194
578	1195
578	1213
578	1226
578	1242
578	1243
578	1257
578	1271
578	1283
578	1299
578	1311
578	1342
578	1357
578	1361
578	1362
578	1379
578	1394
578	1422
578	1465
578	1467
578	1468
578	1469
578	1470
578	1487
578	1505
578	1526
578	1527
578	1528
578	1536
578	1543
578	1571
578	1591
578	1596
578	1622
578	1630
579	580
579	581
579	590
579	598
579	623
579	633
579	650
579	691
579	703
579	714
579	729
579	759
579	762
579	775
579	811
579	813
579	815
579	827
579	830
579	876
579	879
579	927
579	928
579	936
579	979
579	994
579	995
579	1066
579	1074
579	1075
579	1080
579	1098
579	1118
579	1129
579	1143
579	1146
579	1157
579	1161
579	1164
579	1196
579	1197
579	1198
579	1210
579	1214
579	1215
579	1221
579	1272
579	1312
579	1313
579	1332
579	1380
579	1433
579	1484
579	1497
579	1512
579	1513
579	1514
579	1537
579	1546
579	1570
579	1571
579	1572
579	1573
579	1579
579	1601
579	1637
579	1639
579	1640
579	1641
579	1647
580	591
580	599
580	623
580	650
580	670
580	671
580	730
580	731
580	760
580	761
580	782
580	785
580	812
580	816
580	828
580	840
580	871
580	893
580	922
580	927
580	928
580	937
580	955
580	985
580	1015
580	1042
580	1058
580	1073
580	1076
580	1077
580	1078
580	1089
580	1107
580	1125
580	1128
580	1129
580	1130
580	1134
580	1139
580	1144
580	1147
580	1157
580	1160
580	1177
580	1179
580	1182
580	1187
580	1196
580	1197
580	1199
580	1228
580	1233
580	1239
580	1253
580	1273
580	1312
580	1313
580	1380
580	1411
580	1433
580	1466
580	1476
580	1478
580	1479
580	1487
580	1502
580	1525
580	1535
580	1536
580	1537
580	1538
580	1544
580	1563
580	1572
580	1598
580	1600
580	1601
580	1602
580	1606
580	1640
581	592
581	600
581	607
581	616
581	617
581	624
581	634
581	636
581	651
581	687
581	691
581	723
581	732
581	733
581	762
581	763
581	782
581	811
581	813
581	814
581	817
581	819
581	820
581	831
581	840
581	844
581	864
581	866
581	871
581	877
581	923
581	929
581	930
581	979
581	983
581	1062
581	1075
581	1079
581	1080
581	1081
581	1093
581	1112
581	1121
581	1125
581	1130
581	1143
581	1145
581	1148
581	1150
581	1153
581	1161
581	1168
581	1171
581	1191
581	1192
581	1196
581	1198
581	1199
581	1206
581	1215
581	1227
581	1228
581	1234
581	1254
581	1258
581	1259
581	1284
581	1285
581	1295
581	1297
581	1309
581	1314
581	1327
581	1343
581	1352
581	1355
581	1358
581	1392
581	1406
581	1477
581	1493
581	1495
581	1496
581	1497
581	1505
581	1514
581	1523
581	1534
581	1538
581	1555
581	1556
581	1557
581	1561
581	1569
581	1573
581	1586
581	1617
581	1618
581	1619
581	1625
582	584
582	587
582	638
582	676
582	693
582	695
582	700
582	736
582	737
582	755
582	756
582	766
582	767
582	792
582	809
582	822
582	825
582	848
582	857
582	862
582	872
582	874
582	884
582	931
582	957
582	960
582	972
582	1060
582	1069
582	1088
582	1091
582	1110
582	1131
582	1132
582	1141
582	1152
582	1158
582	1163
582	1201
582	1203
582	1217
582	1220
582	1252
582	1260
582	1261
582	1276
582	1277
582	1298
582	1303
582	1401
582	1483
582	1489
582	1490
582	1491
582	1520
582	1549
582	1550
582	1551
582	1552
582	1581
582	1582
582	1612
582	1613
582	1614
583	584
583	585
583	590
583	595
583	596
583	603
583	633
583	637
583	643
583	696
583	698
583	703
583	741
583	742
583	757
583	762
583	772
583	811
583	817
583	821
583	822
583	869
583	873
583	876
583	879
583	881
583	885
583	933
583	936
583	947
583	981
583	994
583	998
583	1067
583	1081
583	1093
583	1094
583	1095
583	1099
583	1119
583	1132
583	1143
583	1151
583	1158
583	1159
583	1161
583	1166
583	1204
583	1205
583	1206
583	1215
583	1220
583	1276
583	1298
583	1326
583	1330
583	1332
583	1337
583	1486
583	1500
583	1503
583	1504
583	1512
583	1515
583	1516
583	1517
583	1541
583	1564
583	1574
583	1575
583	1576
583	1577
583	1579
583	1609
583	1629
583	1642
583	1643
583	1644
583	1647
584	591
584	596
584	604
584	638
584	644
584	697
584	743
584	744
584	757
584	763
584	773
584	774
584	812
584	821
584	822
584	922
584	933
584	987
584	1090
584	1096
584	1097
584	1131
584	1132
584	1133
584	1134
584	1141
584	1144
584	1152
584	1159
584	1163
584	1182
584	1204
584	1205
584	1232
584	1253
584	1277
584	1294
584	1298
584	1303
584	1330
584	1360
584	1468
584	1476
584	1480
584	1481
584	1490
584	1503
584	1504
584	1539
584	1540
584	1541
584	1542
584	1544
584	1564
584	1576
584	1603
584	1604
584	1606
584	1629
585	592
585	597
585	605
585	628
585	634
585	639
585	640
585	645
585	667
585	687
585	696
585	698
585	704
585	745
585	746
585	758
585	775
585	776
585	786
585	787
585	813
585	815
585	817
585	818
585	819
585	823
585	832
585	869
585	873
585	898
585	911
585	976
585	981
585	982
585	983
585	998
585	1063
585	1094
585	1098
585	1099
585	1100
585	1113
585	1123
585	1133
585	1146
585	1148
585	1149
585	1153
585	1154
585	1164
585	1174
585	1175
585	1191
585	1195
585	1198
585	1204
585	1206
585	1213
585	1221
585	1231
585	1232
585	1262
585	1271
585	1282
585	1306
585	1310
585	1311
585	1314
585	1329
585	1379
585	1385
585	1448
585	1467
585	1468
585	1479
585	1481
585	1493
585	1498
585	1499
585	1500
585	1516
585	1526
585	1542
585	1558
585	1559
585	1560
585	1561
585	1577
585	1600
585	1620
585	1621
585	1622
585	1625
585	1639
586	587
586	588
586	590
586	612
586	637
586	641
586	643
586	648
586	649
586	668
586	692
586	699
586	700
586	701
586	729
586	755
586	759
586	790
586	815
586	824
586	825
586	827
586	830
586	833
586	834
586	857
586	867
586	874
586	886
586	924
586	984
586	1002
586	1004
586	1005
586	1008
586	1049
586	1080
586	1082
586	1098
586	1101
586	1102
586	1103
586	1113
586	1118
586	1155
586	1162
586	1207
586	1210
586	1214
586	1216
586	1218
586	1219
586	1221
586	1242
586	1263
586	1269
586	1272
586	1278
586	1299
586	1326
586	1331
586	1334
586	1335
586	1337
586	1361
586	1393
586	1394
586	1395
586	1426
586	1454
586	1459
586	1483
586	1501
586	1512
586	1519
586	1520
586	1550
586	1570
586	1571
586	1580
586	1584
586	1613
586	1648
586	1650
587	589
587	591
587	613
587	638
587	641
587	644
587	648
587	649
587	669
587	693
587	699
587	700
587	702
587	718
587	756
587	759
587	777
587	791
587	802
587	804
587	816
587	824
587	825
587	828
587	830
587	837
587	845
587	856
587	857
587	860
587	868
587	874
587	875
587	887
587	925
587	954
587	966
587	972
587	1004
587	1049
587	1098
587	1104
587	1105
587	1108
587	1136
587	1137
587	1165
587	1177
587	1184
587	1187
587	1214
587	1218
587	1222
587	1242
587	1256
587	1261
587	1263
587	1269
587	1272
587	1294
587	1299
587	1300
587	1303
587	1331
587	1334
587	1349
587	1361
587	1393
587	1394
587	1395
587	1465
587	1476
587	1483
587	1484
587	1485
587	1487
587	1490
587	1519
587	1545
587	1546
587	1547
587	1551
587	1570
587	1571
587	1607
587	1608
587	1610
587	1631
588	589
588	592
588	596
588	614
588	642
588	645
588	659
588	694
588	699
588	701
588	730
588	760
588	761
588	779
588	792
588	800
588	817
588	823
588	826
588	834
588	838
588	869
588	873
588	900
588	926
588	934
588	935
588	949
588	984
588	990
588	1004
588	1025
588	1073
588	1076
588	1106
588	1107
588	1114
588	1128
588	1151
588	1160
588	1166
588	1181
588	1195
588	1200
588	1202
588	1203
588	1206
588	1207
588	1238
588	1264
588	1279
588	1306
588	1316
588	1318
588	1319
588	1356
588	1357
588	1438
588	1465
588	1493
588	1501
588	1502
588	1503
588	1505
588	1519
588	1535
588	1536
588	1540
588	1562
588	1563
588	1575
588	1604
588	1626
588	1627
588	1628
588	1630
588	1643
589	597
589	615
589	642
589	695
589	700
589	702
589	747
589	760
589	761
589	778
589	788
589	792
589	793
589	800
589	804
589	818
589	826
589	845
589	846
589	857
589	870
589	874
589	875
589	934
589	935
589	954
589	957
589	1071
589	1104
589	1108
589	1109
589	1110
589	1127
589	1128
589	1156
589	1160
589	1173
589	1181
589	1202
589	1203
589	1238
589	1257
589	1264
589	1288
589	1318
589	1356
589	1357
589	1465
589	1466
589	1467
589	1469
589	1483
589	1501
589	1524
589	1525
589	1527
589	1530
589	1535
589	1536
589	1559
589	1590
589	1591
589	1592
589	1621
590	591
590	592
590	598
590	641
590	643
590	696
590	703
590	704
590	719
590	732
590	757
590	762
590	763
590	780
590	824
590	827
590	829
590	864
590	876
590	877
590	878
590	879
590	888
590	902
590	927
590	936
590	937
590	950
590	976
590	993
590	994
590	998
590	1027
590	1075
590	1079
590	1103
590	1111
590	1112
590	1113
590	1117
590	1134
590	1143
590	1144
590	1155
590	1157
590	1159
590	1161
590	1162
590	1208
590	1210
590	1218
590	1244
590	1253
590	1265
590	1280
590	1326
590	1330
590	1334
590	1374
590	1375
590	1398
590	1453
590	1476
590	1493
590	1512
590	1513
590	1519
590	1555
590	1556
590	1569
590	1572
590	1576
590	1636
590	1637
590	1638
590	1640
591	599
591	644
591	672
591	697
591	703
591	748
591	762
591	763
591	779
591	798
591	825
591	828
591	849
591	853
591	876
591	879
591	928
591	936
591	937
591	964
591	994
591	1072
591	1106
591	1114
591	1115
591	1116
591	1129
591	1132
591	1134
591	1137
591	1143
591	1144
591	1161
591	1177
591	1209
591	1244
591	1253
591	1265
591	1294
591	1298
591	1374
591	1375
591	1384
591	1437
591	1476
591	1477
591	1478
591	1483
591	1512
591	1533
591	1534
591	1537
591	1541
591	1555
591	1556
591	1597
591	1598
591	1599
591	1601
592	600
592	639
592	642
592	645
592	698
592	703
592	704
592	734
592	749
592	758
592	780
592	813
592	817
592	819
592	826
592	829
592	864
592	876
592	877
592	879
592	929
592	976
592	981
592	994
592	1074
592	1102
592	1111
592	1117
592	1118
592	1119
592	1120
592	1135
592	1148
592	1153
592	1191
592	1198
592	1202
592	1206
592	1208
592	1223
592	1266
592	1306
592	1310
592	1318
592	1493
592	1494
592	1495
592	1497
592	1500
592	1501
592	1512
592	1554
592	1557
592	1560
592	1615
592	1616
592	1618
593	594
593	596
593	601
593	629
593	646
593	650
593	653
593	685
593	705
593	707
593	708
593	766
593	767
593	773
593	827
593	829
593	834
593	864
593	876
593	877
593	878
593	879
593	888
593	938
593	939
593	959
593	986
593	991
593	992
593	1009
593	1058
593	1103
593	1155
593	1157
593	1159
593	1162
593	1196
593	1207
593	1208
593	1210
593	1247
593	1250
593	1268
593	1270
593	1274
593	1302
593	1312
593	1320
593	1324
593	1367
593	1398
593	1474
593	1489
593	1503
593	1507
593	1510
593	1511
593	1549
593	1550
593	1568
593	1594
593	1633
593	1634
593	1635
594	597
594	602
594	629
594	647
594	651
594	676
594	686
594	706
594	707
594	708
594	713
594	737
594	751
594	752
594	766
594	767
594	774
594	794
594	796
594	831
594	849
594	850
594	853
594	865
594	876
594	879
594	906
594	921
594	938
594	939
594	956
594	959
594	960
594	961
594	974
594	991
594	1039
594	1059
594	1060
594	1061
594	1069
594	1091
594	1103
594	1171
594	1190
594	1211
594	1247
594	1250
594	1268
594	1284
594	1292
594	1302
594	1344
594	1367
594	1381
594	1398
594	1407
594	1434
594	1467
594	1471
594	1474
594	1475
594	1489
594	1510
594	1532
594	1549
594	1550
594	1594
594	1595
594	1596
594	1633
595	598
595	601
595	603
595	633
595	641
595	648
595	649
595	654
595	657
595	709
595	714
595	721
595	753
595	768
595	769
595	775
595	811
595	824
595	825
595	830
595	881
595	885
595	940
595	947
595	995
595	1000
595	1049
595	1062
595	1063
595	1064
595	1068
595	1100
595	1137
595	1143
595	1155
595	1161
595	1162
595	1212
595	1214
595	1215
595	1218
595	1220
595	1263
595	1269
595	1272
595	1276
595	1299
595	1321
595	1322
595	1328
595	1331
595	1332
595	1334
595	1386
595	1507
595	1508
595	1513
595	1515
595	1517
595	1518
595	1547
595	1566
595	1578
595	1579
595	1610
595	1642
595	1645
595	1646
595	1647
596	597
596	600
596	627
596	646
596	653
596	656
596	659
596	696
596	697
596	707
596	711
596	727
596	743
596	757
596	766
596	773
596	774
596	779
596	801
596	821
596	823
596	838
596	869
596	873
596	876
596	879
596	881
596	885
596	933
596	949
596	986
596	991
596	998
596	1006
596	1072
596	1073
596	1077
596	1096
596	1115
596	1131
596	1132
596	1143
596	1148
596	1151
596	1153
596	1159
596	1161
596	1163
596	1166
596	1186
596	1195
596	1200
596	1204
596	1212
596	1240
596	1241
596	1270
596	1271
596	1279
596	1308
596	1316
596	1320
596	1324
596	1359
596	1467
596	1486
596	1495
596	1501
596	1503
596	1504
596	1505
596	1506
596	1510
596	1520
596	1539
596	1540
596	1564
596	1565
596	1629
596	1630
596	1633
596	1644
597	647
597	653
597	708
597	712
597	713
597	728
597	758
597	767
597	773
597	774
597	786
597	788
597	801
597	832
597	846
597	858
597	870
597	882
597	939
597	956
597	959
597	968
597	1105
597	1131
597	1133
597	1149
597	1159
597	1163
597	1174
597	1186
597	1213
597	1240
597	1241
597	1257
597	1270
597	1271
597	1292
597	1320
597	1359
597	1465
597	1467
597	1468
597	1469
597	1470
597	1474
597	1485
597	1486
597	1500
597	1503
597	1526
597	1527
597	1528
597	1539
597	1540
597	1594
597	1622
598	599
598	600
598	641
598	648
598	652
598	654
598	681
598	699
598	700
598	709
598	714
598	715
598	719
598	729
598	745
598	759
598	768
598	775
598	776
598	780
598	811
598	830
598	878
598	888
598	943
598	950
598	978
598	993
598	995
598	996
598	1000
598	1004
598	1049
598	1066
598	1074
598	1075
598	1080
598	1098
598	1113
598	1118
598	1139
598	1146
598	1147
598	1157
598	1158
598	1164
598	1196
598	1214
598	1215
598	1220
598	1242
598	1248
598	1255
598	1256
598	1272
598	1273
598	1280
598	1328
598	1331
598	1334
598	1378
598	1454
598	1478
598	1495
598	1512
598	1513
598	1514
598	1517
598	1520
598	1547
598	1558
598	1559
598	1570
598	1571
598	1572
598	1573
598	1639
598	1640
598	1641
598	1645
599	642
599	649
599	655
599	714
599	730
599	731
599	760
599	761
599	769
599	775
599	776
599	800
599	830
599	854
599	883
599	928
599	943
599	995
599	1058
599	1073
599	1076
599	1077
599	1078
599	1089
599	1107
599	1128
599	1129
599	1139
599	1146
599	1147
599	1160
599	1164
599	1181
599	1197
599	1214
599	1248
599	1255
599	1256
599	1272
599	1273
599	1296
599	1299
599	1318
599	1378
599	1438
599	1476
599	1478
599	1479
599	1485
599	1513
599	1535
599	1536
599	1537
599	1538
599	1547
599	1558
599	1559
599	1600
599	1601
599	1602
600	650
600	653
600	656
600	703
600	714
600	715
600	732
600	733
600	762
600	763
600	770
600	811
600	813
600	819
600	830
600	944
600	978
600	994
600	995
600	1062
600	1075
600	1079
600	1080
600	1081
600	1093
600	1103
600	1112
600	1122
600	1140
600	1143
600	1159
600	1161
600	1191
600	1196
600	1198
600	1204
600	1214
600	1215
600	1244
600	1258
600	1308
600	1312
600	1320
600	1341
600	1493
600	1495
600	1496
600	1497
600	1503
600	1513
600	1555
600	1556
600	1557
600	1617
600	1618
600	1619
600	1623
601	602
601	605
601	629
601	657
601	659
601	694
601	707
601	709
601	738
601	768
601	769
601	777
601	779
601	804
601	824
601	826
601	829
601	834
601	836
601	838
601	876
601	879
601	915
601	938
601	949
601	990
601	991
601	1000
601	1052
601	1065
601	1078
601	1089
601	1090
601	1097
601	1116
601	1136
601	1137
601	1146
601	1151
601	1155
601	1162
601	1164
601	1165
601	1166
601	1193
601	1200
601	1202
601	1207
601	1208
601	1216
601	1218
601	1246
601	1247
601	1263
601	1269
601	1274
601	1275
601	1279
601	1302
601	1316
601	1321
601	1448
601	1471
601	1489
601	1498
601	1507
601	1508
601	1509
601	1510
601	1517
601	1521
601	1543
601	1545
601	1566
601	1567
601	1578
601	1631
601	1632
601	1633
602	629
602	658
602	695
602	708
602	716
602	739
602	740
602	767
602	770
602	771
602	777
602	790
602	792
602	805
602	834
602	862
602	884
602	939
602	957
602	959
602	970
602	1088
602	1091
602	1092
602	1136
602	1138
602	1155
602	1162
602	1165
602	1203
602	1207
602	1217
602	1219
602	1246
602	1247
602	1274
602	1275
602	1289
602	1302
602	1471
602	1472
602	1473
602	1474
602	1489
602	1507
602	1529
602	1530
602	1531
602	1545
602	1593
602	1594
603	604
603	605
603	648
603	652
603	711
603	712
603	719
603	741
603	742
603	772
603	780
603	815
603	830
603	833
603	858
603	867
603	878
603	881
603	882
603	885
603	886
603	888
603	940
603	947
603	948
603	950
603	968
603	993
603	997
603	1006
603	1067
603	1081
603	1093
603	1094
603	1095
603	1099
603	1119
603	1141
603	1151
603	1152
603	1158
603	1159
603	1166
603	1204
603	1212
603	1214
603	1220
603	1221
603	1260
603	1261
603	1276
603	1277
603	1280
603	1330
603	1331
603	1365
603	1368
603	1383
603	1384
603	1401
603	1449
603	1480
603	1498
603	1515
603	1516
603	1517
603	1521
603	1551
603	1562
603	1574
603	1575
603	1576
603	1577
603	1642
603	1643
603	1644
603	1645
604	649
604	653
604	717
604	743
604	744
604	769
604	773
604	774
604	801
604	835
604	855
604	859
604	881
604	885
604	947
604	948
604	965
604	1090
604	1096
604	1097
604	1131
604	1132
604	1141
604	1151
604	1152
604	1163
604	1166
604	1180
604	1186
604	1205
604	1220
604	1260
604	1261
604	1276
604	1277
604	1298
604	1299
604	1320
604	1368
604	1383
604	1384
604	1480
604	1481
604	1515
604	1539
604	1540
604	1541
604	1542
604	1551
604	1562
604	1603
604	1604
605	639
605	650
605	657
605	698
605	714
605	745
605	746
605	775
605	776
605	778
605	815
605	817
605	834
605	836
605	867
605	881
605	885
605	886
605	916
605	941
605	981
605	995
605	997
605	1049
605	1063
605	1094
605	1098
605	1099
605	1100
605	1113
605	1126
605	1142
605	1146
605	1148
605	1153
605	1155
605	1162
605	1164
605	1193
605	1196
605	1206
605	1207
605	1220
605	1221
605	1248
605	1262
605	1310
605	1312
605	1321
605	1498
605	1499
605	1500
605	1507
605	1515
605	1524
605	1558
605	1559
605	1560
605	1620
605	1621
605	1622
605	1623
606	608
606	623
606	634
606	636
606	650
606	690
606	691
606	728
606	739
606	782
606	785
606	788
606	796
606	797
606	892
606	893
606	904
606	927
606	928
606	979
606	1011
606	1015
606	1021
606	1042
606	1055
606	1121
606	1129
606	1145
606	1150
606	1167
606	1179
606	1190
606	1192
606	1199
606	1239
606	1309
606	1311
606	1312
606	1313
606	1314
606	1315
606	1339
606	1340
606	1380
606	1381
606	1382
606	1410
606	1411
606	1429
606	1433
606	1434
606	1435
606	1601
606	1602
606	1616
606	1640
606	1641
607	617
607	624
607	636
607	655
607	672
607	676
607	678
607	721
607	723
607	781
607	784
607	785
607	795
607	819
607	820
607	848
607	872
607	897
607	900
607	901
607	929
607	930
607	932
607	934
607	935
607	953
607	960
607	964
607	1012
607	1013
607	1020
607	1025
607	1038
607	1039
607	1040
607	1120
607	1122
607	1125
607	1129
607	1130
607	1135
607	1140
607	1168
607	1178
607	1179
607	1183
607	1188
607	1191
607	1233
607	1239
607	1285
607	1295
607	1296
607	1297
607	1309
607	1341
607	1343
607	1356
607	1357
607	1358
607	1362
607	1380
607	1417
607	1418
607	1423
607	1424
607	1466
607	1488
607	1497
607	1502
607	1525
607	1561
607	1563
607	1591
607	1592
607	1593
607	1627
607	1628
608	618
608	634
608	635
608	636
608	640
608	651
608	656
608	661
608	663
608	686
608	687
608	688
608	710
608	724
608	734
608	752
608	782
608	794
608	795
608	796
608	819
608	894
608	895
608	902
608	903
608	936
608	937
608	952
608	961
608	980
608	983
608	989
608	1014
608	1027
608	1041
608	1121
608	1123
608	1134
608	1144
608	1145
608	1150
608	1154
608	1169
608	1178
608	1190
608	1191
608	1192
608	1199
608	1211
608	1234
608	1237
608	1254
608	1268
608	1282
608	1284
608	1286
608	1307
608	1308
608	1309
608	1314
608	1315
608	1344
608	1345
608	1374
608	1375
608	1376
608	1377
608	1425
608	1426
608	1427
608	1429
608	1430
608	1477
608	1506
608	1532
608	1534
608	1569
608	1587
608	1598
608	1599
608	1619
608	1637
608	1638
609	611
609	613
609	615
609	620
609	629
609	632
609	638
609	664
609	665
609	671
609	683
609	756
609	787
609	791
609	803
609	836
609	849
609	853
609	905
609	906
609	938
609	939
609	955
609	958
609	967
609	973
609	1014
609	1039
609	1053
609	1056
609	1069
609	1126
609	1138
609	1142
609	1189
609	1193
609	1287
609	1288
609	1291
609	1300
609	1302
609	1303
609	1304
609	1305
609	1367
609	1368
609	1369
609	1384
609	1421
609	1425
609	1426
609	1427
609	1430
609	1481
609	1484
609	1491
609	1594
609	1595
609	1633
609	1634
610	611
610	614
610	615
610	621
610	642
610	657
610	665
610	667
610	694
610	702
610	725
610	726
610	728
610	788
610	792
610	800
610	804
610	806
610	807
610	907
610	908
610	916
610	917
610	940
610	954
610	958
610	982
610	990
610	1015
610	1028
610	1043
610	1056
610	1127
610	1137
610	1156
610	1170
610	1181
610	1194
610	1203
610	1256
610	1288
610	1291
610	1311
610	1318
610	1319
610	1321
610	1322
610	1323
610	1325
610	1346
610	1347
610	1363
610	1386
610	1387
610	1388
610	1422
610	1431
610	1432
610	1440
610	1441
610	1502
610	1509
610	1547
610	1548
610	1605
610	1621
610	1645
610	1646
611	613
611	614
611	615
611	619
611	622
611	632
611	658
611	660
611	664
611	665
611	671
611	674
611	695
611	720
611	725
611	726
611	789
611	793
611	805
611	806
611	807
611	909
611	910
611	916
611	917
611	941
611	942
611	951
611	955
611	957
611	958
611	962
611	973
611	1010
611	1011
611	1015
611	1018
611	1028
611	1037
611	1059
611	1138
611	1170
611	1173
611	1194
611	1197
611	1256
611	1281
611	1283
611	1287
611	1288
611	1289
611	1290
611	1291
611	1293
611	1300
611	1304
611	1319
611	1323
611	1338
611	1346
611	1347
611	1348
611	1349
611	1350
611	1351
611	1364
611	1406
611	1410
611	1411
611	1433
611	1434
611	1435
611	1466
611	1473
611	1547
611	1548
611	1588
611	1589
611	1621
611	1623
611	1624
612	613
612	614
612	616
612	625
612	630
612	641
612	658
612	668
612	670
612	695
612	708
612	716
612	729
612	732
612	790
612	831
612	913
612	914
612	941
612	942
612	945
612	946
612	957
612	959
612	970
612	985
612	1005
612	1017
612	1019
612	1029
612	1032
612	1045
612	1057
612	1138
612	1155
612	1157
612	1162
612	1171
612	1196
612	1219
612	1289
612	1300
612	1319
612	1327
612	1333
612	1334
612	1335
612	1336
612	1348
612	1349
612	1367
612	1397
612	1398
612	1399
612	1400
612	1445
612	1446
612	1447
612	1452
612	1453
612	1454
612	1484
612	1489
612	1519
612	1572
612	1573
612	1612
612	1613
612	1649
612	1650
613	615
613	617
613	626
613	629
613	665
613	669
613	671
613	672
613	676
613	682
613	721
613	729
613	733
613	784
613	791
613	831
613	857
613	874
613	915
613	941
613	942
613	955
613	958
613	960
613	964
613	971
613	1012
613	1017
613	1052
613	1066
613	1098
613	1122
613	1126
613	1137
613	1138
613	1140
613	1142
613	1157
613	1171
613	1188
613	1196
613	1288
613	1290
613	1291
613	1295
613	1300
613	1301
613	1302
613	1304
613	1335
613	1341
613	1348
613	1349
613	1363
613	1364
613	1417
613	1448
613	1472
613	1477
613	1483
613	1484
613	1488
613	1491
613	1508
613	1546
613	1572
613	1573
613	1631
614	615
614	618
614	627
614	631
614	638
614	640
614	642
614	658
614	659
614	661
614	668
614	670
614	671
614	673
614	695
614	701
614	730
614	731
614	734
614	792
614	909
614	910
614	947
614	948
614	955
614	957
614	977
614	984
614	985
614	989
614	1005
614	1016
614	1018
614	1030
614	1042
614	1123
614	1125
614	1127
614	1129
614	1130
614	1141
614	1152
614	1154
614	1156
614	1197
614	1203
614	1228
614	1233
614	1239
614	1282
614	1288
614	1289
614	1291
614	1303
614	1307
614	1316
614	1317
614	1318
614	1319
614	1323
614	1335
614	1350
614	1351
614	1368
614	1383
614	1384
614	1411
614	1419
614	1429
614	1436
614	1437
614	1438
614	1449
614	1450
614	1451
614	1464
614	1466
614	1494
614	1501
614	1502
614	1506
614	1509
614	1537
614	1538
614	1563
614	1589
614	1603
614	1604
614	1624
614	1642
614	1643
615	619
615	632
615	662
615	665
615	669
615	670
615	671
615	674
615	702
615	722
615	730
615	731
615	735
615	747
615	761
615	793
615	806
615	807
615	841
615	860
615	861
615	868
615	909
615	910
615	916
615	917
615	951
615	954
615	955
615	958
615	985
615	1015
615	1018
615	1028
615	1035
615	1049
615	1058
615	1078
615	1089
615	1124
615	1125
615	1126
615	1127
615	1129
615	1130
615	1142
615	1156
615	1170
615	1173
615	1194
615	1197
615	1228
615	1233
615	1239
615	1281
615	1283
615	1287
615	1288
615	1290
615	1291
615	1300
615	1304
615	1319
615	1323
615	1342
615	1346
615	1347
615	1350
615	1351
615	1369
615	1388
615	1404
615	1411
615	1431
615	1461
615	1463
615	1464
615	1465
615	1466
615	1470
615	1473
615	1499
615	1502
615	1525
615	1537
615	1538
615	1589
615	1620
615	1621
615	1624
616	617
616	618
616	628
616	643
616	647
616	663
616	668
616	672
616	673
616	676
616	686
616	691
616	703
616	706
616	707
616	708
616	710
616	729
616	732
616	733
616	749
616	762
616	786
616	794
616	813
616	814
616	914
616	923
616	946
616	952
616	959
616	960
616	961
616	964
616	974
616	977
616	979
616	980
616	991
616	994
616	1005
616	1019
616	1020
616	1029
616	1032
616	1037
616	1045
616	1069
616	1075
616	1103
616	1112
616	1198
616	1211
616	1213
616	1247
616	1258
616	1292
616	1295
616	1307
616	1326
616	1327
616	1329
616	1335
616	1352
616	1370
616	1391
616	1392
616	1407
616	1417
616	1434
616	1445
616	1446
616	1447
616	1452
616	1453
616	1454
616	1497
616	1516
616	1557
616	1607
616	1648
617	619
617	620
617	622
617	644
617	660
617	663
617	669
617	672
617	674
617	675
617	676
617	678
617	684
617	691
617	708
617	732
617	733
617	785
617	787
617	795
617	813
617	814
617	918
617	923
617	949
617	951
617	953
617	959
617	960
617	962
617	963
617	964
617	975
617	979
617	980
617	1013
617	1019
617	1020
617	1024
617	1037
617	1069
617	1125
617	1130
617	1133
617	1138
617	1178
617	1179
617	1198
617	1258
617	1261
617	1281
617	1293
617	1294
617	1295
617	1297
617	1300
617	1305
617	1327
617	1343
617	1349
617	1352
617	1354
617	1355
617	1407
617	1415
617	1416
617	1417
617	1418
617	1434
617	1437
617	1447
617	1455
617	1456
617	1457
617	1477
617	1481
617	1484
617	1497
617	1557
617	1590
617	1626
618	619
618	635
618	645
618	647
618	670
618	673
618	686
618	688
618	708
618	730
618	734
618	735
618	750
618	782
618	783
618	788
618	796
618	891
618	919
618	950
618	959
618	961
618	977
618	985
618	1011
618	1021
618	1026
618	1033
618	1102
618	1145
618	1149
618	1190
618	1192
618	1199
618	1281
618	1286
618	1292
618	1306
618	1307
618	1311
618	1319
618	1327
618	1353
618	1371
618	1372
618	1373
618	1428
618	1429
618	1458
618	1459
618	1460
618	1494
618	1502
618	1523
618	1597
618	1636
619	622
619	660
619	671
619	672
619	674
619	676
619	731
619	734
619	735
619	782
619	783
619	789
619	797
619	891
619	920
619	951
619	955
619	960
619	962
619	964
619	1011
619	1021
619	1124
619	1167
619	1169
619	1199
619	1281
619	1283
619	1288
619	1291
619	1293
619	1295
619	1307
619	1338
619	1345
619	1351
619	1353
619	1429
619	1461
619	1466
619	1523
619	1615
620	622
620	626
620	629
620	672
620	675
620	676
620	683
620	684
620	765
620	801
620	803
620	838
620	889
620	921
620	949
620	960
620	963
620	964
620	967
620	975
620	1027
620	1040
620	1070
620	1186
620	1189
620	1200
620	1293
620	1295
620	1301
620	1302
620	1304
620	1305
620	1354
620	1362
620	1370
620	1371
620	1426
620	1482
620	1486
620	1492
620	1596
620	1635
621	622
621	623
621	627
621	644
621	646
621	672
621	676
621	700
621	703
621	707
621	736
621	737
621	739
621	798
621	804
621	809
621	810
621	890
621	918
621	922
621	960
621	964
621	991
621	994
621	1022
621	1023
621	1030
621	1031
621	1044
621	1129
621	1132
621	1137
621	1172
621	1201
621	1205
621	1209
621	1244
621	1261
621	1293
621	1294
621	1313
621	1322
621	1323
621	1324
621	1325
621	1355
621	1363
621	1380
621	1389
621	1390
621	1404
621	1405
621	1437
621	1442
621	1443
621	1444
621	1504
621	1511
621	1551
621	1552
621	1606
621	1647
622	624
622	647
622	660
622	669
622	672
622	674
622	675
622	676
622	678
622	684
622	708
622	720
622	736
622	737
622	740
622	767
622	799
622	805
622	809
622	810
622	891
622	894
622	918
622	923
622	929
622	951
622	953
622	959
622	960
622	962
622	963
622	964
622	975
622	1010
622	1022
622	1023
622	1030
622	1031
622	1048
622	1060
622	1069
622	1091
622	1125
622	1130
622	1133
622	1138
622	1172
622	1175
622	1176
622	1201
622	1258
622	1261
622	1281
622	1285
622	1290
622	1291
622	1292
622	1293
622	1295
622	1305
622	1325
622	1338
622	1343
622	1349
622	1352
622	1353
622	1355
622	1406
622	1407
622	1408
622	1412
622	1413
622	1414
622	1434
622	1437
622	1464
622	1468
622	1475
622	1551
622	1552
622	1625
623	624
623	634
623	650
623	655
623	677
623	736
623	739
623	740
623	747
623	770
623	792
623	793
623	806
623	848
623	872
623	892
623	893
623	900
623	901
623	927
623	928
623	1001
623	1015
623	1018
623	1028
623	1042
623	1055
623	1121
623	1125
623	1129
623	1130
623	1134
623	1139
623	1144
623	1147
623	1150
623	1157
623	1173
623	1194
623	1197
623	1203
623	1233
623	1239
623	1285
623	1296
623	1311
623	1312
623	1313
623	1314
623	1315
623	1325
623	1339
623	1343
623	1358
623	1366
623	1378
623	1380
623	1381
623	1382
623	1410
623	1411
623	1431
623	1433
623	1434
623	1435
623	1464
623	1466
623	1473
623	1496
623	1499
623	1502
623	1511
623	1530
623	1531
623	1593
623	1601
623	1602
623	1640
623	1641
624	635
624	651
624	672
624	676
624	678
624	737
624	739
624	740
624	792
624	793
624	807
624	848
624	872
624	894
624	895
624	900
624	901
624	929
624	930
624	953
624	960
624	964
624	1010
624	1018
624	1023
624	1034
624	1048
624	1120
624	1122
624	1125
624	1129
624	1130
624	1135
624	1140
624	1170
624	1173
624	1203
624	1233
624	1239
624	1283
624	1284
624	1285
624	1286
624	1293
624	1297
624	1313
624	1340
624	1341
624	1343
624	1344
624	1345
624	1358
624	1380
624	1404
624	1406
624	1407
624	1408
624	1412
624	1413
624	1414
624	1462
624	1463
624	1464
624	1466
624	1473
624	1475
624	1497
624	1502
624	1530
624	1531
624	1586
624	1587
624	1593
624	1618
624	1619
625	626
625	627
625	628
625	630
625	649
625	652
625	653
625	679
625	681
625	697
625	716
625	717
625	741
625	742
625	745
625	801
625	832
625	896
625	931
625	965
625	970
625	987
625	996
625	1007
625	1020
625	1024
625	1025
625	1029
625	1046
625	1050
625	1051
625	1131
625	1159
625	1163
625	1174
625	1186
625	1204
625	1217
625	1220
625	1298
625	1299
625	1301
625	1320
625	1329
625	1333
625	1335
625	1336
625	1359
625	1361
625	1367
625	1394
625	1398
625	1401
625	1402
625	1415
625	1416
625	1417
625	1453
625	1455
625	1456
625	1457
625	1486
625	1520
625	1551
625	1576
625	1577
625	1614
626	629
626	653
626	680
626	682
626	721
626	741
626	742
626	746
626	784
626	801
626	808
626	832
626	897
626	900
626	932
626	934
626	969
626	971
626	1012
626	1013
626	1024
626	1025
626	1050
626	1051
626	1067
626	1099
626	1122
626	1140
626	1159
626	1174
626	1185
626	1186
626	1188
626	1204
626	1300
626	1301
626	1302
626	1305
626	1320
626	1336
626	1341
626	1357
626	1359
626	1365
626	1366
626	1418
626	1423
626	1424
626	1479
626	1485
626	1486
626	1488
626	1492
626	1530
626	1576
626	1577
626	1593
626	1609
626	1632
627	631
627	640
627	653
627	661
627	679
627	693
627	696
627	697
627	717
627	743
627	744
627	798
627	809
627	898
627	933
627	965
627	972
627	986
627	987
627	989
627	998
627	1007
627	1030
627	1096
627	1123
627	1132
627	1133
627	1154
627	1175
627	1201
627	1204
627	1205
627	1209
627	1232
627	1270
627	1282
627	1298
627	1317
627	1319
627	1320
627	1325
627	1336
627	1360
627	1368
627	1375
627	1384
627	1385
627	1419
627	1420
627	1421
627	1437
627	1439
627	1450
627	1468
627	1496
627	1503
627	1504
627	1506
627	1511
627	1541
627	1542
627	1576
627	1629
627	1644
628	648
628	649
628	651
628	654
628	679
628	681
628	706
628	714
628	741
628	745
628	746
628	749
628	775
628	817
628	818
628	824
628	825
628	846
628	857
628	869
628	870
628	873
628	874
628	926
628	974
628	995
628	996
628	1007
628	1017
628	1032
628	1049
628	1098
628	1113
628	1128
628	1160
628	1206
628	1218
628	1262
628	1284
628	1299
628	1327
628	1328
628	1329
628	1331
628	1336
628	1357
628	1361
628	1362
628	1370
628	1391
628	1393
628	1394
628	1395
628	1422
628	1445
628	1448
628	1454
628	1500
628	1518
628	1560
628	1608
628	1622
628	1630
629	630
629	632
629	638
629	657
629	658
629	668
629	669
629	680
629	682
629	683
629	684
629	699
629	718
629	777
629	802
629	803
629	808
629	829
629	834
629	905
629	906
629	938
629	939
629	963
629	966
629	967
629	969
629	971
629	1003
629	1004
629	1005
629	1026
629	1027
629	1039
629	1053
629	1054
629	1055
629	1113
629	1126
629	1136
629	1142
629	1165
629	1185
629	1189
629	1207
629	1208
629	1222
629	1234
629	1250
629	1265
629	1268
629	1287
629	1289
629	1290
629	1300
629	1301
629	1302
629	1303
629	1304
629	1305
629	1321
629	1333
629	1359
629	1367
629	1368
629	1369
629	1410
629	1419
629	1425
629	1426
629	1427
629	1430
629	1440
629	1459
629	1471
629	1474
629	1489
629	1507
629	1510
629	1532
629	1545
629	1568
629	1569
629	1594
629	1595
629	1633
629	1634
630	631
630	638
630	641
630	658
630	682
630	693
630	703
630	706
630	716
630	717
630	749
630	802
630	829
630	833
630	862
630	876
630	879
630	884
630	913
630	914
630	938
630	939
630	945
630	946
630	965
630	970
630	971
630	972
630	974
630	994
630	1003
630	1019
630	1024
630	1029
630	1032
630	1045
630	1047
630	1048
630	1057
630	1103
630	1136
630	1165
630	1208
630	1217
630	1222
630	1250
630	1278
630	1289
630	1302
630	1303
630	1317
630	1333
630	1334
630	1335
630	1336
630	1348
630	1367
630	1370
630	1391
630	1397
630	1398
630	1399
630	1400
630	1412
630	1442
630	1445
630	1446
630	1447
630	1452
630	1453
630	1454
630	1456
630	1569
630	1580
630	1594
630	1612
630	1613
630	1633
630	1648
630	1649
630	1650
631	632
631	638
631	642
631	659
631	670
631	672
631	693
631	697
631	716
631	748
631	750
631	798
631	799
631	804
631	809
631	849
631	853
631	881
631	885
631	905
631	906
631	947
631	948
631	964
631	970
631	972
631	985
631	987
631	1003
631	1016
631	1022
631	1023
631	1030
631	1031
631	1033
631	1137
631	1141
631	1152
631	1176
631	1201
631	1205
631	1209
631	1287
631	1303
631	1316
631	1317
631	1318
631	1319
631	1322
631	1333
631	1350
631	1368
631	1369
631	1371
631	1372
631	1383
631	1384
631	1428
631	1436
631	1437
631	1438
631	1449
631	1450
631	1451
631	1502
631	1504
631	1508
631	1534
631	1603
631	1604
631	1642
631	1643
632	664
632	671
632	672
632	682
632	683
632	731
632	744
632	748
632	798
632	799
632	805
632	810
632	849
632	853
632	905
632	906
632	916
632	917
632	955
632	964
632	967
632	971
632	973
632	1022
632	1023
632	1030
632	1031
632	1035
632	1049
632	1126
632	1138
632	1142
632	1172
632	1175
632	1176
632	1209
632	1287
632	1288
632	1290
632	1291
632	1302
632	1304
632	1317
632	1346
632	1347
632	1351
632	1368
632	1369
632	1384
632	1437
632	1466
632	1468
632	1472
632	1534
632	1620
632	1621
633	634
633	636
633	648
633	654
633	656
633	687
633	691
633	696
633	707
633	709
633	715
633	757
633	768
633	811
633	821
633	827
633	828
633	876
633	879
633	924
633	925
633	936
633	937
633	978
633	979
633	983
633	986
633	991
633	998
633	1000
633	1018
633	1031
633	1035
633	1036
633	1045
633	1046
633	1143
633	1157
633	1161
633	1177
633	1210
633	1215
633	1308
633	1309
633	1314
633	1328
633	1330
633	1331
633	1332
633	1374
633	1375
633	1393
633	1395
633	1396
633	1450
633	1517
633	1568
633	1610
633	1611
634	635
634	636
634	639
634	645
634	650
634	656
634	663
634	676
634	685
634	687
634	689
634	691
634	704
634	708
634	715
634	752
634	758
634	770
634	785
634	794
634	795
634	813
634	819
634	823
634	849
634	853
634	892
634	893
634	902
634	903
634	927
634	928
634	959
634	960
634	976
634	978
634	979
634	980
634	983
634	988
634	992
634	1015
634	1019
634	1020
634	1037
634	1042
634	1043
634	1055
634	1069
634	1157
634	1178
634	1179
634	1191
634	1195
634	1198
634	1211
634	1239
634	1286
634	1306
634	1308
634	1309
634	1310
634	1312
634	1313
634	1314
634	1315
634	1332
634	1344
634	1376
634	1377
634	1380
634	1381
634	1382
634	1390
634	1407
634	1410
634	1411
634	1417
634	1432
634	1433
634	1434
634	1435
634	1444
634	1447
634	1497
634	1500
634	1532
634	1599
634	1601
634	1602
634	1638
634	1640
634	1641
635	636
635	640
635	651
635	661
635	663
635	673
635	676
635	686
635	688
635	691
635	708
635	724
635	751
635	752
635	794
635	795
635	814
635	820
635	844
635	849
635	853
635	866
635	891
635	894
635	895
635	902
635	903
635	923
635	929
635	930
635	959
635	960
635	961
635	977
635	979
635	980
635	989
635	1010
635	1019
635	1020
635	1023
635	1034
635	1037
635	1044
635	1048
635	1069
635	1121
635	1145
635	1150
635	1168
635	1169
635	1178
635	1192
635	1211
635	1224
635	1254
635	1282
635	1284
635	1285
635	1286
635	1307
635	1309
635	1314
635	1340
635	1343
635	1344
635	1345
635	1353
635	1373
635	1376
635	1377
635	1381
635	1405
635	1406
635	1407
635	1408
635	1412
635	1413
635	1414
635	1417
635	1434
635	1447
635	1532
635	1586
635	1587
635	1599
635	1618
635	1619
635	1638
636	639
636	645
636	650
636	656
636	678
636	685
636	687
636	688
636	689
636	691
636	698
636	710
636	723
636	752
636	785
636	794
636	795
636	813
636	817
636	819
636	820
636	843
636	880
636	892
636	893
636	902
636	903
636	936
636	937
636	952
636	953
636	979
636	981
636	983
636	988
636	992
636	1013
636	1014
636	1027
636	1039
636	1040
636	1041
636	1059
636	1121
636	1143
636	1145
636	1148
636	1150
636	1153
636	1161
636	1168
636	1178
636	1179
636	1191
636	1192
636	1198
636	1206
636	1211
636	1234
636	1237
636	1254
636	1268
636	1286
636	1297
636	1306
636	1308
636	1309
636	1310
636	1312
636	1314
636	1315
636	1332
636	1339
636	1374
636	1375
636	1376
636	1377
636	1381
636	1382
636	1385
636	1418
636	1425
636	1426
636	1427
636	1430
636	1477
636	1497
636	1505
636	1514
636	1532
636	1534
636	1561
636	1569
636	1598
636	1599
636	1602
636	1637
636	1638
636	1641
637	638
637	641
637	642
637	659
637	692
637	694
637	696
637	701
637	755
637	756
637	757
637	821
637	824
637	833
637	835
637	881
637	885
637	947
637	948
637	984
637	986
637	990
637	998
637	1002
637	1008
637	1033
637	1041
637	1151
637	1155
637	1162
637	1166
637	1180
637	1212
637	1218
637	1303
637	1316
637	1318
637	1330
637	1334
637	1337
637	1368
637	1383
637	1384
637	1397
637	1428
637	1429
637	1458
637	1459
637	1460
637	1519
637	1520
637	1581
637	1582
638	670
638	693
638	695
638	697
638	755
638	756
638	822
638	825
638	835
638	849
638	853
638	881
638	885
638	905
638	906
638	938
638	939
638	947
638	948
638	957
638	972
638	985
638	987
638	1003
638	1039
638	1041
638	1053
638	1069
638	1137
638	1141
638	1152
638	1180
638	1212
638	1298
638	1302
638	1303
638	1304
638	1317
638	1319
638	1333
638	1337
638	1367
638	1368
638	1369
638	1371
638	1372
638	1383
638	1384
638	1398
638	1425
638	1426
638	1427
638	1430
638	1483
638	1490
638	1520
638	1581
638	1582
638	1594
638	1595
638	1633
638	1634
639	640
639	642
639	645
639	650
639	653
639	689
639	691
639	694
639	696
639	698
639	728
639	758
639	778
639	786
639	787
639	788
639	813
639	823
639	836
639	898
639	908
639	911
639	943
639	979
639	981
639	986
639	988
639	990
639	998
639	1016
639	1037
639	1043
639	1044
639	1054
639	1056
639	1105
639	1133
639	1146
639	1148
639	1153
639	1164
639	1193
639	1195
639	1198
639	1213
639	1282
639	1306
639	1309
639	1310
639	1311
639	1312
639	1314
639	1318
639	1320
639	1330
639	1378
639	1379
639	1381
639	1385
639	1387
639	1402
639	1431
639	1432
639	1434
639	1440
639	1441
639	1493
639	1498
639	1500
639	1526
639	1536
639	1571
639	1600
639	1622
639	1639
640	651
640	661
640	663
640	695
640	697
640	758
640	786
640	787
640	789
640	814
640	823
640	898
640	912
640	944
640	957
640	980
640	987
640	989
640	1016
640	1022
640	1043
640	1044
640	1047
640	1123
640	1133
640	1154
640	1195
640	1213
640	1282
640	1283
640	1284
640	1286
640	1298
640	1310
640	1319
640	1341
640	1342
640	1344
640	1350
640	1377
640	1385
640	1404
640	1405
640	1407
640	1442
640	1443
640	1444
640	1500
640	1526
640	1556
640	1585
640	1617
641	642
641	643
641	652
641	657
641	694
641	699
641	701
641	703
641	707
641	759
641	762
641	815
641	824
641	830
641	913
641	914
641	940
641	945
641	946
641	984
641	990
641	991
641	994
641	1004
641	1019
641	1032
641	1045
641	1049
641	1057
641	1137
641	1146
641	1151
641	1155
641	1162
641	1164
641	1166
641	1214
641	1218
641	1221
641	1263
641	1269
641	1318
641	1321
641	1326
641	1333
641	1334
641	1335
641	1337
641	1363
641	1386
641	1397
641	1398
641	1399
641	1400
641	1402
641	1445
641	1446
641	1447
641	1452
641	1453
641	1454
641	1457
641	1483
641	1489
641	1512
641	1513
641	1517
641	1519
641	1570
641	1571
641	1612
641	1613
641	1639
641	1649
641	1650
642	645
642	653
642	657
642	659
642	670
642	689
642	694
642	698
642	699
642	701
642	702
642	704
642	760
642	761
642	800
642	817
642	826
642	854
642	883
642	907
642	908
642	947
642	948
642	954
642	976
642	981
642	984
642	985
642	988
642	990
642	1004
642	1016
642	1042
642	1127
642	1128
642	1148
642	1151
642	1153
642	1156
642	1160
642	1166
642	1181
642	1202
642	1206
642	1238
642	1243
642	1264
642	1273
642	1306
642	1310
642	1316
642	1317
642	1318
642	1319
642	1320
642	1321
642	1323
642	1334
642	1337
642	1346
642	1383
642	1384
642	1385
642	1387
642	1388
642	1419
642	1436
642	1437
642	1438
642	1441
642	1449
642	1450
642	1451
642	1465
642	1478
642	1479
642	1482
642	1493
642	1501
642	1502
642	1505
642	1518
642	1535
642	1536
642	1563
642	1600
642	1603
642	1604
642	1605
642	1642
642	1643
642	1646
643	644
643	645
643	646
643	654
643	685
643	699
643	703
643	704
643	705
643	707
643	708
643	719
643	732
643	759
643	762
643	763
643	780
643	811
643	812
643	821
643	827
643	914
643	922
643	946
643	959
643	976
643	991
643	992
643	993
643	994
643	1004
643	1009
643	1019
643	1029
643	1035
643	1036
643	1045
643	1046
643	1057
643	1075
643	1103
643	1112
643	1155
643	1157
643	1159
643	1162
643	1182
643	1210
643	1215
643	1244
643	1247
643	1294
643	1306
643	1324
643	1326
643	1327
643	1328
643	1330
643	1334
643	1389
643	1391
643	1392
643	1399
643	1403
643	1445
643	1446
643	1447
643	1452
643	1453
643	1454
643	1512
643	1519
643	1555
643	1556
643	1607
643	1648
644	655
644	672
644	676
644	700
644	703
644	707
644	762
644	763
644	811
644	812
644	822
644	828
644	918
644	922
644	949
644	960
644	964
644	991
644	994
644	1024
644	1035
644	1036
644	1045
644	1046
644	1129
644	1132
644	1137
644	1177
644	1182
644	1215
644	1244
644	1261
644	1294
644	1295
644	1296
644	1298
644	1325
644	1326
644	1354
644	1355
644	1363
644	1380
644	1389
644	1415
644	1416
644	1417
644	1437
644	1455
644	1456
644	1457
644	1476
644	1483
644	1555
644	1556
644	1590
644	1626
645	646
645	656
645	685
645	687
645	701
645	703
645	704
645	707
645	734
645	760
645	781
645	819
645	823
645	890
645	919
645	950
645	976
645	983
645	984
645	991
645	992
645	994
645	1026
645	1039
645	1102
645	1148
645	1153
645	1183
645	1191
645	1195
645	1306
645	1307
645	1308
645	1309
645	1310
645	1314
645	1318
645	1324
645	1326
645	1372
645	1373
645	1376
645	1390
645	1428
645	1429
645	1430
645	1458
645	1459
645	1460
645	1493
645	1500
645	1501
645	1597
645	1636
646	647
646	650
646	653
646	657
646	682
646	685
646	699
646	703
646	704
646	705
646	707
646	708
646	716
646	719
646	766
646	767
646	770
646	808
646	829
646	834
646	890
646	922
646	959
646	970
646	971
646	976
646	991
646	992
646	993
646	994
646	1004
646	1009
646	1029
646	1044
646	1047
646	1048
646	1054
646	1103
646	1155
646	1157
646	1159
646	1162
646	1185
646	1204
646	1207
646	1208
646	1217
646	1244
646	1247
646	1292
646	1306
646	1312
646	1320
646	1321
646	1324
646	1325
646	1326
646	1389
646	1390
646	1392
646	1399
646	1404
646	1405
646	1412
646	1440
646	1442
646	1443
646	1444
646	1453
646	1489
646	1503
646	1510
646	1549
646	1550
646	1606
646	1647
647	651
647	658
647	668
647	672
647	673
647	676
647	682
647	686
647	703
647	706
647	707
647	708
647	710
647	716
647	737
647	751
647	766
647	767
647	771
647	808
647	832
647	891
647	894
647	923
647	929
647	952
647	959
647	960
647	961
647	964
647	970
647	971
647	974
647	977
647	991
647	994
647	1005
647	1023
647	1029
647	1034
647	1047
647	1048
647	1055
647	1060
647	1069
647	1091
647	1103
647	1174
647	1185
647	1217
647	1247
647	1258
647	1284
647	1289
647	1292
647	1293
647	1307
647	1324
647	1327
647	1352
647	1353
647	1373
647	1392
647	1406
647	1407
647	1408
647	1410
647	1412
647	1413
647	1414
647	1434
647	1442
647	1453
647	1467
647	1474
647	1489
647	1549
647	1550
647	1625
648	649
648	650
648	652
648	654
648	655
648	656
648	677
648	705
648	709
648	711
648	714
648	738
648	753
648	764
648	768
648	769
648	815
648	816
648	824
648	825
648	830
648	860
648	867
648	868
648	886
648	924
648	925
648	995
648	997
648	1000
648	1001
648	1006
648	1009
648	1018
648	1031
648	1038
648	1049
648	1052
648	1078
648	1089
648	1116
648	1128
648	1137
648	1143
648	1155
648	1158
648	1160
648	1161
648	1162
648	1187
648	1212
648	1214
648	1218
648	1221
648	1263
648	1269
648	1274
648	1296
648	1299
648	1308
648	1312
648	1328
648	1329
648	1330
648	1331
648	1332
648	1356
648	1374
648	1393
648	1394
648	1395
648	1396
648	1401
648	1424
648	1448
648	1457
648	1483
648	1487
648	1513
648	1515
648	1517
648	1518
648	1519
648	1566
648	1578
648	1608
648	1610
648	1611
649	651
649	654
649	655
649	679
649	681
649	706
649	709
649	710
649	717
649	754
649	765
649	768
649	769
649	817
649	818
649	824
649	825
649	835
649	926
649	952
649	965
649	974
649	996
649	1000
649	1007
649	1036
649	1049
649	1051
649	1128
649	1131
649	1134
649	1137
649	1144
649	1155
649	1160
649	1162
649	1163
649	1180
649	1206
649	1218
649	1263
649	1269
649	1274
649	1284
649	1296
649	1298
649	1299
649	1328
649	1329
649	1331
649	1336
649	1361
649	1362
649	1375
649	1393
649	1394
649	1409
649	1422
649	1448
649	1469
649	1478
649	1480
649	1482
649	1483
649	1505
649	1517
649	1519
649	1543
649	1566
649	1608
649	1630
650	651
650	654
650	656
650	691
650	703
650	707
650	709
650	714
650	739
650	766
650	770
650	771
650	778
650	790
650	791
650	836
650	892
650	893
650	927
650	928
650	979
650	991
650	994
650	995
650	1000
650	1015
650	1017
650	1042
650	1055
650	1056
650	1129
650	1138
650	1143
650	1146
650	1157
650	1161
650	1164
650	1193
650	1196
650	1219
650	1284
650	1308
650	1309
650	1310
650	1312
650	1313
650	1314
650	1315
650	1324
650	1328
650	1331
650	1376
650	1380
650	1381
650	1382
650	1402
650	1410
650	1411
650	1433
650	1434
650	1435
650	1442
650	1484
650	1495
650	1498
650	1510
650	1529
650	1601
650	1602
650	1640
650	1641
651	663
651	681
651	708
651	710
651	767
651	770
651	771
651	790
651	791
651	831
651	894
651	895
651	929
651	930
651	952
651	959
651	980
651	996
651	1010
651	1017
651	1023
651	1034
651	1048
651	1125
651	1130
651	1138
651	1145
651	1157
651	1171
651	1219
651	1282
651	1284
651	1285
651	1286
651	1292
651	1299
651	1312
651	1329
651	1343
651	1344
651	1345
651	1377
651	1406
651	1407
651	1408
651	1412
651	1413
651	1414
651	1464
651	1474
651	1484
651	1497
651	1529
651	1586
651	1587
651	1618
651	1619
652	653
652	654
652	696
652	711
652	714
652	772
652	775
652	815
652	896
652	931
652	986
652	995
652	997
652	998
652	1006
652	1020
652	1046
652	1146
652	1158
652	1164
652	1216
652	1220
652	1221
652	1320
652	1328
652	1330
652	1331
652	1334
652	1336
652	1395
652	1401
652	1402
652	1415
652	1416
652	1417
652	1452
652	1455
652	1456
652	1457
652	1485
652	1513
652	1515
652	1520
652	1551
652	1574
652	1575
652	1614
653	656
653	659
653	666
653	689
653	692
653	696
653	697
653	698
653	711
653	713
653	715
653	717
653	773
653	774
653	801
653	817
653	829
653	832
653	838
653	898
653	933
653	956
653	965
653	978
653	981
653	986
653	987
653	988
653	997
653	998
653	999
653	1006
653	1008
653	1024
653	1025
653	1050
653	1051
653	1096
653	1131
653	1148
653	1153
653	1159
653	1163
653	1174
653	1186
653	1200
653	1204
653	1205
653	1206
653	1208
653	1270
653	1277
653	1301
653	1308
653	1310
653	1316
653	1318
653	1320
653	1324
653	1330
653	1336
653	1359
653	1385
653	1409
653	1419
653	1420
653	1421
653	1423
653	1436
653	1439
653	1450
653	1456
653	1467
653	1480
653	1495
653	1503
653	1504
653	1505
653	1510
653	1539
653	1540
653	1541
653	1576
653	1629
653	1644
654	655
654	656
654	681
654	705
654	709
654	711
654	714
654	715
654	719
654	745
654	772
654	775
654	776
654	780
654	815
654	816
654	824
654	825
654	830
654	857
654	874
654	924
654	925
654	978
654	993
654	995
654	996
654	1000
654	1006
654	1009
654	1017
654	1038
654	1049
654	1052
654	1057
654	1098
654	1113
654	1157
654	1187
654	1214
654	1218
654	1220
654	1221
654	1248
654	1296
654	1299
654	1308
654	1312
654	1326
654	1328
654	1329
654	1331
654	1332
654	1361
654	1393
654	1394
654	1395
654	1396
654	1403
654	1448
654	1454
654	1455
654	1513
654	1517
654	1520
654	1558
654	1559
654	1608
654	1610
655	677
655	712
655	714
655	775
655	776
655	815
655	816
655	826
655	900
655	901
655	924
655	925
655	934
655	935
655	968
655	995
655	1001
655	1012
655	1025
655	1038
655	1052
655	1128
655	1129
655	1160
655	1187
655	1202
655	1221
655	1248
655	1294
655	1296
655	1297
655	1299
655	1313
655	1328
655	1331
655	1356
655	1357
655	1358
655	1380
655	1395
655	1396
655	1418
655	1423
655	1424
655	1438
655	1478
655	1485
655	1558
655	1559
655	1591
655	1592
655	1610
655	1627
655	1628
656	687
656	696
656	709
656	714
656	715
656	773
656	784
656	819
656	876
656	879
656	902
656	903
656	936
656	937
656	978
656	983
656	986
656	995
656	998
656	1000
656	1012
656	1014
656	1027
656	1041
656	1053
656	1103
656	1143
656	1157
656	1161
656	1188
656	1191
656	1196
656	1204
656	1306
656	1308
656	1309
656	1312
656	1314
656	1320
656	1328
656	1331
656	1332
656	1374
656	1375
656	1376
656	1377
656	1381
656	1425
656	1426
656	1427
656	1430
656	1439
656	1495
656	1503
656	1598
656	1599
656	1637
656	1638
657	658
657	659
657	694
657	699
657	703
657	707
657	777
657	778
657	802
657	803
657	804
657	829
657	834
657	836
657	838
657	907
657	908
657	911
657	913
657	914
657	940
657	943
657	990
657	991
657	994
657	1002
657	1004
657	1026
657	1027
657	1028
657	1043
657	1047
657	1054
657	1055
657	1056
657	1137
657	1146
657	1151
657	1155
657	1162
657	1164
657	1166
657	1189
657	1193
657	1200
657	1207
657	1208
657	1222
657	1263
657	1269
657	1289
657	1302
657	1316
657	1318
657	1321
657	1322
657	1323
657	1324
657	1334
657	1363
657	1386
657	1387
657	1388
657	1399
657	1400
657	1402
657	1431
657	1432
657	1440
657	1441
657	1442
657	1489
657	1498
657	1507
657	1517
657	1543
657	1545
657	1578
657	1605
657	1639
657	1645
657	1646
658	668
658	695
658	708
658	716
658	767
658	777
658	802
658	803
658	805
658	834
658	909
658	910
658	913
658	914
658	941
658	942
658	957
658	959
658	970
658	1003
658	1005
658	1011
658	1026
658	1027
658	1037
658	1048
658	1054
658	1055
658	1138
658	1155
658	1162
658	1189
658	1207
658	1222
658	1289
658	1290
658	1291
658	1292
658	1302
658	1319
658	1321
658	1333
658	1335
658	1348
658	1349
658	1350
658	1351
658	1399
658	1400
658	1410
658	1411
658	1412
658	1433
658	1434
658	1435
658	1471
658	1489
658	1545
658	1588
658	1589
658	1623
658	1624
659	692
659	696
659	701
659	779
659	834
659	838
659	881
659	885
659	947
659	948
659	984
659	986
659	998
659	1002
659	1008
659	1016
659	1030
659	1050
659	1151
659	1155
659	1162
659	1166
659	1200
659	1204
659	1207
659	1316
659	1317
659	1318
659	1319
659	1320
659	1321
659	1337
659	1368
659	1383
659	1384
659	1387
659	1436
659	1437
659	1438
659	1439
659	1449
659	1450
659	1451
659	1501
659	1503
659	1507
659	1533
659	1603
659	1604
659	1642
659	1643
660	662
660	665
660	671
660	674
660	676
660	686
660	708
660	720
660	724
660	789
660	795
660	797
660	839
660	842
660	847
660	851
660	891
660	910
660	923
660	942
660	951
660	955
660	958
660	959
660	960
660	961
660	962
660	1011
660	1019
660	1020
660	1021
660	1037
660	1064
660	1068
660	1069
660	1070
660	1087
660	1167
660	1178
660	1252
660	1280
660	1281
660	1291
660	1293
660	1295
660	1407
660	1408
660	1417
660	1429
660	1434
660	1435
660	1470
660	1473
660	1475
660	1588
660	1589
661	662
661	663
661	670
661	688
661	689
661	695
661	721
661	722
661	730
661	743
661	789
661	798
661	822
661	823
661	829
661	842
661	847
661	848
661	869
661	872
661	873
661	898
661	933
661	948
661	957
661	980
661	985
661	986
661	987
661	988
661	989
661	1016
661	1043
661	1044
661	1058
661	1067
661	1095
661	1096
661	1097
661	1195
661	1208
661	1209
661	1223
661	1253
661	1265
661	1266
661	1282
661	1286
661	1298
661	1319
661	1360
661	1375
661	1404
661	1405
661	1420
661	1421
661	1442
661	1443
661	1444
661	1450
661	1451
661	1506
661	1544
661	1556
661	1579
661	1603
661	1604
661	1633
661	1634
661	1635
662	665
662	671
662	690
662	713
662	721
662	722
662	754
662	787
662	788
662	789
662	797
662	798
662	807
662	829
662	839
662	841
662	842
662	846
662	847
662	851
662	861
662	870
662	890
662	899
662	908
662	922
662	955
662	956
662	958
662	962
662	989
662	1016
662	1043
662	1044
662	1058
662	1064
662	1065
662	1068
662	1167
662	1170
662	1208
662	1209
662	1223
662	1253
662	1265
662	1266
662	1283
662	1288
662	1311
662	1342
662	1375
662	1379
662	1404
662	1405
662	1421
662	1432
662	1442
662	1443
662	1444
662	1470
662	1488
662	1544
662	1556
662	1579
662	1605
662	1606
662	1633
662	1634
662	1635
663	673
663	686
663	687
663	688
663	691
663	710
663	715
663	723
663	724
663	734
663	752
663	783
663	794
663	795
663	799
663	812
663	813
663	814
663	820
663	831
663	840
663	843
663	844
663	850
663	865
663	866
663	871
663	880
663	896
663	914
663	923
663	931
663	946
663	952
663	961
663	977
663	978
663	979
663	980
663	983
663	989
663	1019
663	1020
663	1035
663	1036
663	1037
663	1045
663	1046
663	1059
663	1060
663	1061
663	1070
663	1087
663	1088
663	1168
663	1171
663	1176
663	1178
663	1182
663	1198
663	1211
663	1224
663	1234
663	1235
663	1237
663	1254
663	1268
663	1282
663	1284
663	1286
663	1295
663	1314
663	1327
663	1340
663	1352
663	1355
663	1377
663	1392
663	1406
663	1407
663	1408
663	1412
663	1413
663	1414
663	1416
663	1417
663	1446
663	1447
663	1514
663	1532
663	1561
663	1587
663	1594
663	1595
663	1596
663	1612
663	1613
663	1614
663	1619
664	665
664	669
664	671
664	672
664	675
664	682
664	683
664	693
664	716
664	725
664	726
664	756
664	805
664	808
664	810
664	811
664	830
664	894
664	912
664	929
664	944
664	955
664	958
664	964
664	967
664	970
664	971
664	972
664	973
664	975
664	1022
664	1023
664	1029
664	1030
664	1031
664	1047
664	1048
664	1062
664	1063
664	1064
664	1068
664	1069
664	1079
664	1080
664	1081
664	1172
664	1185
664	1214
664	1215
664	1255
664	1256
664	1272
664	1273
664	1287
664	1291
664	1304
664	1412
664	1413
664	1437
664	1442
664	1443
664	1473
664	1484
664	1491
664	1547
664	1548
664	1617
664	1618
664	1619
664	1645
664	1646
664	1647
665	669
665	670
665	671
665	674
665	676
665	695
665	702
665	721
665	725
665	726
665	753
665	791
665	793
665	806
665	807
665	811
665	830
665	839
665	845
665	848
665	851
665	872
665	875
665	897
665	909
665	941
665	951
665	954
665	955
665	957
665	958
665	960
665	962
665	973
665	985
665	1015
665	1017
665	1018
665	1028
665	1062
665	1063
665	1064
665	1066
665	1067
665	1068
665	1100
665	1122
665	1139
665	1140
665	1147
665	1170
665	1173
665	1194
665	1214
665	1215
665	1228
665	1255
665	1256
665	1272
665	1273
665	1283
665	1288
665	1290
665	1291
665	1300
665	1304
665	1323
665	1341
665	1343
665	1366
665	1378
665	1380
665	1404
665	1406
665	1411
665	1431
665	1433
665	1466
665	1472
665	1473
665	1487
665	1488
665	1491
665	1509
665	1547
665	1548
665	1589
665	1593
665	1623
665	1624
665	1625
665	1645
665	1646
665	1647
666	667
666	677
666	696
666	713
666	727
666	728
666	781
666	800
666	801
666	812
666	823
666	832
666	846
666	858
666	870
666	882
666	900
666	918
666	934
666	949
666	956
666	982
666	997
666	998
666	999
666	1001
666	1024
666	1025
666	1050
666	1051
666	1065
666	1076
666	1106
666	1107
666	1174
666	1181
666	1182
666	1183
666	1186
666	1195
666	1225
666	1226
666	1242
666	1243
666	1244
666	1245
666	1257
666	1311
666	1320
666	1330
666	1409
666	1422
666	1423
666	1455
666	1456
666	1516
666	1527
666	1528
666	1565
666	1605
666	1606
666	1609
666	1622
666	1626
666	1627
666	1628
667	673
667	690
667	698
667	702
667	722
667	727
667	728
667	747
667	754
667	758
667	769
667	781
667	800
667	812
667	816
667	818
667	840
667	842
667	846
667	847
667	850
667	860
667	865
667	868
667	869
667	870
667	871
667	873
667	899
667	915
667	954
667	977
667	981
667	982
667	999
667	1038
667	1052
667	1065
667	1078
667	1089
667	1090
667	1092
667	1097
667	1105
667	1124
667	1149
667	1181
667	1182
667	1183
667	1187
667	1225
667	1226
667	1242
667	1243
667	1244
667	1245
667	1257
667	1311
667	1323
667	1342
667	1357
667	1379
667	1394
667	1409
667	1422
667	1424
667	1448
667	1469
667	1470
667	1494
667	1499
667	1500
667	1516
667	1527
667	1528
667	1565
667	1605
667	1606
667	1622
667	1631
667	1632
668	669
668	670
668	671
668	679
668	695
668	699
668	708
668	716
668	729
668	730
668	731
668	782
668	805
668	813
668	834
668	902
668	919
668	936
668	950
668	955
668	957
668	959
668	970
668	985
668	1002
668	1003
668	1004
668	1005
668	1007
668	1026
668	1027
668	1054
668	1055
668	1066
668	1067
668	1068
668	1079
668	1095
668	1111
668	1112
668	1113
668	1157
668	1196
668	1197
668	1198
668	1199
668	1207
668	1227
668	1228
668	1258
668	1259
668	1289
668	1292
668	1302
668	1319
668	1327
668	1335
668	1410
668	1411
668	1425
668	1426
668	1433
668	1434
668	1435
668	1458
668	1459
668	1484
668	1502
668	1519
668	1537
668	1538
668	1572
668	1573
668	1623
668	1624
668	1625
668	1636
668	1637
668	1638
669	670
669	671
669	672
669	676
669	680
669	682
669	683
669	700
669	718
669	721
669	729
669	730
669	731
669	782
669	803
669	804
669	805
669	807
669	810
669	813
669	841
669	861
669	892
669	911
669	927
669	943
669	955
669	958
669	960
669	964
669	966
669	967
669	969
669	971
669	973
669	985
669	1005
669	1026
669	1027
669	1054
669	1055
669	1058
669	1064
669	1066
669	1067
669	1068
669	1074
669	1075
669	1098
669	1157
669	1170
669	1172
669	1189
669	1196
669	1197
669	1198
669	1199
669	1227
669	1228
669	1258
669	1259
669	1288
669	1290
669	1293
669	1295
669	1300
669	1302
669	1322
669	1404
669	1410
669	1411
669	1426
669	1433
669	1434
669	1435
669	1440
669	1466
669	1483
669	1484
669	1488
669	1491
669	1537
669	1538
669	1546
669	1572
669	1573
669	1623
669	1624
669	1625
669	1639
669	1640
669	1641
670	671
670	673
670	686
670	693
670	694
670	695
670	701
670	723
670	729
670	730
670	731
670	742
670	748
670	760
670	782
670	813
670	845
670	848
670	872
670	875
670	947
670	955
670	957
670	958
670	961
670	972
670	977
670	984
670	985
670	987
670	989
670	990
670	1005
670	1018
670	1041
670	1042
670	1064
670	1066
670	1067
670	1068
670	1073
670	1081
670	1093
670	1094
670	1095
670	1099
670	1107
670	1196
670	1197
670	1198
670	1199
670	1227
670	1228
670	1241
670	1258
670	1259
670	1288
670	1303
670	1307
670	1317
670	1318
670	1319
670	1335
670	1406
670	1410
670	1411
670	1419
670	1427
670	1433
670	1434
670	1435
670	1438
670	1449
670	1502
670	1509
670	1537
670	1538
670	1572
670	1573
670	1604
670	1623
670	1624
670	1625
670	1642
670	1643
670	1644
671	674
671	695
671	702
671	723
671	729
671	730
671	731
671	782
671	789
671	793
671	805
671	813
671	842
671	847
671	907
671	940
671	951
671	954
671	955
671	957
671	958
671	962
671	973
671	985
671	1005
671	1014
671	1015
671	1018
671	1028
671	1056
671	1062
671	1063
671	1064
671	1066
671	1067
671	1068
671	1095
671	1173
671	1196
671	1197
671	1198
671	1199
671	1227
671	1228
671	1256
671	1258
671	1259
671	1281
671	1287
671	1288
671	1291
671	1300
671	1304
671	1319
671	1404
671	1406
671	1410
671	1411
671	1431
671	1433
671	1434
671	1435
671	1466
671	1473
671	1484
671	1537
671	1538
671	1572
671	1573
671	1621
671	1623
671	1624
671	1625
671	1645
671	1646
671	1647
672	673
672	674
672	676
672	678
672	684
672	693
672	723
672	732
672	733
672	734
672	735
672	748
672	763
672	783
672	798
672	799
672	809
672	810
672	813
672	814
672	831
672	849
672	853
672	918
672	923
672	924
672	951
672	953
672	960
672	963
672	964
672	972
672	973
672	977
672	1022
672	1023
672	1030
672	1031
672	1059
672	1062
672	1069
672	1070
672	1081
672	1093
672	1145
672	1171
672	1172
672	1175
672	1176
672	1198
672	1201
672	1209
672	1227
672	1228
672	1234
672	1254
672	1258
672	1259
672	1281
672	1285
672	1287
672	1290
672	1292
672	1293
672	1294
672	1295
672	1297
672	1300
672	1305
672	1317
672	1325
672	1327
672	1352
672	1355
672	1406
672	1407
672	1408
672	1412
672	1413
672	1414
672	1436
672	1437
672	1443
672	1461
672	1476
672	1477
672	1481
672	1523
672	1534
672	1557
672	1561
672	1588
672	1589
672	1590
672	1625
672	1626
673	674
673	686
673	688
673	695
673	704
673	724
673	732
673	733
673	734
673	735
673	750
673	765
673	783
673	814
673	818
673	831
673	844
673	846
673	850
673	865
673	866
673	870
673	913
673	945
673	951
673	957
673	961
673	964
673	976
673	977
673	980
673	982
673	985
673	1032
673	1034
673	1057
673	1060
673	1069
673	1070
673	1084
673	1085
673	1086
673	1087
673	1102
673	1171
673	1227
673	1228
673	1258
673	1259
673	1286
673	1292
673	1307
673	1319
673	1327
673	1406
673	1407
673	1408
673	1412
673	1413
673	1414
673	1415
673	1445
673	1494
673	1523
673	1557
673	1588
673	1589
673	1649
673	1650
674	724
674	732
674	733
674	734
674	735
674	783
674	799
674	814
674	831
674	839
674	842
674	847
674	851
674	951
674	955
674	958
674	962
674	964
674	977
674	1010
674	1033
674	1061
674	1069
674	1070
674	1087
674	1171
674	1176
674	1227
674	1228
674	1258
674	1259
674	1281
674	1288
674	1291
674	1293
674	1295
674	1406
674	1407
674	1408
674	1412
674	1413
674	1414
674	1428
674	1461
674	1477
674	1523
674	1557
674	1588
674	1589
675	676
675	680
675	682
675	683
675	684
675	706
675	734
675	736
675	737
675	765
675	795
675	808
675	815
675	852
675	855
675	859
675	863
675	895
675	930
675	960
675	963
675	967
675	969
675	971
675	973
675	974
675	975
675	1010
675	1020
675	1032
675	1033
675	1034
675	1070
675	1075
675	1080
675	1082
675	1083
675	1084
675	1102
675	1178
675	1185
675	1220
675	1221
675	1260
675	1261
675	1276
675	1277
675	1293
675	1295
675	1305
675	1414
675	1415
675	1416
675	1417
675	1444
675	1455
675	1456
675	1457
675	1475
675	1486
675	1492
675	1551
675	1552
675	1585
675	1586
675	1587
676	678
676	686
676	708
676	736
676	737
676	752
676	787
676	791
676	794
676	795
676	797
676	809
676	810
676	813
676	814
676	815
676	828
676	849
676	853
676	891
676	896
676	910
676	918
676	923
676	931
676	942
676	953
676	958
676	959
676	960
676	961
676	962
676	964
676	975
676	1011
676	1017
676	1019
676	1020
676	1021
676	1037
676	1046
676	1066
676	1069
676	1070
676	1126
676	1141
676	1142
676	1152
676	1167
676	1172
676	1177
676	1178
676	1198
676	1201
676	1211
676	1220
676	1221
676	1237
676	1251
676	1260
676	1261
676	1276
676	1277
676	1281
676	1285
676	1286
676	1290
676	1292
676	1293
676	1294
676	1295
676	1297
676	1300
676	1305
676	1314
676	1325
676	1327
676	1352
676	1355
676	1407
676	1408
676	1415
676	1416
676	1417
676	1434
676	1435
676	1455
676	1456
676	1457
676	1468
676	1472
676	1474
676	1475
676	1490
676	1491
676	1492
676	1511
676	1524
676	1532
676	1551
676	1552
676	1562
676	1588
676	1589
676	1590
676	1614
676	1625
676	1626
677	678
677	681
677	709
677	712
677	714
677	738
677	739
677	740
677	784
677	801
677	816
677	826
677	854
677	858
677	882
677	883
677	901
677	935
677	953
677	968
677	995
677	996
677	999
677	1000
677	1001
677	1012
677	1038
677	1052
677	1053
677	1071
677	1076
677	1107
677	1108
677	1109
677	1110
677	1186
677	1187
677	1188
677	1202
677	1229
677	1230
677	1248
677	1249
677	1296
677	1313
677	1331
677	1418
677	1423
677	1424
677	1438
677	1457
677	1518
677	1530
677	1531
677	1567
677	1590
677	1591
677	1592
677	1609
677	1610
677	1611
678	688
678	710
678	738
678	739
678	740
678	781
678	784
678	785
678	801
678	816
678	841
678	861
678	889
678	897
678	906
678	921
678	932
678	939
678	952
678	953
678	960
678	964
678	1001
678	1012
678	1013
678	1039
678	1040
678	1058
678	1059
678	1060
678	1061
678	1071
678	1169
678	1179
678	1183
678	1186
678	1187
678	1188
678	1229
678	1230
678	1233
678	1239
678	1248
678	1249
678	1285
678	1293
678	1295
678	1297
678	1309
678	1418
678	1423
678	1424
678	1430
678	1462
678	1463
678	1464
678	1473
678	1482
678	1525
678	1530
678	1531
678	1563
678	1567
678	1593
678	1594
678	1595
678	1596
678	1609
678	1610
678	1611
679	680
679	681
679	711
679	716
679	717
679	741
679	742
679	743
679	744
679	817
679	835
679	855
679	859
679	862
679	881
679	884
679	885
679	903
679	937
679	965
679	969
679	970
679	987
679	996
679	1003
679	1005
679	1006
679	1007
679	1014
679	1041
679	1056
679	1072
679	1073
679	1079
679	1112
679	1114
679	1115
679	1116
679	1159
679	1180
679	1204
679	1205
679	1206
679	1231
679	1232
679	1262
679	1298
679	1299
679	1329
679	1336
679	1368
679	1419
679	1420
679	1421
679	1425
679	1427
679	1439
679	1460
679	1486
679	1504
679	1520
679	1541
679	1542
679	1576
679	1577
679	1597
679	1598
679	1599
679	1629
679	1630
680	682
680	683
680	712
680	721
680	730
680	741
680	742
680	743
680	744
680	760
680	807
680	817
680	841
680	852
680	855
680	858
680	859
680	861
680	863
680	882
680	893
680	928
680	967
680	968
680	969
680	971
680	975
680	987
680	1007
680	1015
680	1027
680	1028
680	1042
680	1058
680	1067
680	1072
680	1073
680	1075
680	1076
680	1077
680	1078
680	1080
680	1099
680	1107
680	1159
680	1170
680	1204
680	1205
680	1206
680	1231
680	1232
680	1262
680	1301
680	1302
680	1350
680	1387
680	1404
680	1411
680	1419
680	1420
680	1421
680	1439
680	1441
680	1468
680	1485
680	1486
680	1488
680	1492
680	1541
680	1542
680	1576
680	1577
680	1600
680	1601
680	1602
680	1609
680	1629
680	1630
681	706
681	709
681	710
681	714
681	717
681	745
681	746
681	817
681	818
681	831
681	832
681	843
681	854
681	880
681	883
681	911
681	952
681	965
681	974
681	995
681	996
681	1000
681	1001
681	1007
681	1017
681	1036
681	1049
681	1082
681	1102
681	1104
681	1105
681	1148
681	1149
681	1153
681	1171
681	1174
681	1175
681	1206
681	1231
681	1232
681	1262
681	1274
681	1284
681	1299
681	1328
681	1329
681	1336
681	1363
681	1379
681	1385
681	1399
681	1409
681	1422
681	1448
681	1454
681	1479
681	1496
681	1513
681	1514
681	1518
681	1560
681	1607
681	1608
681	1639
682	683
682	684
682	693
682	716
682	718
682	729
682	759
682	791
682	803
682	808
682	810
682	829
682	837
682	852
682	856
682	862
682	863
682	884
682	887
682	894
682	912
682	929
682	944
682	963
682	966
682	967
682	969
682	970
682	971
682	972
682	973
682	975
682	1003
682	1017
682	1022
682	1023
682	1029
682	1030
682	1031
682	1047
682	1048
682	1066
682	1074
682	1075
682	1079
682	1080
682	1081
682	1083
682	1118
682	1172
682	1184
682	1185
682	1189
682	1208
682	1217
682	1234
682	1263
682	1265
682	1269
682	1287
682	1290
682	1292
682	1300
682	1301
682	1302
682	1324
682	1333
682	1348
682	1352
682	1386
682	1389
682	1392
682	1410
682	1412
682	1413
682	1440
682	1442
682	1443
682	1448
682	1472
682	1489
682	1529
682	1546
682	1566
682	1569
682	1607
682	1617
682	1618
682	1619
682	1639
682	1640
682	1641
683	684
683	700
683	716
683	718
683	732
683	742
683	748
683	762
683	803
683	805
683	808
683	819
683	834
683	855
683	859
683	892
683	902
683	911
683	927
683	936
683	943
683	963
683	966
683	967
683	969
683	970
683	971
683	973
683	975
683	1003
683	1014
683	1026
683	1027
683	1054
683	1055
683	1062
683	1073
683	1074
683	1075
683	1077
683	1079
683	1080
683	1081
683	1112
683	1185
683	1189
683	1191
683	1192
683	1207
683	1234
683	1253
683	1254
683	1263
683	1265
683	1287
683	1290
683	1302
683	1304
683	1305
683	1410
683	1412
683	1425
683	1426
683	1427
683	1430
683	1440
683	1442
683	1484
683	1486
683	1489
683	1534
683	1569
683	1594
683	1617
683	1618
683	1619
683	1633
683	1639
683	1640
683	1641
684	733
684	734
684	746
684	749
684	750
684	799
684	801
684	820
684	852
684	855
684	859
684	863
684	924
684	963
684	964
684	967
684	971
684	975
684	1022
684	1023
684	1030
684	1031
684	1082
684	1083
684	1084
684	1102
684	1168
684	1169
684	1176
684	1186
684	1223
684	1224
684	1235
684	1266
684	1293
684	1295
684	1302
684	1305
684	1413
684	1436
684	1437
684	1477
684	1479
684	1522
684	1554
684	1585
684	1586
684	1587
685	686
685	687
685	689
685	691
685	694
685	701
685	704
685	707
685	751
685	765
685	766
685	802
685	823
685	827
685	833
685	864
685	869
685	873
685	877
685	899
685	917
685	961
685	976
685	979
685	983
685	984
685	988
685	990
685	991
685	992
685	1035
685	1036
685	1045
685	1046
685	1070
685	1085
685	1086
685	1087
685	1094
685	1099
685	1195
685	1210
685	1222
685	1236
685	1267
685	1278
685	1279
685	1306
685	1309
685	1314
685	1324
685	1326
685	1428
685	1429
685	1446
685	1458
685	1459
685	1460
685	1505
685	1510
685	1553
685	1649
685	1650
686	688
686	690
686	695
686	708
686	724
686	751
686	765
686	788
686	794
686	796
686	802
686	833
686	846
686	848
686	850
686	865
686	870
686	872
686	891
686	910
686	923
686	942
686	957
686	959
686	960
686	961
686	962
686	977
686	980
686	985
686	992
686	1011
686	1019
686	1020
686	1021
686	1033
686	1037
686	1067
686	1069
686	1070
686	1084
686	1085
686	1086
686	1087
686	1095
686	1190
686	1211
686	1222
686	1236
686	1267
686	1278
686	1279
686	1286
686	1292
686	1307
686	1327
686	1407
686	1408
686	1428
686	1429
686	1434
686	1435
686	1447
686	1458
686	1459
686	1460
686	1469
686	1474
686	1553
686	1588
686	1589
686	1649
686	1650
687	688
687	689
687	691
687	698
687	704
687	715
687	737
687	752
687	758
687	767
687	770
687	785
687	803
687	813
687	819
687	869
687	873
687	897
687	906
687	932
687	939
687	976
687	978
687	979
687	980
687	981
687	983
687	988
687	992
687	1013
687	1039
687	1040
687	1053
687	1060
687	1088
687	1090
687	1091
687	1092
687	1097
687	1110
687	1179
687	1189
687	1191
687	1198
687	1237
687	1239
687	1250
687	1251
687	1268
687	1306
687	1308
687	1309
687	1314
687	1332
687	1417
687	1418
687	1425
687	1426
687	1427
687	1430
687	1447
687	1497
687	1500
687	1532
687	1568
687	1593
687	1599
687	1612
687	1613
687	1614
687	1638
688	691
688	710
688	724
688	737
688	752
688	767
688	782
688	803
688	840
688	844
688	866
688	871
688	889
688	906
688	921
688	939
688	952
688	953
688	961
688	977
688	979
688	980
688	983
688	989
688	1013
688	1039
688	1040
688	1059
688	1060
688	1061
688	1088
688	1091
688	1169
688	1189
688	1192
688	1199
688	1224
688	1237
688	1250
688	1251
688	1254
688	1268
688	1286
688	1307
688	1309
688	1417
688	1425
688	1426
688	1427
688	1430
688	1447
688	1532
688	1568
688	1594
688	1595
688	1596
688	1599
688	1612
688	1613
688	1614
688	1638
689	690
689	691
689	694
689	698
689	701
689	753
689	754
689	760
689	769
689	773
689	788
689	804
689	821
689	823
689	834
689	836
689	846
689	864
689	867
689	869
689	870
689	873
689	877
689	886
689	898
689	908
689	933
689	948
689	979
689	981
689	983
689	984
689	986
689	987
689	988
689	989
689	990
689	992
689	1016
689	1043
689	1044
689	1056
689	1065
689	1089
689	1090
689	1094
689	1096
689	1097
689	1099
689	1116
689	1193
689	1195
689	1207
689	1238
689	1263
689	1264
689	1269
689	1309
689	1310
689	1314
689	1318
689	1320
689	1330
689	1357
689	1360
689	1394
689	1420
689	1421
689	1431
689	1432
689	1440
689	1441
689	1450
689	1451
689	1505
689	1536
689	1543
689	1571
689	1578
689	1603
689	1604
689	1622
689	1631
689	1632
690	702
690	713
690	722
690	753
690	754
690	769
690	786
690	788
690	789
690	796
690	804
690	806
690	823
690	834
690	842
690	845
690	846
690	847
690	850
690	860
690	865
690	868
690	869
690	870
690	873
690	875
690	890
690	899
690	908
690	922
690	954
690	956
690	961
690	982
690	988
690	1016
690	1028
690	1043
690	1044
690	1063
690	1065
690	1078
690	1089
690	1090
690	1097
690	1100
690	1190
690	1194
690	1195
690	1207
690	1213
690	1238
690	1263
690	1264
690	1269
690	1283
690	1311
690	1315
690	1342
690	1357
690	1379
690	1394
690	1405
690	1431
690	1432
690	1440
690	1441
690	1451
690	1469
690	1487
690	1536
690	1543
690	1571
690	1578
690	1605
690	1606
690	1622
690	1631
690	1632
691	698
691	704
691	715
691	740
691	752
691	771
691	782
691	794
691	795
691	805
691	811
691	813
691	814
691	819
691	840
691	844
691	864
691	866
691	871
691	877
691	896
691	910
691	914
691	923
691	931
691	942
691	946
691	976
691	978
691	979
691	980
691	981
691	983
691	988
691	992
691	1011
691	1019
691	1020
691	1035
691	1036
691	1037
691	1045
691	1046
691	1086
691	1088
691	1091
691	1092
691	1178
691	1191
691	1196
691	1198
691	1199
691	1211
691	1215
691	1233
691	1237
691	1239
691	1268
691	1286
691	1295
691	1309
691	1310
691	1312
691	1314
691	1315
691	1327
691	1332
691	1352
691	1355
691	1358
691	1392
691	1410
691	1411
691	1416
691	1417
691	1418
691	1433
691	1434
691	1435
691	1446
691	1447
691	1497
691	1532
691	1538
691	1573
691	1593
691	1602
691	1612
691	1613
691	1614
691	1625
691	1641
692	693
692	694
692	695
692	696
692	699
692	701
692	705
692	755
692	756
692	786
692	821
692	834
692	838
692	920
692	957
692	972
692	984
692	986
692	990
692	998
692	1002
692	1004
692	1008
692	1009
692	1030
692	1093
692	1094
692	1095
692	1111
692	1117
692	1118
692	1119
692	1200
692	1207
692	1212
692	1213
692	1216
692	1240
692	1241
692	1270
692	1271
692	1316
692	1320
692	1330
692	1337
692	1436
692	1437
692	1438
692	1449
692	1450
692	1451
692	1452
692	1519
692	1520
692	1581
692	1582
692	1615
692	1616
692	1642
692	1643
692	1644
693	694
693	695
693	697
693	700
693	706
693	716
693	755
693	756
693	786
693	804
693	809
693	821
693	848
693	857
693	862
693	872
693	874
693	884
693	894
693	912
693	929
693	944
693	957
693	964
693	970
693	971
693	972
693	973
693	974
693	985
693	987
693	990
693	1003
693	1008
693	1022
693	1023
693	1029
693	1030
693	1031
693	1033
693	1047
693	1048
693	1069
693	1079
693	1080
693	1081
693	1084
693	1085
693	1093
693	1094
693	1095
693	1201
693	1212
693	1213
693	1217
693	1240
693	1241
693	1270
693	1271
693	1298
693	1303
693	1317
693	1333
693	1412
693	1413
693	1428
693	1436
693	1437
693	1438
693	1442
693	1443
693	1449
693	1450
693	1451
693	1453
693	1483
693	1490
693	1520
693	1581
693	1582
693	1617
693	1618
693	1619
693	1642
693	1643
693	1644
694	695
694	698
694	699
694	701
694	702
694	704
694	707
694	725
694	746
694	755
694	756
694	776
694	777
694	786
694	821
694	824
694	826
694	845
694	848
694	864
694	872
694	875
694	877
694	916
694	932
694	954
694	957
694	972
694	976
694	981
694	984
694	985
694	988
694	990
694	991
694	992
694	1004
694	1008
694	1042
694	1049
694	1063
694	1086
694	1093
694	1094
694	1095
694	1098
694	1099
694	1100
694	1109
694	1113
694	1202
694	1212
694	1213
694	1218
694	1240
694	1241
694	1243
694	1270
694	1271
694	1273
694	1310
694	1318
694	1321
694	1323
694	1334
694	1337
694	1359
694	1362
694	1365
694	1396
694	1419
694	1422
694	1436
694	1437
694	1438
694	1441
694	1449
694	1450
694	1451
694	1454
694	1501
694	1507
694	1509
694	1581
694	1582
694	1605
694	1620
694	1621
694	1622
694	1632
694	1642
694	1643
694	1644
694	1646
695	701
695	702
695	708
695	755
695	756
695	786
695	790
695	792
695	821
695	845
695	848
695	850
695	865
695	872
695	875
695	909
695	932
695	941
695	954
695	955
695	957
695	958
695	959
695	961
695	972
695	977
695	984
695	985
695	989
695	990
695	1005
695	1008
695	1017
695	1018
695	1030
695	1042
695	1066
695	1067
695	1068
695	1070
695	1087
695	1093
695	1094
695	1095
695	1203
695	1212
695	1213
695	1219
695	1228
695	1240
695	1241
695	1270
695	1271
695	1282
695	1289
695	1291
695	1303
695	1319
695	1335
695	1343
695	1359
695	1365
695	1380
695	1406
695	1411
695	1419
695	1429
695	1433
695	1436
695	1437
695	1438
695	1449
695	1450
695	1451
695	1465
695	1471
695	1473
695	1490
695	1581
695	1582
695	1589
695	1593
695	1623
695	1624
695	1625
695	1642
695	1643
695	1644
696	697
696	698
696	703
696	709
696	715
696	757
696	758
696	787
696	801
696	821
696	822
696	829
696	835
696	869
696	873
696	876
696	879
696	881
696	885
696	900
696	918
696	933
696	934
696	949
696	978
696	981
696	986
696	994
696	997
696	998
696	999
696	1000
696	1008
696	1024
696	1025
696	1050
696	1051
696	1053
696	1096
696	1097
696	1106
696	1107
696	1110
696	1114
696	1180
696	1186
696	1204
696	1208
696	1220
696	1240
696	1241
696	1270
696	1271
696	1298
696	1308
696	1310
696	1316
696	1320
696	1330
696	1332
696	1337
696	1419
696	1420
696	1421
696	1423
696	1439
696	1455
696	1456
696	1500
696	1503
696	1504
696	1512
696	1526
696	1564
696	1603
696	1604
696	1609
696	1626
696	1627
696	1628
696	1629
696	1644
697	698
697	717
697	757
697	758
697	787
697	798
697	821
697	822
697	835
697	926
697	933
697	965
697	972
697	981
697	987
697	998
697	1024
697	1025
697	1050
697	1051
697	1072
697	1073
697	1096
697	1097
697	1175
697	1180
697	1205
697	1209
697	1240
697	1241
697	1270
697	1271
697	1282
697	1298
697	1303
697	1317
697	1320
697	1330
697	1336
697	1360
697	1409
697	1419
697	1420
697	1421
697	1439
697	1456
697	1476
697	1503
697	1504
697	1526
697	1564
697	1603
697	1604
697	1629
697	1630
697	1644
698	701
698	704
698	728
698	757
698	758
698	769
698	778
698	787
698	815
698	817
698	822
698	835
698	846
698	864
698	867
698	869
698	870
698	873
698	877
698	886
698	915
698	976
698	979
698	981
698	982
698	983
698	984
698	988
698	990
698	998
698	1038
698	1039
698	1050
698	1052
698	1065
698	1088
698	1089
698	1090
698	1091
698	1096
698	1097
698	1105
698	1116
698	1133
698	1180
698	1206
698	1221
698	1240
698	1241
698	1270
698	1271
698	1309
698	1310
698	1318
698	1320
698	1330
698	1357
698	1360
698	1394
698	1419
698	1420
698	1421
698	1439
698	1448
698	1457
698	1493
698	1498
698	1500
698	1526
698	1564
698	1603
698	1604
698	1622
698	1631
698	1632
699	700
699	701
699	702
699	703
699	707
699	711
699	759
699	760
699	761
699	788
699	804
699	806
699	823
699	833
699	834
699	836
699	838
699	867
699	886
699	902
699	911
699	919
699	936
699	943
699	950
699	954
699	984
699	990
699	991
699	994
699	1002
699	1003
699	1004
699	1005
699	1006
699	1008
699	1026
699	1027
699	1054
699	1055
699	1056
699	1098
699	1099
699	1100
699	1111
699	1112
699	1113
699	1116
699	1117
699	1193
699	1194
699	1195
699	1200
699	1207
699	1242
699	1243
699	1255
699	1256
699	1257
699	1263
699	1269
699	1272
699	1273
699	1302
699	1318
699	1321
699	1324
699	1326
699	1334
699	1425
699	1426
699	1431
699	1432
699	1440
699	1441
699	1458
699	1459
699	1483
699	1501
699	1513
699	1519
699	1535
699	1536
699	1543
699	1570
699	1571
699	1578
699	1620
699	1621
699	1622
699	1636
699	1637
699	1638
699	1639
700	701
700	702
700	712
700	718
700	753
700	759
700	760
700	761
700	788
700	802
700	804
700	805
700	806
700	809
700	823
700	834
700	836
700	857
700	860
700	868
700	874
700	892
700	911
700	927
700	943
700	954
700	966
700	967
700	968
700	972
700	984
700	1004
700	1026
700	1027
700	1028
700	1054
700	1055
700	1066
700	1074
700	1075
700	1078
700	1089
700	1098
700	1099
700	1100
700	1193
700	1194
700	1195
700	1201
700	1207
700	1222
700	1242
700	1243
700	1255
700	1256
700	1257
700	1263
700	1269
700	1272
700	1273
700	1290
700	1294
700	1322
700	1325
700	1410
700	1431
700	1432
700	1440
700	1441
700	1459
700	1465
700	1483
700	1484
700	1487
700	1490
700	1513
700	1519
700	1535
700	1536
700	1543
700	1546
700	1570
700	1571
700	1578
700	1620
700	1621
700	1622
700	1639
700	1640
700	1641
701	702
701	704
701	730
701	742
701	759
701	760
701	761
701	779
701	788
701	800
701	806
701	823
701	826
701	834
701	836
701	869
701	873
701	947
701	954
701	957
701	976
701	981
701	984
701	985
701	986
701	988
701	990
701	992
701	1004
701	1008
701	1041
701	1042
701	1043
701	1054
701	1067
701	1073
701	1090
701	1093
701	1094
701	1095
701	1097
701	1098
701	1099
701	1100
701	1107
701	1119
701	1181
701	1193
701	1194
701	1195
701	1202
701	1207
701	1241
701	1242
701	1243
701	1255
701	1256
701	1257
701	1272
701	1273
701	1306
701	1316
701	1318
701	1319
701	1334
701	1337
701	1419
701	1422
701	1431
701	1432
701	1438
701	1440
701	1441
701	1449
701	1460
701	1501
701	1519
701	1535
701	1536
701	1570
701	1571
701	1604
701	1620
701	1621
701	1622
701	1642
701	1643
701	1644
702	713
702	759
702	760
702	761
702	788
702	792
702	800
702	804
702	806
702	823
702	836
702	845
702	846
702	848
702	870
702	872
702	875
702	907
702	940
702	954
702	955
702	956
702	957
702	958
702	982
702	984
702	990
702	1004
702	1014
702	1015
702	1028
702	1056
702	1062
702	1063
702	1064
702	1065
702	1098
702	1099
702	1100
702	1181
702	1193
702	1194
702	1195
702	1203
702	1242
702	1243
702	1255
702	1256
702	1257
702	1272
702	1273
702	1288
702	1318
702	1323
702	1404
702	1422
702	1431
702	1432
702	1440
702	1441
702	1465
702	1483
702	1535
702	1536
702	1570
702	1571
702	1620
702	1621
702	1622
702	1645
702	1646
702	1647
703	704
703	707
703	714
703	719
703	762
703	763
703	789
703	798
703	807
703	808
703	811
703	812
703	829
703	876
703	879
703	912
703	922
703	944
703	976
703	991
703	993
703	994
703	995
703	998
703	1004
703	1022
703	1029
703	1047
703	1048
703	1101
703	1102
703	1103
703	1134
703	1143
703	1144
703	1161
703	1170
703	1182
703	1185
703	1196
703	1204
703	1208
703	1209
703	1215
703	1217
703	1225
703	1226
703	1244
703	1245
703	1253
703	1265
703	1292
703	1294
703	1306
703	1312
703	1321
703	1324
703	1325
703	1326
703	1327
703	1333
703	1334
703	1389
703	1392
703	1404
703	1405
703	1442
703	1443
703	1444
703	1452
703	1453
703	1476
703	1493
703	1495
703	1496
703	1512
703	1544
703	1555
703	1556
703	1569
703	1579
703	1606
703	1607
703	1617
703	1647
703	1648
704	715
704	734
704	762
704	763
704	765
704	789
704	807
704	813
704	817
704	829
704	864
704	869
704	873
704	877
704	913
704	945
704	976
704	977
704	978
704	979
704	981
704	983
704	984
704	990
704	992
704	994
704	1032
704	1034
704	1037
704	1047
704	1057
704	1070
704	1085
704	1086
704	1087
704	1088
704	1091
704	1102
704	1170
704	1198
704	1206
704	1208
704	1225
704	1226
704	1244
704	1245
704	1306
704	1314
704	1318
704	1324
704	1326
704	1404
704	1405
704	1415
704	1442
704	1443
704	1444
704	1445
704	1493
704	1500
704	1512
704	1555
704	1556
704	1649
704	1650
705	706
705	707
705	708
705	709
705	711
705	714
705	719
705	764
705	765
705	766
705	767
705	790
705	824
705	827
705	878
705	881
705	885
705	888
705	904
705	959
705	974
705	991
705	993
705	995
705	1000
705	1002
705	1006
705	1008
705	1009
705	1057
705	1082
705	1101
705	1102
705	1103
705	1111
705	1117
705	1210
705	1212
705	1216
705	1217
705	1218
705	1219
705	1246
705	1247
705	1274
705	1275
705	1324
705	1326
705	1328
705	1331
705	1445
705	1446
705	1447
705	1452
705	1453
705	1454
705	1510
705	1520
705	1521
705	1549
705	1550
705	1583
705	1584
705	1648
706	707
706	708
706	712
706	716
706	734
706	764
706	765
706	766
706	767
706	790
706	794
706	824
706	858
706	862
706	882
706	884
706	895
706	930
706	959
706	968
706	970
706	972
706	974
706	975
706	991
706	996
706	1003
706	1009
706	1010
706	1032
706	1033
706	1034
706	1070
706	1079
706	1082
706	1083
706	1084
706	1085
706	1101
706	1102
706	1103
706	1112
706	1211
706	1216
706	1217
706	1218
706	1219
706	1246
706	1247
706	1274
706	1275
706	1292
706	1299
706	1327
706	1329
706	1333
706	1414
706	1428
706	1444
706	1445
706	1446
706	1447
706	1452
706	1453
706	1454
706	1474
706	1485
706	1521
706	1549
706	1550
706	1583
706	1584
706	1585
706	1586
706	1587
706	1648
707	708
707	715
707	736
707	764
707	765
707	766
707	767
707	777
707	790
707	794
707	808
707	811
707	812
707	821
707	824
707	827
707	828
707	876
707	879
707	899
707	917
707	922
707	959
707	974
707	978
707	986
707	990
707	991
707	992
707	994
707	1004
707	1009
707	1035
707	1036
707	1045
707	1046
707	1101
707	1102
707	1103
707	1110
707	1113
707	1177
707	1182
707	1185
707	1210
707	1211
707	1215
707	1216
707	1217
707	1218
707	1219
707	1246
707	1247
707	1250
707	1268
707	1274
707	1275
707	1292
707	1294
707	1306
707	1312
707	1321
707	1324
707	1325
707	1326
707	1327
707	1332
707	1334
707	1389
707	1392
707	1416
707	1445
707	1446
707	1447
707	1452
707	1453
707	1454
707	1474
707	1503
707	1507
707	1510
707	1511
707	1545
707	1549
707	1550
707	1568
707	1580
707	1583
707	1584
707	1606
707	1607
707	1647
707	1648
708	710
708	713
708	752
708	764
708	765
708	766
708	767
708	786
708	790
708	794
708	795
708	796
708	808
708	813
708	814
708	824
708	827
708	891
708	910
708	923
708	942
708	952
708	956
708	957
708	959
708	960
708	961
708	962
708	974
708	991
708	1005
708	1009
708	1011
708	1019
708	1020
708	1021
708	1037
708	1069
708	1070
708	1082
708	1087
708	1101
708	1102
708	1103
708	1178
708	1185
708	1190
708	1198
708	1210
708	1211
708	1213
708	1216
708	1217
708	1218
708	1219
708	1246
708	1247
708	1250
708	1268
708	1274
708	1275
708	1284
708	1286
708	1289
708	1292
708	1293
708	1295
708	1307
708	1314
708	1324
708	1326
708	1327
708	1335
708	1352
708	1392
708	1407
708	1408
708	1429
708	1434
708	1435
708	1445
708	1446
708	1447
708	1452
708	1453
708	1454
708	1467
708	1471
708	1474
708	1475
708	1510
708	1532
708	1545
708	1549
708	1550
708	1580
708	1583
708	1584
708	1588
708	1589
708	1607
708	1625
708	1648
709	710
709	711
709	714
709	715
709	719
709	768
709	769
709	770
709	771
709	777
709	791
709	808
709	824
709	825
709	830
709	837
709	881
709	885
709	901
709	935
709	952
709	978
709	993
709	995
709	996
709	997
709	998
709	1000
709	1001
709	1006
709	1009
709	1012
709	1038
709	1049
709	1052
709	1053
709	1104
709	1105
709	1106
709	1108
709	1109
709	1110
709	1114
709	1184
709	1185
709	1214
709	1218
709	1220
709	1246
709	1247
709	1248
709	1274
709	1275
709	1299
709	1308
709	1312
709	1328
709	1331
709	1332
709	1424
709	1448
709	1454
709	1455
709	1457
709	1507
709	1508
709	1513
709	1517
709	1529
709	1566
709	1590
709	1591
709	1592
709	1607
709	1608
709	1610
710	768
710	769
710	770
710	771
710	785
710	791
710	808
710	825
710	837
710	843
710	880
710	889
710	906
710	921
710	939
710	952
710	953
710	959
710	980
710	996
710	1000
710	1013
710	1039
710	1040
710	1059
710	1060
710	1061
710	1104
710	1105
710	1138
710	1179
710	1184
710	1185
710	1192
710	1246
710	1247
710	1274
710	1275
710	1284
710	1292
710	1299
710	1309
710	1327
710	1430
710	1448
710	1464
710	1529
710	1546
710	1566
710	1594
710	1595
710	1596
710	1607
710	1608
711	712
711	713
711	714
711	772
711	773
711	774
711	792
711	809
711	826
711	836
711	838
711	858
711	867
711	878
711	881
711	882
711	885
711	886
711	888
711	903
711	937
711	956
711	968
711	986
711	995
711	997
711	1000
711	1002
711	1004
711	1006
711	1007
711	1009
711	1014
711	1041
711	1056
711	1076
711	1106
711	1107
711	1111
711	1114
711	1115
711	1116
711	1117
711	1158
711	1193
711	1200
711	1201
711	1202
711	1203
711	1212
711	1260
711	1261
711	1276
711	1277
711	1320
711	1328
711	1330
711	1331
711	1365
711	1368
711	1401
711	1427
711	1436
711	1437
711	1438
711	1449
711	1450
711	1451
711	1458
711	1460
711	1485
711	1503
711	1515
711	1520
711	1539
711	1540
711	1574
711	1575
711	1597
711	1598
711	1599
711	1626
711	1627
711	1628
712	713
712	718
712	730
712	742
712	753
712	760
712	772
712	773
712	774
712	792
712	806
712	809
712	826
712	838
712	855
712	856
712	858
712	859
712	860
712	868
712	881
712	882
712	885
712	887
712	893
712	928
712	956
712	966
712	968
712	969
712	974
712	986
712	1001
712	1006
712	1015
712	1028
712	1042
712	1067
712	1073
712	1074
712	1076
712	1077
712	1078
712	1089
712	1099
712	1106
712	1107
712	1114
712	1118
712	1158
712	1194
712	1200
712	1201
712	1202
712	1203
712	1260
712	1261
712	1276
712	1277
712	1296
712	1350
712	1365
712	1387
712	1401
712	1411
712	1431
712	1436
712	1437
712	1438
712	1441
712	1449
712	1450
712	1451
712	1467
712	1485
712	1486
712	1487
712	1515
712	1520
712	1539
712	1540
712	1574
712	1575
712	1600
712	1601
712	1602
712	1609
712	1626
712	1627
712	1628
713	772
713	773
713	774
713	786
713	788
713	792
713	794
713	801
713	809
713	823
713	826
713	838
713	846
713	858
713	870
713	882
713	890
713	908
713	922
713	954
713	956
713	959
713	968
713	986
713	999
713	1006
713	1016
713	1043
713	1044
713	1065
713	1076
713	1106
713	1107
713	1186
713	1195
713	1200
713	1201
713	1202
713	1203
713	1211
713	1213
713	1260
713	1261
713	1276
713	1277
713	1311
713	1320
713	1330
713	1405
713	1432
713	1436
713	1437
713	1438
713	1449
713	1450
713	1451
713	1467
713	1474
713	1485
713	1539
713	1540
713	1574
713	1575
713	1605
713	1606
713	1609
713	1622
713	1626
713	1627
713	1628
714	715
714	719
714	747
714	775
714	776
714	778
714	793
714	810
714	815
714	816
714	830
714	854
714	878
714	883
714	888
714	943
714	978
714	993
714	994
714	995
714	996
714	997
714	1000
714	1001
714	1006
714	1009
714	1017
714	1038
714	1049
714	1052
714	1071
714	1101
714	1104
714	1105
714	1108
714	1109
714	1110
714	1139
714	1146
714	1147
714	1164
714	1172
714	1173
714	1187
714	1196
714	1214
714	1221
714	1229
714	1230
714	1248
714	1249
714	1274
714	1296
714	1308
714	1312
714	1328
714	1329
714	1331
714	1363
714	1366
714	1378
714	1399
714	1402
714	1424
714	1448
714	1454
714	1457
714	1478
714	1495
714	1498
714	1499
714	1513
714	1517
714	1558
714	1559
714	1590
714	1591
714	1592
714	1607
714	1608
714	1639
715	775
715	776
715	793
715	810
715	811
715	813
715	896
715	914
715	931
715	946
715	976
715	978
715	979
715	980
715	983
715	986
715	991
715	995
715	998
715	1000
715	1019
715	1020
715	1035
715	1036
715	1037
715	1045
715	1046
715	1088
715	1103
715	1104
715	1108
715	1109
715	1110
715	1172
715	1173
715	1198
715	1215
715	1229
715	1230
715	1248
715	1249
715	1308
715	1314
715	1320
715	1328
715	1330
715	1332
715	1416
715	1417
715	1434
715	1446
715	1447
715	1495
715	1513
715	1558
715	1559
715	1590
715	1591
715	1592
715	1612
715	1613
715	1614
716	717
716	718
716	756
716	765
716	777
716	790
716	794
716	802
716	808
716	809
716	827
716	829
716	856
716	862
716	884
716	887
716	894
716	912
716	929
716	944
716	965
716	966
716	967
716	970
716	971
716	972
716	973
716	974
716	1002
716	1003
716	1005
716	1007
716	1022
716	1023
716	1029
716	1030
716	1031
716	1047
716	1048
716	1079
716	1080
716	1081
716	1082
716	1102
716	1111
716	1112
716	1113
716	1185
716	1201
716	1208
716	1210
716	1211
716	1216
716	1217
716	1219
716	1222
716	1234
716	1250
716	1265
716	1267
716	1268
716	1278
716	1289
716	1292
716	1317
716	1324
716	1333
716	1335
716	1336
716	1352
716	1367
716	1389
716	1392
716	1412
716	1413
716	1425
716	1437
716	1442
716	1443
716	1445
716	1446
716	1447
716	1452
716	1453
716	1454
716	1458
716	1471
716	1545
716	1549
716	1569
716	1580
716	1583
716	1612
716	1617
716	1618
716	1619
716	1636
716	1637
716	1638
716	1648
716	1649
717	769
717	778
717	795
717	801
717	828
717	855
717	859
717	881
717	885
717	926
717	965
717	970
717	996
717	997
717	1003
717	1007
717	1024
717	1025
717	1050
717	1051
717	1072
717	1073
717	1105
717	1114
717	1115
717	1116
717	1177
717	1178
717	1186
717	1205
717	1220
717	1236
717	1237
717	1251
717	1279
717	1298
717	1299
717	1320
717	1333
717	1336
717	1368
717	1409
717	1415
717	1416
717	1417
717	1439
717	1455
717	1456
717	1457
717	1480
717	1524
717	1551
717	1562
717	1597
717	1598
717	1599
717	1629
717	1630
718	779
718	796
718	802
718	804
718	834
718	856
718	858
718	862
718	882
718	884
718	887
718	892
718	911
718	927
718	943
718	966
718	967
718	968
718	970
718	971
718	1002
718	1026
718	1027
718	1054
718	1055
718	1074
718	1075
718	1076
718	1107
718	1117
718	1118
718	1119
718	1190
718	1207
718	1217
718	1222
718	1252
718	1263
718	1280
718	1302
718	1322
718	1410
718	1428
718	1429
718	1440
718	1458
718	1459
718	1460
718	1483
718	1485
718	1533
718	1615
718	1616
718	1639
718	1640
718	1641
719	780
719	797
719	829
719	878
719	881
719	885
719	888
719	993
719	994
719	995
719	997
719	1000
719	1002
719	1009
719	1029
719	1047
719	1048
719	1082
719	1101
719	1102
719	1103
719	1104
719	1108
719	1167
719	1208
719	1220
719	1324
719	1326
719	1328
719	1442
719	1452
719	1453
719	1512
719	1513
719	1515
719	1648
720	722
720	724
720	726
720	736
720	737
720	740
720	751
720	752
720	767
720	771
720	889
720	897
720	962
720	1010
720	1015
720	1060
720	1061
720	1064
720	1087
720	1088
720	1091
720	1092
720	1226
720	1237
720	1252
720	1280
720	1291
720	1293
720	1338
720	1340
720	1355
720	1417
720	1429
720	1470
720	1473
720	1475
720	1492
720	1551
720	1552
720	1553
721	722
721	723
721	741
721	742
721	746
721	753
721	776
721	798
721	829
721	925
721	958
721	969
721	989
721	1012
721	1013
721	1017
721	1018
721	1058
721	1062
721	1063
721	1064
721	1066
721	1067
721	1068
721	1094
721	1095
721	1099
721	1100
721	1143
721	1161
721	1208
721	1209
721	1223
721	1241
721	1253
721	1256
721	1265
721	1266
721	1297
721	1300
721	1301
721	1341
721	1343
721	1359
721	1404
721	1405
721	1419
721	1442
721	1443
721	1444
721	1488
721	1517
721	1518
721	1544
721	1576
721	1577
721	1578
721	1579
721	1633
721	1634
721	1635
721	1645
721	1646
721	1647
722	724
722	731
722	743
722	744
722	754
722	769
722	774
722	789
722	798
722	829
722	842
722	847
722	889
722	901
722	982
722	989
722	1018
722	1058
722	1065
722	1068
722	1090
722	1097
722	1120
722	1134
722	1135
722	1144
722	1208
722	1209
722	1223
722	1225
722	1226
722	1244
722	1245
722	1253
722	1257
722	1265
722	1266
722	1288
722	1342
722	1345
722	1360
722	1375
722	1404
722	1405
722	1421
722	1442
722	1443
722	1444
722	1470
722	1482
722	1506
722	1541
722	1542
722	1543
722	1544
722	1556
722	1579
722	1605
722	1606
722	1633
722	1634
722	1635
723	724
723	733
723	742
723	745
723	746
723	753
723	776
723	785
723	799
723	819
723	820
723	848
723	872
723	890
723	892
723	893
723	897
723	903
723	928
723	929
723	930
723	932
723	955
723	964
723	980
723	985
723	1012
723	1013
723	1015
723	1020
723	1039
723	1040
723	1042
723	1059
723	1060
723	1061
723	1063
723	1064
723	1066
723	1067
723	1068
723	1069
723	1094
723	1095
723	1099
723	1100
723	1121
723	1125
723	1130
723	1150
723	1168
723	1176
723	1179
723	1191
723	1223
723	1224
723	1227
723	1228
723	1234
723	1235
723	1243
723	1254
723	1258
723	1259
723	1297
723	1309
723	1341
723	1343
723	1362
723	1380
723	1381
723	1382
723	1406
723	1407
723	1408
723	1411
723	1412
723	1413
723	1414
723	1422
723	1497
723	1514
723	1560
723	1561
723	1593
723	1594
723	1595
723	1596
723	1623
723	1624
723	1625
724	735
724	751
724	765
724	783
724	799
724	814
724	839
724	844
724	850
724	851
724	865
724	866
724	889
724	891
724	894
724	895
724	904
724	921
724	930
724	951
724	961
724	962
724	977
724	980
724	1010
724	1021
724	1034
724	1040
724	1059
724	1060
724	1061
724	1069
724	1070
724	1086
724	1087
724	1092
724	1145
724	1169
724	1176
724	1192
724	1224
724	1234
724	1235
724	1245
724	1254
724	1259
724	1286
724	1340
724	1342
724	1344
724	1345
724	1377
724	1382
724	1406
724	1407
724	1408
724	1412
724	1413
724	1414
724	1435
724	1464
724	1561
724	1587
724	1588
724	1589
724	1594
724	1595
724	1596
724	1619
725	726
725	728
725	730
725	736
725	747
725	758
725	777
725	778
725	806
725	807
725	811
725	830
725	897
725	900
725	915
725	958
725	973
725	990
725	1015
725	1028
725	1059
725	1062
725	1063
725	1064
725	1071
725	1104
725	1105
725	1108
725	1109
725	1122
725	1139
725	1140
725	1147
725	1170
725	1194
725	1214
725	1215
725	1229
725	1233
725	1255
725	1256
725	1272
725	1273
725	1291
725	1311
725	1323
725	1346
725	1363
725	1366
725	1422
725	1438
725	1473
725	1485
725	1486
725	1487
725	1488
725	1502
725	1509
725	1546
725	1547
725	1548
725	1609
725	1610
725	1611
725	1645
725	1646
725	1647
726	731
726	737
726	739
726	770
726	806
726	807
726	811
726	830
726	889
726	893
726	897
726	901
726	928
726	932
726	958
726	973
726	1010
726	1013
726	1015
726	1028
726	1042
726	1059
726	1062
726	1063
726	1064
726	1071
726	1109
726	1122
726	1139
726	1140
726	1147
726	1170
726	1194
726	1214
726	1215
726	1230
726	1255
726	1256
726	1272
726	1273
726	1283
726	1290
726	1291
726	1323
726	1347
726	1364
726	1366
726	1411
726	1466
726	1472
726	1473
726	1485
726	1486
726	1487
726	1488
726	1509
726	1546
726	1547
726	1548
726	1589
726	1593
726	1609
726	1610
726	1611
726	1624
726	1645
726	1646
726	1647
727	728
727	730
727	732
727	738
727	748
727	757
727	760
727	779
727	781
727	800
727	812
727	823
727	855
727	859
727	898
727	902
727	982
727	999
727	1016
727	1065
727	1072
727	1073
727	1076
727	1077
727	1096
727	1106
727	1107
727	1114
727	1115
727	1123
727	1148
727	1153
727	1154
727	1181
727	1182
727	1183
727	1195
727	1225
727	1226
727	1231
727	1234
727	1242
727	1243
727	1244
727	1245
727	1257
727	1330
727	1365
727	1385
727	1409
727	1422
727	1481
727	1503
727	1504
727	1505
727	1506
727	1516
727	1527
727	1528
727	1563
727	1564
727	1565
727	1605
727	1606
727	1609
727	1629
727	1630
728	734
728	739
728	747
728	758
728	777
728	778
728	781
728	788
728	789
728	800
728	812
728	899
728	911
728	916
728	981
728	982
728	999
728	1011
728	1065
728	1071
728	1104
728	1105
728	1108
728	1109
728	1124
728	1149
728	1181
728	1182
728	1183
728	1225
728	1226
728	1235
728	1242
728	1243
728	1244
728	1245
728	1248
728	1257
728	1283
728	1310
728	1311
728	1315
728	1323
728	1339
728	1346
728	1366
728	1379
728	1385
728	1409
728	1422
728	1424
728	1448
728	1467
728	1468
728	1469
728	1470
728	1494
728	1525
728	1526
728	1527
728	1528
728	1565
728	1600
728	1605
728	1606
728	1639
729	730
729	731
729	732
729	741
729	749
729	759
729	762
729	780
729	782
729	813
729	831
729	955
729	971
729	985
729	1005
729	1017
729	1019
729	1029
729	1066
729	1067
729	1068
729	1074
729	1075
729	1079
729	1080
729	1098
729	1111
729	1112
729	1117
729	1118
729	1157
729	1171
729	1196
729	1197
729	1198
729	1199
729	1227
729	1228
729	1250
729	1258
729	1259
729	1263
729	1300
729	1327
729	1335
729	1348
729	1352
729	1367
729	1410
729	1411
729	1425
729	1433
729	1434
729	1435
729	1484
729	1513
729	1514
729	1519
729	1537
729	1538
729	1569
729	1570
729	1571
729	1572
729	1573
729	1623
729	1624
729	1625
729	1639
729	1640
729	1641
730	731
730	734
730	743
730	748
730	757
730	760
730	761
730	779
730	782
730	813
730	900
730	955
730	968
730	969
730	984
730	985
730	989
730	1005
730	1018
730	1030
730	1042
730	1058
730	1066
730	1067
730	1068
730	1072
730	1073
730	1076
730	1077
730	1078
730	1089
730	1106
730	1107
730	1114
730	1115
730	1125
730	1129
730	1130
730	1196
730	1197
730	1198
730	1199
730	1225
730	1227
730	1228
730	1229
730	1233
730	1239
730	1251
730	1258
730	1259
730	1264
730	1288
730	1307
730	1319
730	1350
730	1353
730	1368
730	1405
730	1410
730	1411
730	1419
730	1427
730	1433
730	1434
730	1435
730	1441
730	1449
730	1466
730	1478
730	1479
730	1501
730	1502
730	1506
730	1509
730	1534
730	1535
730	1536
730	1537
730	1538
730	1563
730	1572
730	1573
730	1600
730	1601
730	1602
730	1623
730	1624
730	1625
731	735
731	738
731	744
731	748
731	760
731	761
731	768
731	782
731	813
731	897
731	901
731	925
731	955
731	985
731	1005
731	1018
731	1021
731	1031
731	1058
731	1066
731	1067
731	1068
731	1073
731	1076
731	1077
731	1078
731	1089
731	1107
731	1116
731	1125
731	1129
731	1130
731	1196
731	1197
731	1198
731	1199
731	1226
731	1227
731	1228
731	1230
731	1233
731	1239
731	1258
731	1259
731	1281
731	1287
731	1288
731	1319
731	1351
731	1369
731	1410
731	1411
731	1433
731	1434
731	1435
731	1466
731	1473
731	1478
731	1479
731	1502
731	1534
731	1535
731	1536
731	1537
731	1538
731	1572
731	1573
731	1600
731	1601
731	1602
731	1621
731	1623
731	1624
731	1625
732	733
732	734
732	735
732	745
732	749
732	759
732	762
732	763
732	780
732	783
732	813
732	814
732	831
732	862
732	884
732	892
732	902
732	923
732	951
732	964
732	967
732	977
732	1003
732	1019
732	1062
732	1069
732	1070
732	1074
732	1075
732	1079
732	1080
732	1081
732	1082
732	1093
732	1111
732	1112
732	1117
732	1118
732	1145
732	1171
732	1198
732	1227
732	1228
732	1231
732	1234
732	1254
732	1258
732	1259
732	1265
732	1295
732	1326
732	1327
732	1335
732	1348
732	1352
732	1370
732	1389
732	1392
732	1406
732	1407
732	1408
732	1412
732	1413
732	1414
732	1477
732	1495
732	1496
732	1497
732	1512
732	1514
732	1516
732	1523
732	1554
732	1555
732	1556
732	1557
732	1569
732	1588
732	1589
732	1607
732	1617
732	1618
732	1619
732	1648
733	734
733	735
733	741
733	746
733	749
733	756
733	762
733	763
733	772
733	783
733	813
733	814
733	831
733	893
733	898
733	903
733	923
733	951
733	963
733	964
733	977
733	1013
733	1017
733	1020
733	1059
733	1062
733	1069
733	1070
733	1075
733	1079
733	1080
733	1081
733	1083
733	1093
733	1112
733	1119
733	1145
733	1171
733	1198
733	1227
733	1228
733	1232
733	1234
733	1254
733	1258
733	1259
733	1295
733	1300
733	1327
733	1343
733	1349
733	1352
733	1406
733	1407
733	1408
733	1412
733	1413
733	1414
733	1437
733	1477
733	1481
733	1495
733	1496
733	1497
733	1523
733	1554
733	1555
733	1556
733	1557
733	1588
733	1589
733	1617
733	1618
733	1619
734	735
734	749
734	750
734	755
734	782
734	783
734	814
734	831
734	852
734	863
734	891
734	894
734	919
734	951
734	963
734	964
734	974
734	975
734	976
734	977
734	980
734	1032
734	1034
734	1060
734	1069
734	1070
734	1082
734	1083
734	1084
734	1085
734	1101
734	1102
734	1121
734	1150
734	1171
734	1199
734	1224
734	1227
734	1228
734	1235
734	1258
734	1259
734	1266
734	1281
734	1306
734	1307
734	1319
734	1344
734	1350
734	1353
734	1371
734	1373
734	1390
734	1406
734	1407
734	1408
734	1412
734	1413
734	1414
734	1415
734	1444
734	1445
734	1461
734	1462
734	1493
734	1494
734	1522
734	1523
734	1554
734	1557
734	1585
734	1586
734	1587
734	1588
734	1589
734	1597
734	1636
735	750
735	764
735	782
735	783
735	814
735	831
735	891
735	895
735	899
735	904
735	951
735	964
735	977
735	1018
735	1021
735	1061
735	1069
735	1070
735	1082
735	1083
735	1084
735	1085
735	1102
735	1121
735	1150
735	1171
735	1199
735	1224
735	1227
735	1228
735	1235
735	1258
735	1259
735	1281
735	1288
735	1307
735	1345
735	1351
735	1353
735	1406
735	1407
735	1408
735	1412
735	1413
735	1414
735	1461
735	1462
735	1494
735	1522
735	1523
735	1557
735	1585
735	1586
735	1587
735	1588
735	1589
736	737
736	739
736	743
736	766
736	767
736	809
736	810
736	815
736	905
736	915
736	918
736	960
736	975
736	991
736	1022
736	1060
736	1088
736	1091
736	1103
736	1110
736	1126
736	1141
736	1142
736	1152
736	1172
736	1201
736	1220
736	1221
736	1237
736	1251
736	1260
736	1261
736	1276
736	1277
736	1293
736	1313
736	1325
736	1355
736	1363
736	1415
736	1416
736	1417
736	1455
736	1456
736	1457
736	1475
736	1489
736	1490
736	1491
736	1504
736	1511
736	1549
736	1550
736	1551
736	1552
736	1612
736	1613
736	1614
737	740
737	744
737	751
737	752
737	766
737	767
737	771
737	809
737	810
737	815
737	844
737	866
737	906
737	918
737	923
737	960
737	975
737	983
737	1023
737	1060
737	1061
737	1088
737	1091
737	1092
737	1110
737	1126
737	1141
737	1142
737	1152
737	1172
737	1201
737	1220
737	1221
737	1237
737	1251
737	1260
737	1261
737	1268
737	1276
737	1277
737	1285
737	1290
737	1292
737	1293
737	1325
737	1338
737	1352
737	1355
737	1358
737	1364
737	1392
737	1415
737	1416
737	1417
737	1455
737	1456
737	1457
737	1468
737	1472
737	1474
737	1475
737	1489
737	1490
737	1491
737	1511
737	1532
737	1549
737	1550
737	1551
737	1552
737	1612
737	1613
737	1614
737	1625
738	739
738	740
738	745
738	761
738	768
738	769
738	784
738	801
738	816
738	826
738	907
738	911
738	916
738	953
738	1001
738	1049
738	1058
738	1065
738	1071
738	1076
738	1078
738	1089
738	1090
738	1097
738	1116
738	1127
738	1156
738	1186
738	1187
738	1188
738	1202
738	1229
738	1230
738	1238
738	1242
738	1248
738	1249
738	1264
738	1331
738	1356
738	1418
738	1423
738	1424
738	1482
738	1507
738	1508
738	1509
738	1518
738	1530
738	1531
738	1566
738	1567
738	1609
738	1610
738	1611
738	1631
738	1632
739	740
739	747
739	770
739	771
739	784
739	792
739	793
739	801
739	816
739	909
739	912
739	916
739	941
739	953
739	1001
739	1011
739	1018
739	1022
739	1028
739	1059
739	1071
739	1078
739	1088
739	1091
739	1092
739	1173
739	1186
739	1187
739	1188
739	1203
739	1229
739	1230
739	1233
739	1239
739	1244
739	1248
739	1249
739	1285
739	1312
739	1313
739	1315
739	1325
739	1339
739	1418
739	1423
739	1424
739	1433
739	1464
739	1471
739	1472
739	1473
739	1496
739	1529
739	1530
739	1531
739	1567
739	1593
739	1601
739	1609
739	1610
739	1611
739	1640
740	751
740	752
740	767
740	770
740	771
740	784
740	792
740	793
740	801
740	816
740	910
740	917
740	953
740	979
740	1001
740	1018
740	1023
740	1060
740	1061
740	1071
740	1088
740	1091
740	1092
740	1173
740	1186
740	1187
740	1188
740	1203
740	1224
740	1229
740	1230
740	1233
740	1239
740	1245
740	1248
740	1249
740	1285
740	1293
740	1313
740	1340
740	1355
740	1358
740	1418
740	1423
740	1424
740	1462
740	1463
740	1464
740	1471
740	1472
740	1473
740	1529
740	1530
740	1531
740	1567
740	1593
740	1609
740	1610
740	1611
741	742
741	743
741	744
741	745
741	763
741	772
741	817
741	832
741	969
741	987
741	1007
741	1024
741	1029
741	1030
741	1062
741	1067
741	1072
741	1073
741	1079
741	1081
741	1093
741	1094
741	1095
741	1099
741	1119
741	1159
741	1174
741	1204
741	1205
741	1206
741	1231
741	1232
741	1240
741	1262
741	1301
741	1329
741	1336
741	1359
741	1361
741	1367
741	1419
741	1420
741	1421
741	1425
741	1439
741	1486
741	1515
741	1516
741	1520
741	1541
741	1542
741	1574
741	1575
741	1576
741	1577
741	1579
741	1629
741	1630
741	1642
741	1643
741	1644
742	743
742	744
742	746
742	753
742	772
742	776
742	817
742	832
742	848
742	872
742	932
742	967
742	968
742	969
742	984
742	985
742	987
742	1007
742	1025
742	1042
742	1063
742	1064
742	1067
742	1068
742	1072
742	1073
742	1080
742	1081
742	1093
742	1094
742	1095
742	1099
742	1100
742	1119
742	1159
742	1174
742	1204
742	1205
742	1206
742	1231
742	1232
742	1236
742	1241
742	1262
742	1301
742	1336
742	1341
742	1359
742	1362
742	1365
742	1404
742	1411
742	1419
742	1420
742	1421
742	1426
742	1439
742	1441
742	1449
742	1486
742	1492
742	1515
742	1516
742	1541
742	1542
742	1574
742	1575
742	1576
742	1577
742	1579
742	1593
742	1629
742	1630
742	1632
742	1642
742	1643
742	1644
743	744
743	748
743	773
743	774
743	817
743	905
743	918
743	969
743	986
743	987
743	989
743	1007
743	1030
743	1050
743	1072
743	1073
743	1081
743	1090
743	1096
743	1097
743	1132
743	1133
743	1175
743	1204
743	1205
743	1206
743	1225
743	1231
743	1232
743	1262
743	1360
743	1368
743	1405
743	1419
743	1420
743	1421
743	1439
743	1450
743	1468
743	1480
743	1481
743	1503
743	1504
743	1506
743	1511
743	1539
743	1540
743	1541
743	1542
743	1544
743	1576
743	1577
743	1603
743	1604
743	1629
743	1630
744	754
744	769
744	773
744	774
744	817
744	869
744	873
744	906
744	969
744	987
744	1007
744	1031
744	1065
744	1072
744	1073
744	1090
744	1096
744	1097
744	1132
744	1133
744	1175
744	1204
744	1205
744	1206
744	1226
744	1231
744	1232
744	1237
744	1262
744	1287
744	1342
744	1360
744	1369
744	1419
744	1420
744	1421
744	1439
744	1468
744	1475
744	1480
744	1481
744	1504
744	1539
744	1540
744	1541
744	1542
744	1544
744	1576
744	1577
744	1603
744	1604
744	1622
744	1629
744	1630
745	746
745	749
745	775
745	776
745	817
745	818
745	832
745	892
745	907
745	911
745	915
745	919
745	943
745	996
745	1024
745	1032
745	1052
745	1054
745	1063
745	1066
745	1082
745	1094
745	1098
745	1099
745	1100
745	1113
745	1148
745	1149
745	1153
745	1174
745	1175
745	1206
745	1227
745	1231
745	1232
745	1242
745	1262
745	1328
745	1329
745	1336
745	1361
745	1379
745	1409
745	1422
745	1448
745	1479
745	1498
745	1499
745	1500
745	1513
745	1514
745	1518
745	1558
745	1559
745	1560
745	1561
745	1608
745	1620
745	1621
745	1622
745	1639
746	753
746	775
746	776
746	817
746	818
746	832
746	893
746	908
746	911
746	963
746	990
746	996
746	1013
746	1025
746	1063
746	1064
746	1067
746	1068
746	1083
746	1094
746	1095
746	1098
746	1099
746	1100
746	1113
746	1148
746	1149
746	1153
746	1174
746	1175
746	1206
746	1228
746	1231
746	1232
746	1238
746	1243
746	1262
746	1301
746	1329
746	1343
746	1359
746	1362
746	1379
746	1406
746	1409
746	1422
746	1438
746	1479
746	1482
746	1498
746	1499
746	1500
746	1558
746	1559
746	1560
746	1561
746	1620
746	1621
746	1622
747	750
747	758
747	777
747	778
747	785
747	793
747	909
747	916
747	917
747	920
747	982
747	995
747	1028
747	1049
747	1071
747	1076
747	1077
747	1078
747	1104
747	1105
747	1108
747	1109
747	1110
747	1127
747	1156
747	1173
747	1179
747	1229
747	1230
747	1233
747	1238
747	1239
747	1248
747	1249
747	1264
747	1288
747	1311
747	1313
747	1322
747	1346
747	1347
747	1363
747	1366
747	1418
747	1423
747	1424
747	1463
747	1465
747	1466
747	1499
747	1524
747	1525
747	1527
747	1528
747	1559
747	1563
747	1590
747	1591
747	1592
747	1600
747	1601
747	1602
747	1621
748	750
748	757
748	760
748	779
748	798
748	799
748	819
748	849
748	853
748	881
748	885
748	905
748	906
748	915
748	918
748	964
748	967
748	985
748	987
748	1003
748	1022
748	1023
748	1030
748	1031
748	1033
748	1072
748	1073
748	1076
748	1077
748	1079
748	1080
748	1081
748	1106
748	1107
748	1114
748	1115
748	1116
748	1176
748	1191
748	1192
748	1209
748	1233
748	1234
748	1251
748	1253
748	1254
748	1265
748	1287
748	1317
748	1350
748	1368
748	1369
748	1371
748	1384
748	1411
748	1425
748	1426
748	1427
748	1430
748	1437
748	1476
748	1477
748	1502
748	1504
748	1508
748	1533
748	1534
748	1537
748	1538
748	1569
748	1597
748	1598
748	1599
748	1617
748	1618
748	1619
749	750
749	759
749	762
749	780
749	820
749	911
749	919
749	963
749	1029
749	1032
749	1074
749	1075
749	1079
749	1080
749	1082
749	1083
749	1084
749	1102
749	1111
749	1112
749	1117
749	1118
749	1119
749	1168
749	1169
749	1223
749	1224
749	1234
749	1235
749	1266
749	1327
749	1329
749	1333
749	1352
749	1367
749	1370
749	1412
749	1493
749	1494
749	1522
749	1554
749	1557
749	1585
749	1586
749	1587
749	1615
749	1616
750	755
750	820
750	912
750	916
750	920
750	963
750	977
750	1030
750	1033
750	1082
750	1083
750	1084
750	1101
750	1102
750	1168
750	1169
750	1223
750	1224
750	1235
750	1248
750	1266
750	1307
750	1317
750	1353
750	1368
750	1371
750	1414
750	1461
750	1494
750	1496
750	1499
750	1522
750	1523
750	1554
750	1585
750	1586
750	1587
751	752
751	754
751	765
751	766
751	767
751	771
751	802
751	833
751	921
751	932
751	961
751	992
751	1034
751	1042
751	1060
751	1061
751	1070
751	1085
751	1086
751	1087
751	1088
751	1091
751	1092
751	1095
751	1222
751	1236
751	1257
751	1267
751	1268
751	1278
751	1279
751	1286
751	1292
751	1373
751	1377
751	1392
751	1428
751	1429
751	1447
751	1458
751	1459
751	1460
751	1469
751	1474
751	1492
751	1549
751	1550
751	1553
751	1649
751	1650
752	767
752	770
752	771
752	794
752	795
752	803
752	844
752	849
752	853
752	866
752	891
752	902
752	903
752	906
752	923
752	930
752	939
752	959
752	960
752	979
752	980
752	983
752	1019
752	1020
752	1034
752	1037
752	1039
752	1044
752	1059
752	1060
752	1061
752	1069
752	1088
752	1091
752	1092
752	1178
752	1189
752	1211
752	1237
752	1250
752	1251
752	1254
752	1259
752	1268
752	1286
752	1309
752	1314
752	1340
752	1344
752	1373
752	1376
752	1377
752	1381
752	1407
752	1417
752	1425
752	1426
752	1427
752	1430
752	1434
752	1447
752	1474
752	1475
752	1529
752	1532
752	1568
752	1594
752	1595
752	1596
752	1599
752	1612
752	1613
752	1614
752	1638
753	754
753	772
753	776
753	804
753	830
753	834
753	924
753	925
753	958
753	968
753	988
753	1018
753	1038
753	1062
753	1063
753	1064
753	1067
753	1068
753	1089
753	1090
753	1094
753	1095
753	1098
753	1099
753	1100
753	1128
753	1160
753	1207
753	1214
753	1238
753	1252
753	1255
753	1256
753	1263
753	1264
753	1269
753	1272
753	1273
753	1331
753	1378
753	1380
753	1395
753	1396
753	1431
753	1432
753	1440
753	1441
753	1449
753	1487
753	1517
753	1518
753	1543
753	1547
753	1574
753	1575
753	1578
753	1579
753	1610
753	1631
753	1632
753	1645
753	1646
753	1647
754	761
754	769
754	773
754	774
754	788
754	800
754	804
754	823
754	834
754	846
754	869
754	870
754	873
754	908
754	921
754	926
754	935
754	982
754	988
754	1040
754	1043
754	1065
754	1089
754	1090
754	1097
754	1100
754	1181
754	1195
754	1207
754	1226
754	1238
754	1242
754	1243
754	1257
754	1263
754	1264
754	1269
754	1271
754	1299
754	1357
754	1361
754	1362
754	1379
754	1382
754	1394
754	1422
754	1431
754	1432
754	1440
754	1441
754	1451
754	1469
754	1482
754	1505
754	1527
754	1536
754	1539
754	1540
754	1543
754	1544
754	1571
754	1578
754	1605
754	1606
754	1622
754	1630
754	1631
754	1632
755	756
755	757
755	759
755	764
755	786
755	821
755	835
755	931
755	945
755	957
755	972
755	990
755	1008
755	1041
755	1069
755	1082
755	1083
755	1093
755	1094
755	1095
755	1101
755	1102
755	1111
755	1131
755	1158
755	1163
755	1180
755	1212
755	1213
755	1240
755	1241
755	1260
755	1263
755	1270
755	1271
755	1303
755	1330
755	1337
755	1383
755	1397
755	1401
755	1436
755	1437
755	1438
755	1449
755	1450
755	1451
755	1452
755	1490
755	1519
755	1520
755	1580
755	1581
755	1582
755	1642
755	1643
755	1644
756	763
756	765
756	786
756	821
756	835
756	896
756	903
756	931
756	937
756	946
756	957
756	970
756	972
756	973
756	990
756	1008
756	1014
756	1020
756	1041
756	1046
756	1062
756	1069
756	1081
756	1083
756	1085
756	1093
756	1094
756	1095
756	1103
756	1112
756	1131
756	1158
756	1163
756	1180
756	1212
756	1213
756	1240
756	1241
756	1261
756	1270
756	1271
756	1298
756	1303
756	1304
756	1337
756	1384
756	1398
756	1401
756	1413
756	1427
756	1436
756	1437
756	1438
756	1443
756	1449
756	1450
756	1451
756	1453
756	1483
756	1490
756	1491
756	1520
756	1580
756	1581
756	1582
756	1595
756	1614
756	1634
756	1642
756	1643
756	1644
757	758
757	760
757	762
757	768
757	779
757	787
757	821
757	822
757	835
757	855
757	859
757	933
757	936
757	947
757	981
757	998
757	1035
757	1072
757	1073
757	1076
757	1077
757	1096
757	1097
757	1106
757	1107
757	1114
757	1115
757	1132
757	1159
757	1180
757	1240
757	1241
757	1265
757	1270
757	1271
757	1276
757	1298
757	1330
757	1332
757	1337
757	1374
757	1383
757	1401
757	1419
757	1420
757	1421
757	1439
757	1455
757	1503
757	1504
757	1505
757	1506
757	1512
757	1526
757	1562
757	1564
757	1565
757	1603
757	1604
757	1609
757	1629
757	1630
758	770
758	777
758	778
758	786
758	787
758	822
758	835
758	898
758	911
758	981
758	982
758	983
758	998
758	1037
758	1043
758	1071
758	1088
758	1096
758	1097
758	1104
758	1105
758	1108
758	1109
758	1133
758	1180
758	1213
758	1240
758	1241
758	1262
758	1266
758	1270
758	1271
758	1282
758	1310
758	1311
758	1314
758	1376
758	1379
758	1385
758	1402
758	1419
758	1420
758	1421
758	1430
758	1439
758	1448
758	1457
758	1467
758	1468
758	1469
758	1470
758	1493
758	1500
758	1524
758	1526
758	1527
758	1528
758	1564
758	1600
758	1603
758	1604
758	1639
759	760
759	761
759	762
759	772
759	780
759	788
759	806
759	823
759	830
759	836
759	924
759	954
759	971
759	984
759	1004
759	1045
759	1049
759	1066
759	1074
759	1075
759	1079
759	1080
759	1098
759	1099
759	1100
759	1111
759	1112
759	1117
759	1118
759	1193
759	1194
759	1195
759	1214
759	1242
759	1243
759	1255
759	1256
759	1257
759	1260
759	1263
759	1269
759	1272
759	1273
759	1278
759	1326
759	1334
759	1386
759	1389
759	1431
759	1432
759	1440
759	1441
759	1458
759	1483
759	1513
759	1514
759	1519
759	1535
759	1536
759	1570
759	1571
759	1572
759	1573
759	1620
759	1621
759	1622
759	1639
759	1640
759	1641
760	761
760	773
760	779
760	788
760	800
760	806
760	823
760	836
760	926
760	934
760	954
760	968
760	969
760	984
760	985
760	988
760	1004
760	1042
760	1058
760	1072
760	1073
760	1076
760	1077
760	1078
760	1089
760	1090
760	1098
760	1099
760	1100
760	1106
760	1107
760	1114
760	1115
760	1128
760	1160
760	1181
760	1193
760	1194
760	1195
760	1233
760	1238
760	1242
760	1243
760	1255
760	1256
760	1257
760	1264
760	1272
760	1273
760	1279
760	1306
760	1318
760	1387
760	1390
760	1411
760	1419
760	1431
760	1432
760	1440
760	1441
760	1449
760	1460
760	1465
760	1478
760	1479
760	1501
760	1502
760	1505
760	1533
760	1535
760	1536
760	1537
760	1538
760	1563
760	1570
760	1571
760	1600
760	1601
760	1602
760	1620
760	1621
760	1622
761	768
761	774
761	779
761	788
761	800
761	806
761	823
761	836
761	925
761	932
761	935
761	954
761	984
761	1004
761	1018
761	1058
761	1073
761	1076
761	1077
761	1078
761	1089
761	1098
761	1099
761	1100
761	1107
761	1116
761	1128
761	1160
761	1181
761	1193
761	1194
761	1195
761	1238
761	1242
761	1243
761	1255
761	1256
761	1257
761	1264
761	1272
761	1273
761	1288
761	1318
761	1388
761	1431
761	1432
761	1440
761	1441
761	1465
761	1478
761	1479
761	1501
761	1533
761	1535
761	1536
761	1537
761	1538
761	1570
761	1571
761	1600
761	1601
761	1602
761	1620
761	1621
761	1622
762	763
762	775
762	780
762	789
762	807
762	811
762	812
762	862
762	884
762	922
762	927
762	936
762	967
762	976
762	994
762	1003
762	1045
762	1062
762	1074
762	1075
762	1079
762	1080
762	1081
762	1093
762	1111
762	1112
762	1117
762	1118
762	1134
762	1143
762	1144
762	1161
762	1170
762	1182
762	1215
762	1225
762	1226
762	1234
762	1244
762	1245
762	1253
762	1265
762	1280
762	1294
762	1326
762	1327
762	1334
762	1352
762	1386
762	1389
762	1392
762	1403
762	1404
762	1405
762	1442
762	1443
762	1444
762	1476
762	1495
762	1496
762	1497
762	1512
762	1555
762	1556
762	1557
762	1569
762	1607
762	1617
762	1618
762	1619
762	1648
763	772
763	776
763	780
763	789
763	807
763	811
763	812
763	922
763	928
763	933
763	937
763	964
763	976
763	994
763	1046
763	1062
763	1069
763	1075
763	1079
763	1080
763	1081
763	1093
763	1112
763	1119
763	1134
763	1143
763	1144
763	1161
763	1170
763	1182
763	1215
763	1225
763	1226
763	1244
763	1245
763	1253
763	1265
763	1294
763	1326
763	1380
763	1389
763	1404
763	1405
763	1437
763	1442
763	1443
763	1444
763	1476
763	1495
763	1496
763	1497
763	1512
763	1555
763	1556
763	1557
763	1617
763	1618
763	1619
764	765
764	766
764	767
764	768
764	772
764	790
764	824
764	837
764	945
764	959
764	974
764	991
764	1009
764	1049
764	1070
764	1084
764	1085
764	1086
764	1087
764	1101
764	1102
764	1103
764	1111
764	1136
764	1165
764	1184
764	1216
764	1217
764	1218
764	1219
764	1246
764	1247
764	1267
764	1274
764	1275
764	1278
764	1331
764	1391
764	1393
764	1397
764	1445
764	1446
764	1447
764	1452
764	1453
764	1454
764	1520
764	1521
764	1549
764	1550
764	1583
764	1584
764	1648
764	1649
764	1650
765	766
765	767
765	769
765	790
765	824
765	837
765	850
765	864
765	865
765	877
765	921
765	946
765	959
765	961
765	970
765	974
765	975
765	976
765	977
765	991
765	992
765	1009
765	1032
765	1034
765	1070
765	1084
765	1085
765	1086
765	1087
765	1101
765	1102
765	1103
765	1112
765	1136
765	1165
765	1184
765	1216
765	1217
765	1218
765	1219
765	1236
765	1246
765	1247
765	1252
765	1267
765	1274
765	1275
765	1278
765	1299
765	1305
765	1354
765	1370
765	1372
765	1391
765	1394
765	1398
765	1414
765	1415
765	1428
765	1444
765	1445
765	1446
765	1447
765	1452
765	1453
765	1454
765	1485
765	1492
765	1521
765	1549
765	1550
765	1553
765	1583
765	1584
765	1596
765	1635
765	1648
765	1649
765	1650
766	767
766	770
766	773
766	777
766	790
766	808
766	824
766	938
766	959
766	974
766	991
766	992
766	1009
766	1047
766	1054
766	1060
766	1086
766	1088
766	1091
766	1101
766	1102
766	1103
766	1110
766	1113
766	1185
766	1216
766	1217
766	1218
766	1219
766	1246
766	1247
766	1250
766	1268
766	1270
766	1274
766	1275
766	1292
766	1312
766	1324
766	1392
766	1399
766	1445
766	1446
766	1447
766	1452
766	1453
766	1454
766	1474
766	1489
766	1490
766	1491
766	1503
766	1510
766	1549
766	1550
766	1551
766	1552
766	1553
766	1583
766	1584
766	1612
766	1613
766	1614
766	1648
767	771
767	774
767	790
767	808
767	824
767	844
767	866
767	923
767	939
767	959
767	974
767	983
767	991
767	1009
767	1048
767	1055
767	1060
767	1061
767	1087
767	1088
767	1091
767	1092
767	1101
767	1102
767	1103
767	1110
767	1185
767	1216
767	1217
767	1218
767	1219
767	1237
767	1246
767	1247
767	1250
767	1268
767	1271
767	1274
767	1275
767	1284
767	1289
767	1292
767	1293
767	1324
767	1352
767	1355
767	1373
767	1392
767	1400
767	1429
767	1445
767	1446
767	1447
767	1452
767	1453
767	1454
767	1467
767	1471
767	1474
767	1475
767	1489
767	1490
767	1491
767	1510
767	1532
767	1549
767	1550
767	1551
767	1552
767	1553
767	1583
767	1584
767	1612
767	1613
767	1614
767	1625
767	1648
768	769
768	770
768	771
768	775
768	791
768	808
768	824
768	825
768	837
768	916
768	940
768	943
768	947
768	952
768	1000
768	1035
768	1049
768	1058
768	1065
768	1078
768	1089
768	1090
768	1097
768	1104
768	1105
768	1114
768	1116
768	1137
768	1155
768	1162
768	1184
768	1185
768	1218
768	1246
768	1247
768	1263
768	1269
768	1272
768	1274
768	1275
768	1276
768	1299
768	1331
768	1332
768	1374
768	1393
768	1448
768	1455
768	1507
768	1508
768	1509
768	1513
768	1517
768	1529
768	1566
768	1567
768	1568
768	1607
768	1608
768	1610
768	1631
768	1632
769	770
769	771
769	774
769	776
769	791
769	808
769	824
769	825
769	837
769	948
769	952
769	965
769	981
769	982
769	988
769	1000
769	1036
769	1049
769	1065
769	1078
769	1089
769	1090
769	1097
769	1104
769	1105
769	1115
769	1116
769	1137
769	1155
769	1162
769	1184
769	1185
769	1218
769	1238
769	1246
769	1247
769	1253
769	1263
769	1269
769	1273
769	1274
769	1275
769	1277
769	1299
769	1331
769	1375
769	1391
769	1394
769	1448
769	1456
769	1478
769	1480
769	1482
769	1507
769	1508
769	1509
769	1517
769	1529
769	1543
769	1566
769	1567
769	1568
769	1607
769	1608
769	1631
769	1632
770	771
770	778
770	790
770	791
770	808
770	825
770	837
770	909
770	941
770	944
770	952
770	983
770	1000
770	1017
770	1037
770	1047
770	1056
770	1059
770	1088
770	1091
770	1092
770	1104
770	1105
770	1116
770	1138
770	1184
770	1185
770	1219
770	1246
770	1247
770	1274
770	1275
770	1284
770	1312
770	1313
770	1314
770	1324
770	1376
770	1430
770	1433
770	1448
770	1471
770	1472
770	1473
770	1495
770	1529
770	1530
770	1531
770	1532
770	1566
770	1593
770	1601
770	1607
770	1608
770	1640
771	790
771	791
771	808
771	825
771	837
771	942
771	952
771	979
771	1000
771	1017
771	1048
771	1060
771	1061
771	1088
771	1091
771	1092
771	1104
771	1105
771	1138
771	1184
771	1185
771	1219
771	1239
771	1246
771	1247
771	1254
771	1274
771	1275
771	1284
771	1292
771	1312
771	1377
771	1392
771	1448
771	1464
771	1471
771	1472
771	1473
771	1529
771	1530
771	1531
771	1532
771	1566
771	1593
771	1607
771	1608
772	773
772	774
772	775
772	792
772	809
772	826
772	838
772	924
772	956
772	968
772	986
772	1006
772	1030
772	1052
772	1062
772	1067
772	1081
772	1093
772	1094
772	1095
772	1099
772	1106
772	1107
772	1117
772	1119
772	1158
772	1200
772	1201
772	1202
772	1203
772	1220
772	1255
772	1260
772	1261
772	1276
772	1277
772	1328
772	1395
772	1436
772	1437
772	1438
772	1449
772	1450
772	1451
772	1458
772	1485
772	1515
772	1516
772	1520
772	1539
772	1540
772	1574
772	1575
772	1576
772	1577
772	1578
772	1626
772	1627
772	1628
772	1642
772	1643
772	1644
773	774
773	779
773	792
773	801
773	809
773	826
773	838
773	926
773	938
773	949
773	956
773	968
773	986
773	987
773	988
773	1006
773	1050
773	1053
773	1090
773	1096
773	1097
773	1106
773	1107
773	1119
773	1131
773	1163
773	1186
773	1200
773	1201
773	1202
773	1203
773	1260
773	1261
773	1270
773	1276
773	1277
773	1308
773	1320
773	1359
773	1420
773	1432
773	1436
773	1437
773	1438
773	1449
773	1450
773	1451
773	1467
773	1480
773	1481
773	1503
773	1504
773	1505
773	1510
773	1539
773	1540
773	1541
773	1542
773	1543
773	1574
773	1575
773	1603
773	1604
773	1626
773	1627
773	1628
773	1629
774	792
774	801
774	809
774	826
774	838
774	869
774	873
774	939
774	956
774	968
774	986
774	1006
774	1051
774	1065
774	1090
774	1096
774	1097
774	1106
774	1107
774	1131
774	1163
774	1186
774	1200
774	1201
774	1202
774	1203
774	1257
774	1260
774	1261
774	1268
774	1271
774	1276
774	1277
774	1320
774	1359
774	1360
774	1379
774	1436
774	1437
774	1438
774	1449
774	1450
774	1451
774	1467
774	1474
774	1480
774	1481
774	1503
774	1539
774	1540
774	1541
774	1542
774	1543
774	1574
774	1575
774	1603
774	1604
774	1622
774	1626
774	1627
774	1628
775	776
775	780
775	793
775	810
775	815
775	816
775	911
775	915
775	927
775	940
775	943
775	950
775	978
775	995
775	1038
775	1052
775	1054
775	1057
775	1063
775	1066
775	1094
775	1098
775	1099
775	1100
775	1108
775	1109
775	1110
775	1113
775	1139
775	1146
775	1147
775	1164
775	1172
775	1173
775	1187
775	1221
775	1229
775	1230
775	1248
775	1249
775	1272
775	1296
775	1328
775	1329
775	1378
775	1395
775	1448
775	1478
775	1498
775	1499
775	1500
775	1513
775	1517
775	1558
775	1559
775	1560
775	1590
775	1591
775	1592
775	1608
775	1620
775	1621
775	1622
775	1639
776	793
776	810
776	815
776	816
776	928
776	943
776	978
776	990
776	995
776	1038
776	1052
776	1063
776	1064
776	1067
776	1068
776	1094
776	1095
776	1098
776	1099
776	1100
776	1108
776	1109
776	1110
776	1113
776	1139
776	1146
776	1147
776	1164
776	1172
776	1173
776	1187
776	1221
776	1229
776	1230
776	1248
776	1249
776	1269
776	1273
776	1296
776	1328
776	1378
776	1380
776	1396
776	1422
776	1433
776	1438
776	1478
776	1498
776	1499
776	1500
776	1513
776	1558
776	1559
776	1560
776	1590
776	1591
776	1592
776	1620
776	1621
776	1622
777	778
777	779
777	794
777	802
777	803
777	827
777	834
777	911
777	913
777	914
777	915
777	938
777	943
777	949
777	970
777	990
777	991
777	1000
777	1026
777	1027
777	1047
777	1052
777	1054
777	1055
777	1056
777	1071
777	1103
777	1104
777	1105
777	1108
777	1109
777	1111
777	1112
777	1113
777	1136
777	1155
777	1162
777	1165
777	1189
777	1207
777	1210
777	1211
777	1222
777	1246
777	1247
777	1250
777	1267
777	1268
777	1274
777	1275
777	1278
777	1279
777	1289
777	1302
777	1321
777	1363
777	1399
777	1400
777	1402
777	1438
777	1445
777	1446
777	1447
777	1448
777	1452
777	1453
777	1454
777	1471
777	1483
777	1484
777	1489
777	1507
777	1545
777	1546
777	1580
777	1607
777	1608
777	1636
777	1637
777	1638
777	1639
778	795
778	828
778	916
778	941
778	965
778	981
778	995
778	997
778	1049
778	1054
778	1056
778	1071
778	1104
778	1105
778	1108
778	1109
778	1110
778	1114
778	1115
778	1116
778	1126
778	1142
778	1177
778	1178
778	1236
778	1237
778	1248
778	1251
778	1262
778	1279
778	1310
778	1312
778	1321
778	1385
778	1399
778	1402
778	1415
778	1416
778	1417
778	1455
778	1456
778	1457
778	1465
778	1466
778	1498
778	1524
778	1525
778	1526
778	1562
778	1590
778	1591
778	1592
778	1597
778	1598
778	1599
779	796
779	881
779	885
779	949
779	966
779	984
779	986
779	1002
779	1030
779	1050
779	1072
779	1073
779	1076
779	1077
779	1106
779	1107
779	1114
779	1115
779	1116
779	1117
779	1118
779	1119
779	1190
779	1252
779	1264
779	1274
779	1279
779	1280
779	1316
779	1368
779	1387
779	1428
779	1429
779	1441
779	1458
779	1459
779	1460
779	1476
779	1477
779	1501
779	1503
779	1507
779	1533
779	1534
779	1535
779	1536
779	1597
779	1598
779	1599
779	1615
779	1616
780	797
780	943
780	947
780	950
780	993
780	1052
780	1057
780	1074
780	1075
780	1079
780	1080
780	1082
780	1108
780	1111
780	1112
780	1117
780	1118
780	1119
780	1167
780	1265
780	1276
780	1280
780	1326
780	1328
780	1389
780	1403
780	1442
780	1493
780	1494
780	1512
780	1513
780	1515
780	1554
780	1555
780	1556
780	1615
780	1616
781	783
781	785
781	787
781	789
781	800
781	812
781	890
781	899
781	953
781	982
781	999
781	1013
781	1036
781	1065
781	1120
781	1133
781	1135
781	1179
781	1181
781	1182
781	1183
781	1225
781	1226
781	1242
781	1243
781	1244
781	1245
781	1257
781	1297
781	1306
781	1390
781	1409
781	1418
781	1422
781	1462
781	1479
781	1481
781	1482
781	1527
781	1528
781	1536
781	1556
781	1565
781	1602
781	1605
781	1606
782	783
782	788
782	813
782	840
782	871
782	891
782	894
782	909
782	955
782	979
782	985
782	1005
782	1011
782	1021
782	1066
782	1067
782	1068
782	1121
782	1125
782	1129
782	1130
782	1149
782	1150
782	1192
782	1196
782	1197
782	1198
782	1199
782	1227
782	1228
782	1239
782	1258
782	1259
782	1281
782	1307
782	1311
782	1315
782	1353
782	1410
782	1411
782	1429
782	1433
782	1434
782	1435
782	1497
782	1523
782	1537
782	1538
782	1572
782	1573
782	1619
782	1623
782	1624
782	1625
783	789
783	814
783	831
783	839
783	851
783	889
783	891
783	923
783	951
783	964
783	977
783	980
783	1010
783	1011
783	1021
783	1069
783	1070
783	1124
783	1125
783	1130
783	1145
783	1169
783	1171
783	1183
783	1199
783	1224
783	1227
783	1228
783	1254
783	1258
783	1259
783	1281
783	1283
783	1307
783	1353
783	1406
783	1407
783	1408
783	1412
783	1413
783	1414
783	1429
783	1461
783	1462
783	1464
783	1522
783	1523
783	1538
783	1557
783	1587
783	1588
783	1589
784	785
784	791
784	793
784	801
784	816
784	841
784	842
784	847
784	861
784	893
784	925
784	953
784	1001
784	1012
784	1018
784	1053
784	1071
784	1122
784	1138
784	1140
784	1173
784	1179
784	1186
784	1187
784	1188
784	1229
784	1230
784	1248
784	1249
784	1297
784	1300
784	1301
784	1308
784	1418
784	1423
784	1424
784	1463
784	1484
784	1488
784	1530
784	1531
784	1540
784	1559
784	1567
784	1602
784	1609
784	1610
784	1611
785	795
785	819
785	820
785	841
785	843
785	861
785	880
785	892
785	893
785	952
785	953
785	983
785	1013
785	1039
785	1040
785	1059
785	1076
785	1077
785	1078
785	1121
785	1125
785	1130
785	1150
785	1168
785	1169
785	1178
785	1179
785	1183
785	1188
785	1191
785	1230
785	1233
785	1238
785	1239
785	1264
785	1295
785	1297
785	1309
785	1314
785	1315
785	1339
785	1347
785	1376
785	1381
785	1382
785	1418
785	1423
785	1424
785	1430
785	1464
785	1477
785	1479
785	1482
785	1488
785	1514
785	1525
785	1561
785	1563
785	1592
785	1600
785	1601
785	1602
785	1611
785	1628
785	1641
786	787
786	788
786	794
786	821
786	823
786	846
786	858
786	870
786	882
786	898
786	902
786	956
786	957
786	959
786	972
786	990
786	1008
786	1016
786	1019
786	1043
786	1044
786	1093
786	1094
786	1095
786	1133
786	1159
786	1195
786	1211
786	1212
786	1213
786	1240
786	1241
786	1270
786	1271
786	1282
786	1310
786	1327
786	1330
786	1385
786	1436
786	1437
786	1438
786	1447
786	1449
786	1450
786	1451
786	1467
786	1469
786	1485
786	1486
786	1500
786	1516
786	1526
786	1581
786	1582
786	1609
786	1638
786	1642
786	1643
786	1644
787	789
787	795
787	822
787	823
787	835
787	842
787	847
787	849
787	853
787	855
787	859
787	896
787	898
787	933
787	960
787	981
787	998
787	1014
787	1016
787	1020
787	1043
787	1044
787	1096
787	1097
787	1120
787	1126
787	1132
787	1133
787	1135
787	1142
787	1178
787	1180
787	1183
787	1195
787	1213
787	1240
787	1241
787	1270
787	1271
787	1282
787	1295
787	1298
787	1304
787	1310
787	1360
787	1385
787	1417
787	1419
787	1420
787	1421
787	1439
787	1468
787	1470
787	1481
787	1486
787	1491
787	1500
787	1504
787	1524
787	1526
787	1564
787	1599
787	1603
787	1604
787	1629
788	789
788	796
788	806
788	823
788	836
788	845
788	846
788	870
788	875
788	899
788	911
788	916
788	954
788	956
788	961
788	984
788	988
788	1004
788	1098
788	1099
788	1100
788	1121
788	1124
788	1127
788	1139
788	1147
788	1148
788	1149
788	1150
788	1153
788	1156
788	1190
788	1193
788	1194
788	1195
788	1199
788	1213
788	1238
788	1242
788	1243
788	1255
788	1256
788	1257
788	1269
788	1272
788	1273
788	1283
788	1307
788	1310
788	1311
788	1315
788	1323
788	1379
788	1429
788	1431
788	1432
788	1440
788	1441
788	1465
788	1467
788	1469
788	1470
788	1479
788	1487
788	1505
788	1509
788	1527
788	1528
788	1535
788	1536
788	1543
788	1547
788	1570
788	1571
788	1600
788	1616
788	1620
788	1621
788	1622
788	1639
789	797
789	807
789	812
789	842
789	847
789	890
789	897
789	899
789	912
789	922
789	955
789	962
789	976
789	989
789	994
789	1015
789	1021
789	1044
789	1120
789	1122
789	1123
789	1124
789	1134
789	1135
789	1140
789	1144
789	1149
789	1154
789	1167
789	1170
789	1182
789	1183
789	1223
789	1225
789	1226
789	1244
789	1245
789	1253
789	1281
789	1282
789	1283
789	1291
789	1311
789	1342
789	1404
789	1405
789	1442
789	1443
789	1444
789	1462
789	1466
789	1468
789	1469
789	1470
789	1473
789	1488
789	1496
789	1506
789	1525
789	1527
789	1528
789	1544
789	1548
789	1555
789	1556
789	1565
789	1585
789	1606
789	1617
790	791
790	792
790	794
790	824
790	848
790	872
790	902
790	957
790	959
790	970
790	974
790	991
790	1009
790	1017
790	1019
790	1029
790	1101
790	1102
790	1103
790	1138
790	1155
790	1157
790	1162
790	1203
790	1211
790	1216
790	1217
790	1218
790	1219
790	1246
790	1247
790	1274
790	1275
790	1284
790	1312
790	1335
790	1445
790	1446
790	1447
790	1452
790	1453
790	1454
790	1471
790	1484
790	1489
790	1519
790	1529
790	1549
790	1550
790	1583
790	1584
790	1638
790	1648
791	793
791	795
791	808
791	825
791	837
791	849
791	853
791	896
791	903
791	952
791	958
791	960
791	971
791	1000
791	1014
791	1017
791	1104
791	1105
791	1122
791	1126
791	1137
791	1138
791	1140
791	1142
791	1157
791	1173
791	1178
791	1184
791	1185
791	1188
791	1219
791	1246
791	1247
791	1274
791	1275
791	1284
791	1300
791	1304
791	1312
791	1417
791	1448
791	1472
791	1473
791	1477
791	1483
791	1484
791	1488
791	1489
791	1491
791	1508
791	1524
791	1529
791	1546
791	1550
791	1566
791	1599
791	1607
791	1608
792	793
792	796
792	809
792	826
792	838
792	845
792	848
792	850
792	865
792	872
792	875
792	900
792	901
792	932
792	954
792	956
792	957
792	968
792	986
792	1006
792	1018
792	1030
792	1106
792	1107
792	1123
792	1125
792	1127
792	1129
792	1130
792	1141
792	1152
792	1154
792	1156
792	1173
792	1190
792	1200
792	1201
792	1202
792	1203
792	1219
792	1233
792	1239
792	1260
792	1261
792	1276
792	1277
792	1285
792	1313
792	1319
792	1323
792	1343
792	1358
792	1359
792	1365
792	1380
792	1429
792	1436
792	1437
792	1438
792	1449
792	1450
792	1451
792	1464
792	1465
792	1466
792	1471
792	1473
792	1490
792	1494
792	1501
792	1502
792	1506
792	1509
792	1530
792	1531
792	1539
792	1540
792	1551
792	1563
792	1574
792	1575
792	1593
792	1616
792	1626
792	1627
792	1628
793	797
793	810
793	816
793	839
793	845
793	848
793	851
793	872
793	875
793	897
793	900
793	901
793	904
793	935
793	955
793	958
793	978
793	995
793	1012
793	1015
793	1018
793	1038
793	1108
793	1109
793	1110
793	1122
793	1124
793	1125
793	1126
793	1127
793	1129
793	1130
793	1139
793	1140
793	1142
793	1147
793	1156
793	1167
793	1172
793	1173
793	1187
793	1188
793	1203
793	1229
793	1230
793	1233
793	1239
793	1248
793	1249
793	1285
793	1288
793	1291
793	1313
793	1341
793	1343
793	1358
793	1366
793	1378
793	1380
793	1424
793	1461
793	1463
793	1464
793	1465
793	1466
793	1470
793	1472
793	1473
793	1491
793	1499
793	1502
793	1509
793	1525
793	1530
793	1531
793	1552
793	1558
793	1559
793	1567
793	1590
793	1591
793	1592
793	1593
794	795
794	796
794	827
794	849
794	850
794	853
794	865
794	876
794	879
794	902
794	903
794	914
794	919
794	936
794	946
794	956
794	959
794	960
794	961
794	970
794	974
794	979
794	980
794	991
794	1016
794	1019
794	1020
794	1027
794	1032
794	1037
794	1045
794	1069
794	1103
794	1111
794	1112
794	1113
794	1178
794	1190
794	1210
794	1211
794	1213
794	1219
794	1247
794	1250
794	1267
794	1268
794	1278
794	1286
794	1309
794	1314
794	1327
794	1344
794	1376
794	1377
794	1381
794	1398
794	1407
794	1417
794	1434
794	1445
794	1446
794	1447
794	1451
794	1452
794	1453
794	1454
794	1474
794	1514
794	1532
794	1545
794	1553
794	1580
794	1599
794	1636
794	1637
794	1638
795	797
795	828
795	839
795	849
795	851
795	852
795	853
795	863
795	902
795	903
795	959
795	960
795	962
795	965
795	975
795	979
795	980
795	997
795	1019
795	1020
795	1037
795	1069
795	1114
795	1115
795	1116
795	1125
795	1130
795	1133
795	1138
795	1167
795	1177
795	1178
795	1179
795	1211
795	1236
795	1237
795	1251
795	1261
795	1279
795	1286
795	1295
795	1297
795	1309
795	1314
795	1344
795	1376
795	1377
795	1381
795	1384
795	1407
795	1415
795	1416
795	1417
795	1421
795	1434
795	1447
795	1455
795	1456
795	1457
795	1475
795	1477
795	1484
795	1492
795	1524
795	1532
795	1562
795	1597
795	1598
795	1599
795	1638
796	797
796	848
796	850
796	865
796	872
796	900
796	904
796	920
796	959
796	961
796	966
796	1002
796	1011
796	1021
796	1033
796	1117
796	1118
796	1119
796	1145
796	1149
796	1167
796	1190
796	1192
796	1203
796	1211
796	1252
796	1280
796	1307
796	1311
796	1315
796	1339
796	1340
796	1428
796	1429
796	1458
796	1459
796	1460
796	1469
796	1474
796	1494
796	1502
796	1533
796	1615
796	1616
796	1628
797	839
797	849
797	851
797	853
797	901
797	904
797	960
797	962
797	993
797	1011
797	1021
797	1124
797	1167
797	1169
797	1173
797	1178
797	1190
797	1281
797	1283
797	1315
797	1339
797	1340
797	1429
797	1461
797	1466
797	1470
797	1473
797	1475
797	1528
797	1531
797	1592
797	1616
798	799
798	804
798	829
798	849
798	853
798	876
798	879
798	905
798	906
798	909
798	964
798	989
798	994
798	1022
798	1023
798	1030
798	1031
798	1058
798	1129
798	1132
798	1137
798	1176
798	1197
798	1205
798	1208
798	1209
798	1223
798	1244
798	1253
798	1265
798	1266
798	1287
798	1317
798	1322
798	1325
798	1368
798	1369
798	1384
798	1404
798	1405
798	1437
798	1442
798	1443
798	1444
798	1476
798	1508
798	1511
798	1534
798	1537
798	1541
798	1544
798	1579
798	1624
798	1633
798	1634
798	1635
799	805
799	839
799	849
799	851
799	852
799	853
799	863
799	889
799	894
799	905
799	906
799	910
799	929
799	939
799	951
799	963
799	964
799	980
799	1010
799	1022
799	1023
799	1030
799	1031
799	1039
799	1048
799	1059
799	1060
799	1061
799	1069
799	1125
799	1130
799	1133
799	1138
799	1175
799	1176
799	1209
799	1224
799	1228
799	1232
799	1234
799	1235
799	1254
799	1258
799	1287
799	1290
799	1293
799	1317
799	1344
799	1368
799	1369
799	1381
799	1384
799	1406
799	1407
799	1408
799	1412
799	1413
799	1414
799	1437
799	1461
799	1464
799	1472
799	1475
799	1477
799	1522
799	1534
799	1561
799	1589
799	1594
799	1595
799	1596
800	812
800	852
800	854
800	863
800	883
800	907
800	908
800	911
800	954
800	982
800	984
800	999
800	1065
800	1120
800	1127
800	1128
800	1135
800	1148
800	1149
800	1153
800	1156
800	1160
800	1181
800	1182
800	1183
800	1225
800	1226
800	1238
800	1242
800	1243
800	1244
800	1245
800	1257
800	1264
800	1273
800	1318
800	1323
800	1346
800	1379
800	1385
800	1387
800	1388
800	1409
800	1422
800	1441
800	1462
800	1465
800	1469
800	1478
800	1479
800	1482
800	1492
800	1501
800	1505
800	1518
800	1527
800	1528
800	1535
800	1536
800	1543
800	1565
800	1600
800	1605
800	1606
800	1646
801	808
801	816
801	832
801	855
801	859
801	932
801	953
801	956
801	963
801	965
801	986
801	998
801	999
801	1001
801	1024
801	1025
801	1050
801	1051
801	1071
801	1122
801	1131
801	1140
801	1163
801	1174
801	1175
801	1185
801	1186
801	1187
801	1188
801	1204
801	1229
801	1230
801	1233
801	1238
801	1248
801	1249
801	1264
801	1277
801	1301
801	1305
801	1320
801	1336
801	1359
801	1365
801	1409
801	1418
801	1423
801	1424
801	1439
801	1456
801	1463
801	1467
801	1479
801	1480
801	1481
801	1482
801	1486
801	1503
801	1530
801	1531
801	1539
801	1540
801	1563
801	1567
801	1593
801	1600
801	1609
801	1610
801	1611
801	1632
802	803
802	804
802	833
802	834
802	856
802	857
802	858
802	874
802	882
802	887
802	913
802	914
802	961
802	966
802	970
802	992
802	1026
802	1027
802	1029
802	1054
802	1055
802	1085
802	1086
802	1087
802	1136
802	1155
802	1162
802	1165
802	1189
802	1207
802	1217
802	1222
802	1236
802	1267
802	1278
802	1279
802	1289
802	1302
802	1321
802	1333
802	1399
802	1400
802	1428
802	1429
802	1453
802	1458
802	1459
802	1460
802	1483
802	1485
802	1489
802	1521
802	1545
802	1549
802	1553
802	1643
802	1649
802	1650
803	805
803	808
803	834
803	855
803	859
803	896
803	902
803	913
803	914
803	936
803	946
803	967
803	971
803	983
803	1014
803	1019
803	1026
803	1027
803	1045
803	1054
803	1055
803	1088
803	1126
803	1142
803	1155
803	1162
803	1185
803	1189
803	1207
803	1222
803	1237
803	1241
803	1247
803	1250
803	1251
803	1268
803	1289
803	1302
803	1304
803	1305
803	1321
803	1399
803	1400
803	1425
803	1426
803	1427
803	1430
803	1484
803	1486
803	1489
803	1491
803	1492
803	1524
803	1532
803	1545
803	1568
803	1594
803	1604
803	1612
803	1613
803	1614
803	1633
804	805
804	806
804	809
804	834
804	845
804	856
804	857
804	860
804	868
804	874
804	875
804	887
804	915
804	916
804	954
804	966
804	972
804	988
804	1004
804	1030
804	1089
804	1090
804	1098
804	1127
804	1137
804	1138
804	1156
804	1194
804	1201
804	1207
804	1209
804	1222
804	1238
804	1242
804	1256
804	1261
804	1263
804	1264
804	1269
804	1272
804	1290
804	1317
804	1321
804	1322
804	1323
804	1325
804	1349
804	1361
804	1363
804	1364
804	1395
804	1431
804	1432
804	1437
804	1440
804	1441
804	1465
804	1472
804	1483
804	1499
804	1507
804	1508
804	1509
804	1511
804	1543
804	1546
804	1547
804	1551
804	1578
804	1621
804	1631
804	1632
804	1645
805	807
805	810
805	841
805	857
805	861
805	874
805	892
805	897
805	915
805	917
805	927
805	955
805	967
805	973
805	979
805	1005
805	1015
805	1031
805	1055
805	1066
805	1091
805	1092
805	1137
805	1138
805	1170
805	1172
805	1176
805	1189
805	1227
805	1233
805	1239
805	1287
805	1289
805	1290
805	1291
805	1293
805	1322
805	1349
805	1363
805	1364
805	1410
805	1411
805	1433
805	1434
805	1435
805	1463
805	1466
805	1471
805	1472
805	1473
805	1475
805	1484
805	1508
805	1525
805	1546
805	1588
805	1593
805	1623
806	807
806	823
806	830
806	836
806	857
806	858
806	860
806	868
806	874
806	882
806	915
806	916
806	917
806	920
806	954
806	958
806	968
806	984
806	1004
806	1015
806	1028
806	1033
806	1049
806	1098
806	1099
806	1100
806	1129
806	1139
806	1147
806	1149
806	1170
806	1193
806	1194
806	1195
806	1197
806	1214
806	1242
806	1243
806	1252
806	1255
806	1256
806	1257
806	1272
806	1273
806	1288
806	1291
806	1311
806	1313
806	1322
806	1323
806	1346
806	1347
806	1428
806	1431
806	1432
806	1440
806	1441
806	1469
806	1485
806	1487
806	1499
806	1508
806	1527
806	1535
806	1536
806	1547
806	1548
806	1570
806	1571
806	1615
806	1620
806	1621
806	1622
806	1631
807	841
807	855
807	859
807	861
807	916
807	917
807	958
807	969
807	976
807	994
807	1015
807	1028
807	1122
807	1124
807	1125
807	1130
807	1140
807	1170
807	1194
807	1225
807	1226
807	1244
807	1245
807	1256
807	1283
807	1285
807	1288
807	1290
807	1291
807	1323
807	1346
807	1347
807	1404
807	1405
807	1442
807	1443
807	1444
807	1463
807	1464
807	1470
807	1472
807	1486
807	1488
807	1528
807	1547
807	1548
807	1555
807	1556
807	1621
808	810
808	825
808	837
808	852
808	863
808	914
808	952
808	959
808	967
808	970
808	971
808	973
808	975
808	991
808	994
808	1000
808	1027
808	1029
808	1047
808	1048
808	1103
808	1104
808	1105
808	1138
808	1155
808	1162
808	1172
808	1184
808	1185
808	1186
808	1189
808	1217
808	1236
808	1246
808	1247
808	1263
808	1274
808	1275
808	1292
808	1301
808	1302
808	1324
808	1392
808	1412
808	1415
808	1426
808	1442
808	1448
808	1453
808	1472
808	1484
808	1486
808	1489
808	1491
808	1492
808	1529
808	1549
808	1550
808	1566
808	1597
808	1607
808	1608
809	810
809	826
809	838
809	848
809	857
809	862
809	872
809	874
809	884
809	918
809	920
809	956
809	960
809	964
809	968
809	970
809	972
809	986
809	1006
809	1022
809	1023
809	1030
809	1031
809	1033
809	1106
809	1107
809	1132
809	1141
809	1152
809	1172
809	1200
809	1201
809	1202
809	1203
809	1205
809	1217
809	1220
809	1252
809	1260
809	1261
809	1276
809	1277
809	1293
809	1317
809	1322
809	1325
809	1355
809	1428
809	1436
809	1437
809	1438
809	1449
809	1450
809	1451
809	1490
809	1502
809	1504
809	1508
809	1530
809	1539
809	1540
809	1551
809	1552
809	1574
809	1575
809	1615
809	1626
809	1627
809	1628
810	901
810	918
810	960
810	964
810	971
810	973
810	978
810	995
810	1022
810	1023
810	1030
810	1031
810	1108
810	1109
810	1110
810	1126
810	1133
810	1142
810	1172
810	1173
810	1175
810	1185
810	1201
810	1229
810	1230
810	1248
810	1249
810	1261
810	1287
810	1290
810	1293
810	1325
810	1355
810	1437
810	1466
810	1468
810	1472
810	1473
810	1489
810	1491
810	1531
810	1551
810	1552
810	1558
810	1559
810	1590
810	1591
810	1592
811	812
811	813
811	821
811	830
811	922
811	927
811	940
811	958
811	973
811	978
811	979
811	991
811	994
811	1035
811	1036
811	1045
811	1046
811	1062
811	1063
811	1064
811	1143
811	1159
811	1161
811	1182
811	1198
811	1214
811	1215
811	1244
811	1255
811	1256
811	1272
811	1273
811	1294
811	1326
811	1330
811	1332
811	1389
811	1495
811	1497
811	1513
811	1517
811	1547
811	1548
811	1555
811	1556
811	1570
811	1645
811	1646
811	1647
812	814
812	822
812	844
812	866
812	899
812	922
812	980
812	982
812	991
812	994
812	999
812	1035
812	1036
812	1045
812	1046
812	1065
812	1132
812	1134
812	1144
812	1181
812	1182
812	1183
812	1215
812	1225
812	1226
812	1242
812	1243
812	1244
812	1245
812	1257
812	1294
812	1298
812	1326
812	1389
812	1409
812	1422
812	1496
812	1527
812	1528
812	1555
812	1556
812	1565
812	1571
812	1605
812	1606
813	814
813	819
813	823
813	864
813	877
813	923
813	929
813	941
813	955
813	959
813	960
813	964
813	976
813	978
813	979
813	980
813	983
813	985
813	1005
813	1019
813	1020
813	1037
813	1039
813	1066
813	1067
813	1068
813	1069
813	1125
813	1130
813	1148
813	1153
813	1157
813	1191
813	1195
813	1196
813	1197
813	1198
813	1199
813	1215
813	1227
813	1228
813	1239
813	1258
813	1259
813	1266
813	1295
813	1309
813	1310
813	1314
813	1327
813	1352
813	1407
813	1410
813	1411
813	1417
813	1430
813	1433
813	1434
813	1435
813	1444
813	1447
813	1493
813	1495
813	1497
813	1500
813	1537
813	1538
813	1557
813	1572
813	1573
813	1623
813	1624
813	1625
813	1635
814	820
814	831
814	844
814	850
814	865
814	866
814	891
814	921
814	923
814	951
814	959
814	960
814	964
814	977
814	979
814	980
814	1019
814	1020
814	1034
814	1037
814	1040
814	1069
814	1070
814	1123
814	1145
814	1154
814	1168
814	1171
814	1182
814	1198
814	1224
814	1227
814	1228
814	1235
814	1254
814	1258
814	1259
814	1282
814	1286
814	1295
814	1327
814	1352
814	1406
814	1407
814	1408
814	1412
814	1413
814	1414
814	1417
814	1434
814	1447
814	1494
814	1496
814	1497
814	1514
814	1523
814	1554
814	1557
814	1573
814	1588
814	1589
814	1596
815	816
815	817
815	824
815	867
815	869
815	873
815	886
815	924
815	925
815	927
815	960
815	975
815	981
815	995
815	997
815	1038
815	1052
815	1146
815	1155
815	1158
815	1162
815	1164
815	1187
815	1206
815	1218
815	1220
815	1221
815	1248
815	1260
815	1261
815	1276
815	1277
815	1296
815	1328
815	1331
815	1334
815	1395
815	1396
815	1415
815	1416
815	1417
815	1455
815	1456
815	1457
815	1498
815	1500
815	1515
815	1519
815	1551
815	1552
815	1558
815	1559
815	1574
815	1610
815	1640
816	818
816	825
816	846
816	860
816	868
816	870
816	924
816	925
816	928
816	953
816	982
816	995
816	1001
816	1018
816	1038
816	1052
816	1071
816	1137
816	1139
816	1147
816	1173
816	1186
816	1187
816	1188
816	1221
816	1229
816	1230
816	1248
816	1249
816	1296
816	1328
816	1331
816	1395
816	1396
816	1418
816	1423
816	1424
816	1483
816	1487
816	1499
816	1530
816	1531
816	1558
816	1559
816	1567
816	1575
816	1601
816	1609
816	1610
816	1611
817	818
817	819
817	826
817	846
817	864
817	867
817	869
817	870
817	873
817	877
817	886
817	926
817	929
817	969
817	976
817	981
817	987
817	996
817	1007
817	1039
817	1050
817	1072
817	1073
817	1133
817	1148
817	1153
817	1159
817	1191
817	1202
817	1204
817	1205
817	1206
817	1221
817	1231
817	1232
817	1262
817	1266
817	1299
817	1309
817	1318
817	1320
817	1329
817	1357
817	1360
817	1361
817	1362
817	1394
817	1419
817	1420
817	1421
817	1422
817	1439
817	1444
817	1493
817	1497
817	1498
817	1500
817	1501
817	1505
817	1541
817	1542
817	1560
817	1576
817	1577
817	1618
817	1622
817	1629
817	1630
817	1635
818	820
818	832
818	840
818	842
818	846
818	847
818	850
818	860
818	865
818	868
818	869
818	870
818	871
818	873
818	899
818	921
818	926
818	930
818	977
818	982
818	996
818	1034
818	1124
818	1127
818	1149
818	1156
818	1168
818	1174
818	1175
818	1187
818	1206
818	1231
818	1232
818	1235
818	1262
818	1299
818	1329
818	1342
818	1357
818	1361
818	1362
818	1379
818	1394
818	1409
818	1414
818	1422
818	1465
818	1469
818	1494
818	1499
818	1500
818	1516
818	1554
818	1560
818	1577
818	1586
818	1596
818	1622
818	1630
819	820
819	869
819	873
819	894
819	906
819	926
819	929
819	930
819	939
819	944
819	967
819	979
819	983
819	1003
819	1013
819	1023
819	1037
819	1039
819	1040
819	1048
819	1053
819	1079
819	1080
819	1081
819	1125
819	1130
819	1143
819	1161
819	1168
819	1179
819	1191
819	1192
819	1198
819	1206
819	1234
819	1253
819	1254
819	1258
819	1262
819	1265
819	1297
819	1306
819	1308
819	1309
819	1314
819	1343
819	1425
819	1426
819	1427
819	1430
819	1434
819	1493
819	1495
819	1497
819	1500
819	1505
819	1534
819	1561
819	1569
819	1579
819	1599
819	1617
819	1618
819	1619
819	1630
819	1638
820	840
820	846
820	870
820	871
820	929
820	930
820	963
820	980
820	1013
820	1039
820	1040
820	1082
820	1083
820	1084
820	1121
820	1125
820	1130
820	1150
820	1168
820	1169
820	1179
820	1191
820	1223
820	1224
820	1235
820	1266
820	1286
820	1297
820	1309
820	1343
820	1407
820	1469
820	1497
820	1522
820	1554
820	1561
820	1585
820	1586
820	1587
820	1616
821	822
821	823
821	827
821	869
821	873
821	876
821	879
821	881
821	885
821	933
821	936
821	947
821	957
821	972
821	986
821	987
821	988
821	990
821	991
821	998
821	1008
821	1045
821	1093
821	1094
821	1095
821	1096
821	1132
821	1143
821	1151
821	1158
821	1159
821	1161
821	1166
821	1195
821	1210
821	1212
821	1213
821	1215
821	1240
821	1241
821	1270
821	1271
821	1279
821	1298
821	1326
821	1330
821	1332
821	1337
821	1420
821	1436
821	1437
821	1438
821	1446
821	1449
821	1450
821	1451
821	1460
821	1486
821	1503
821	1505
821	1520
821	1564
821	1581
821	1582
821	1609
821	1642
821	1643
821	1644
822	828
822	835
822	898
822	931
822	933
822	981
822	986
822	987
822	989
822	998
822	1041
822	1046
822	1096
822	1097
822	1131
822	1132
822	1133
822	1134
822	1141
822	1144
822	1152
822	1159
822	1163
822	1177
822	1180
822	1182
822	1240
822	1241
822	1251
822	1270
822	1271
822	1294
822	1298
822	1303
822	1330
822	1360
822	1416
822	1419
822	1420
822	1421
822	1427
822	1439
822	1450
822	1468
822	1490
822	1504
822	1506
822	1526
822	1562
822	1564
822	1582
822	1603
822	1604
822	1614
822	1629
823	836
823	869
823	873
823	898
823	911
823	954
823	956
823	984
823	986
823	988
823	989
823	992
823	999
823	1004
823	1016
823	1043
823	1044
823	1098
823	1099
823	1100
823	1123
823	1146
823	1148
823	1149
823	1153
823	1154
823	1164
823	1193
823	1194
823	1195
823	1198
823	1213
823	1225
823	1238
823	1242
823	1243
823	1255
823	1256
823	1257
823	1264
823	1269
823	1272
823	1273
823	1282
823	1306
823	1310
823	1311
823	1314
823	1379
823	1385
823	1405
823	1421
823	1431
823	1432
823	1440
823	1441
823	1451
823	1469
823	1479
823	1481
823	1500
823	1501
823	1503
823	1505
823	1506
823	1516
823	1535
823	1536
823	1543
823	1565
823	1570
823	1571
823	1600
823	1620
823	1621
823	1622
823	1632
823	1639
824	825
824	826
824	827
824	876
824	879
824	936
824	959
824	974
824	990
824	991
824	1000
824	1009
824	1045
824	1049
824	1101
824	1102
824	1103
824	1137
824	1146
824	1151
824	1155
824	1162
824	1164
824	1166
824	1202
824	1210
824	1216
824	1217
824	1218
824	1219
824	1221
824	1246
824	1247
824	1263
824	1269
824	1274
824	1275
824	1279
824	1299
824	1328
824	1329
824	1331
824	1334
824	1337
824	1393
824	1394
824	1445
824	1446
824	1447
824	1448
824	1452
824	1453
824	1454
824	1460
824	1483
824	1489
824	1507
824	1512
824	1517
824	1519
824	1521
824	1549
824	1550
824	1566
824	1583
824	1584
824	1608
824	1637
824	1648
825	828
825	837
825	845
825	857
825	874
825	875
825	931
825	937
825	952
825	1000
825	1017
825	1041
825	1049
825	1104
825	1105
825	1136
825	1137
825	1138
825	1139
825	1141
825	1147
825	1152
825	1155
825	1162
825	1165
825	1177
825	1184
825	1185
825	1187
825	1218
825	1246
825	1247
825	1251
825	1263
825	1269
825	1274
825	1275
825	1299
825	1303
825	1328
825	1329
825	1331
825	1393
825	1394
825	1427
825	1448
825	1472
825	1476
825	1483
825	1484
825	1487
825	1490
825	1508
825	1509
825	1517
825	1519
825	1529
825	1546
825	1562
825	1566
825	1584
825	1598
825	1607
825	1608
825	1614
826	838
826	845
826	848
826	864
826	872
826	875
826	877
826	932
826	934
826	935
826	956
826	968
826	984
826	986
826	990
826	1001
826	1006
826	1106
826	1107
826	1127
826	1128
826	1148
826	1151
826	1153
826	1156
826	1160
826	1166
826	1200
826	1201
826	1202
826	1203
826	1206
826	1218
826	1229
826	1238
826	1260
826	1261
826	1264
826	1276
826	1277
826	1296
826	1318
826	1356
826	1357
826	1359
826	1362
826	1365
826	1396
826	1436
826	1437
826	1438
826	1441
826	1449
826	1450
826	1451
826	1465
826	1482
826	1493
826	1501
826	1502
826	1505
826	1507
826	1509
826	1518
826	1539
826	1540
826	1563
826	1567
826	1574
826	1575
826	1591
826	1626
826	1627
826	1628
826	1632
827	828
827	864
827	876
827	877
827	878
827	879
827	888
827	902
827	914
827	936
827	937
827	946
827	950
827	959
827	970
827	986
827	991
827	992
827	1009
827	1019
827	1027
827	1035
827	1036
827	1045
827	1046
827	1057
827	1103
827	1111
827	1112
827	1113
827	1155
827	1157
827	1159
827	1162
827	1177
827	1210
827	1211
827	1218
827	1247
827	1250
827	1267
827	1268
827	1270
827	1274
827	1278
827	1326
827	1330
827	1332
827	1374
827	1375
827	1398
827	1445
827	1446
827	1447
827	1450
827	1452
827	1453
827	1454
827	1510
827	1512
827	1519
827	1545
827	1568
827	1580
827	1636
827	1637
827	1638
828	849
828	853
828	857
828	874
828	876
828	879
828	936
828	937
828	960
828	965
828	987
828	991
828	997
828	1035
828	1036
828	1045
828	1046
828	1114
828	1115
828	1116
828	1129
828	1132
828	1137
828	1177
828	1178
828	1210
828	1236
828	1237
828	1251
828	1261
828	1279
828	1294
828	1298
828	1332
828	1374
828	1375
828	1384
828	1415
828	1416
828	1417
828	1420
828	1455
828	1456
828	1457
828	1476
828	1483
828	1511
828	1524
828	1562
828	1568
828	1597
828	1598
828	1599
828	1608
829	834
829	864
829	876
829	877
829	878
829	879
829	888
829	938
829	939
829	941
829	970
829	971
829	976
829	989
829	993
829	994
829	998
829	1029
829	1047
829	1048
829	1050
829	1058
829	1103
829	1155
829	1157
829	1159
829	1162
829	1196
829	1204
829	1207
829	1208
829	1209
829	1223
829	1244
829	1253
829	1265
829	1266
829	1302
829	1320
829	1321
829	1324
829	1333
829	1367
829	1398
829	1404
829	1405
829	1412
829	1439
829	1442
829	1443
829	1444
829	1453
829	1493
829	1507
829	1510
829	1512
829	1544
829	1569
829	1572
829	1576
829	1579
829	1594
829	1623
829	1633
829	1634
829	1635
830	836
830	854
830	878
830	883
830	888
830	907
830	940
830	943
830	958
830	973
830	995
830	1000
830	1028
830	1049
830	1052
830	1056
830	1062
830	1063
830	1064
830	1128
830	1137
830	1139
830	1143
830	1146
830	1147
830	1155
830	1158
830	1160
830	1161
830	1162
830	1164
830	1193
830	1194
830	1196
830	1212
830	1214
830	1215
830	1255
830	1256
830	1263
830	1269
830	1272
830	1273
830	1328
830	1331
830	1334
830	1363
830	1366
830	1378
830	1386
830	1399
830	1402
830	1431
830	1478
830	1483
830	1487
830	1495
830	1513
830	1515
830	1517
830	1518
830	1519
830	1535
830	1547
830	1548
830	1555
830	1570
830	1571
830	1578
830	1639
830	1645
830	1646
830	1647
831	843
831	880
831	939
831	941
831	942
831	951
831	964
831	977
831	980
831	996
831	1017
831	1048
831	1069
831	1070
831	1125
831	1130
831	1138
831	1145
831	1157
831	1171
831	1196
831	1227
831	1228
831	1258
831	1259
831	1284
831	1300
831	1335
831	1348
831	1349
831	1406
831	1407
831	1408
831	1412
831	1413
831	1414
831	1464
831	1474
831	1484
831	1497
831	1514
831	1523
831	1557
831	1572
831	1573
831	1588
831	1589
831	1594
832	846
832	858
832	870
832	882
832	939
832	996
832	999
832	1024
832	1025
832	1048
832	1050
832	1051
832	1133
832	1149
832	1159
832	1174
832	1175
832	1186
832	1204
832	1231
832	1232
832	1262
832	1292
832	1301
832	1320
832	1336
832	1359
832	1409
832	1412
832	1422
832	1467
832	1486
832	1500
832	1516
832	1560
832	1576
832	1577
832	1594
832	1622
833	834
833	881
833	885
833	945
833	946
833	947
833	961
833	992
833	1002
833	1003
833	1004
833	1085
833	1086
833	1087
833	1151
833	1166
833	1207
833	1212
833	1216
833	1222
833	1236
833	1267
833	1278
833	1279
833	1333
833	1337
833	1397
833	1398
833	1425
833	1428
833	1429
833	1452
833	1458
833	1459
833	1460
833	1515
833	1519
833	1520
833	1521
833	1553
833	1580
833	1581
833	1583
833	1612
833	1642
833	1649
833	1650
834	836
834	838
834	857
834	867
834	874
834	886
834	966
834	967
834	984
834	988
834	1002
834	1004
834	1005
834	1008
834	1026
834	1027
834	1054
834	1055
834	1089
834	1090
834	1098
834	1113
834	1136
834	1155
834	1162
834	1165
834	1189
834	1193
834	1200
834	1207
834	1208
834	1222
834	1238
834	1242
834	1263
834	1264
834	1269
834	1272
834	1289
834	1302
834	1316
834	1321
834	1322
834	1324
834	1361
834	1395
834	1410
834	1426
834	1431
834	1432
834	1436
834	1440
834	1441
834	1459
834	1471
834	1498
834	1501
834	1507
834	1508
834	1510
834	1519
834	1543
834	1545
834	1578
834	1620
834	1631
834	1632
834	1645
835	855
835	859
835	862
835	881
835	884
835	885
835	946
835	947
835	948
835	981
835	998
835	1007
835	1041
835	1096
835	1097
835	1131
835	1132
835	1159
835	1163
835	1180
835	1212
835	1240
835	1241
835	1270
835	1271
835	1298
835	1299
835	1303
835	1337
835	1368
835	1383
835	1384
835	1419
835	1420
835	1421
835	1425
835	1439
835	1480
835	1486
835	1504
835	1520
835	1526
835	1564
835	1581
835	1582
835	1603
835	1604
835	1612
836	867
836	881
836	885
836	886
836	916
836	954
836	984
836	988
836	1004
836	1006
836	1014
836	1049
836	1056
836	1098
836	1099
836	1100
836	1146
836	1148
836	1153
836	1157
836	1164
836	1193
836	1194
836	1195
836	1196
836	1207
836	1212
836	1214
836	1242
836	1243
836	1255
836	1256
836	1257
836	1272
836	1273
836	1304
836	1310
836	1312
836	1321
836	1431
836	1432
836	1440
836	1441
836	1498
836	1505
836	1507
836	1520
836	1535
836	1536
836	1547
836	1570
836	1571
836	1620
836	1621
836	1622
837	856
837	887
837	946
837	952
837	971
837	1000
837	1003
837	1104
837	1105
837	1136
837	1137
837	1155
837	1162
837	1165
837	1184
837	1185
837	1216
837	1246
837	1247
837	1263
837	1274
837	1275
837	1391
837	1425
837	1448
837	1483
837	1485
837	1489
837	1508
837	1521
837	1529
837	1566
837	1583
837	1584
837	1607
837	1608
837	1612
838	949
838	956
838	968
838	986
838	1004
838	1006
838	1008
838	1030
838	1054
838	1106
838	1107
838	1151
838	1159
838	1166
838	1200
838	1201
838	1202
838	1203
838	1204
838	1207
838	1216
838	1220
838	1260
838	1261
838	1276
838	1277
838	1305
838	1316
838	1320
838	1321
838	1354
838	1436
838	1437
838	1438
838	1440
838	1449
838	1450
838	1451
838	1501
838	1503
838	1507
838	1521
838	1539
838	1540
838	1551
838	1574
838	1575
838	1626
838	1627
838	1628
839	842
839	843
839	844
839	847
839	849
839	850
839	851
839	853
839	865
839	866
839	878
839	880
839	888
839	889
839	892
839	893
839	894
839	895
839	902
839	903
839	904
839	950
839	951
839	958
839	962
839	1059
839	1060
839	1061
839	1069
839	1070
839	1087
839	1167
839	1173
839	1176
839	1178
839	1339
839	1340
839	1344
839	1345
839	1371
839	1372
839	1376
839	1377
839	1381
839	1382
839	1461
839	1470
839	1473
839	1475
839	1477
839	1588
839	1589
839	1594
839	1595
839	1596
839	1599
839	1616
840	844
840	846
840	848
840	852
840	863
840	866
840	870
840	871
840	872
840	890
840	891
840	894
840	900
840	901
840	909
840	919
840	920
840	927
840	928
840	929
840	930
840	979
840	980
840	982
840	1060
840	1066
840	1067
840	1068
840	1082
840	1083
840	1084
840	1091
840	1092
840	1125
840	1130
840	1168
840	1199
840	1239
840	1338
840	1343
840	1353
840	1358
840	1373
840	1380
840	1390
840	1429
840	1497
840	1585
840	1586
840	1587
840	1593
840	1601
840	1619
840	1623
840	1624
840	1625
841	842
841	847
841	854
841	855
841	858
841	859
841	860
841	861
841	864
841	868
841	876
841	877
841	879
841	882
841	883
841	907
841	908
841	909
841	910
841	916
841	917
841	925
841	936
841	937
841	953
841	969
841	1018
841	1058
841	1071
841	1076
841	1077
841	1078
841	1170
841	1179
841	1188
841	1288
841	1346
841	1347
841	1350
841	1351
841	1374
841	1375
841	1387
841	1388
841	1463
841	1464
841	1470
841	1484
841	1488
841	1600
841	1601
841	1602
841	1604
841	1609
841	1610
841	1611
841	1621
841	1633
841	1634
841	1635
842	846
842	847
842	851
842	861
842	864
842	870
842	876
842	877
842	879
842	898
842	899
842	911
842	912
842	936
842	937
842	951
842	955
842	962
842	982
842	989
842	1058
842	1065
842	1120
842	1134
842	1135
842	1144
842	1169
842	1175
842	1188
842	1223
842	1226
842	1253
842	1257
842	1342
842	1374
842	1375
842	1379
842	1385
842	1466
842	1468
842	1469
842	1470
842	1481
842	1488
842	1506
842	1544
842	1605
842	1606
842	1611
842	1633
842	1634
842	1635
843	844
843	849
843	850
843	851
843	853
843	856
843	857
843	865
843	866
843	874
843	880
843	887
843	892
843	893
843	894
843	895
843	902
843	903
843	904
843	913
843	914
843	915
843	940
843	941
843	942
843	952
843	980
843	996
843	1059
843	1060
843	1061
843	1069
843	1070
843	1074
843	1075
843	1104
843	1105
843	1138
843	1171
843	1179
843	1192
843	1309
843	1339
843	1340
843	1344
843	1345
843	1348
843	1349
843	1363
843	1364
843	1376
843	1377
843	1381
843	1382
843	1386
843	1399
843	1400
843	1464
843	1514
843	1546
843	1588
843	1589
843	1594
843	1595
843	1596
843	1607
843	1608
843	1619
843	1639
843	1640
843	1641
844	849
844	850
844	851
844	853
844	862
844	865
844	866
844	871
844	880
844	884
844	892
844	893
844	894
844	895
844	902
844	903
844	904
844	912
844	918
844	922
844	923
844	929
844	977
844	979
844	980
844	1023
844	1048
844	1059
844	1060
844	1061
844	1069
844	1070
844	1079
844	1080
844	1081
844	1088
844	1091
844	1092
844	1145
844	1182
844	1192
844	1224
844	1254
844	1286
844	1339
844	1340
844	1344
844	1345
844	1352
844	1355
844	1376
844	1377
844	1381
844	1382
844	1389
844	1392
844	1417
844	1447
844	1494
844	1496
844	1497
844	1514
844	1587
844	1588
844	1589
844	1594
844	1595
844	1596
844	1606
844	1612
844	1613
844	1614
844	1617
844	1618
844	1619
844	1641
845	846
845	848
845	854
845	857
845	860
845	867
845	868
845	869
845	870
845	872
845	873
845	874
845	875
845	883
845	886
845	896
845	897
845	900
845	915
845	924
845	925
845	926
845	934
845	935
845	943
845	944
845	954
845	957
845	958
845	985
845	990
845	1062
845	1063
845	1064
845	1067
845	1089
845	1090
845	1095
845	1098
845	1099
845	1100
845	1108
845	1109
845	1110
845	1173
845	1202
845	1203
845	1256
845	1341
845	1356
845	1357
845	1361
845	1362
845	1366
845	1378
845	1393
845	1394
845	1395
845	1396
845	1402
845	1422
845	1465
845	1469
845	1483
845	1509
845	1559
845	1590
845	1591
845	1592
845	1608
845	1620
845	1621
845	1622
845	1628
845	1631
845	1632
845	1645
845	1646
845	1647
846	847
846	850
846	857
846	860
846	865
846	867
846	868
846	869
846	870
846	871
846	873
846	874
846	875
846	886
846	898
846	899
846	911
846	912
846	916
846	924
846	925
846	926
846	934
846	935
846	954
846	956
846	961
846	977
846	981
846	982
846	988
846	999
846	1065
846	1070
846	1087
846	1089
846	1090
846	1098
846	1099
846	1100
846	1168
846	1174
846	1187
846	1206
846	1213
846	1226
846	1238
846	1257
846	1269
846	1329
846	1342
846	1356
846	1357
846	1361
846	1362
846	1379
846	1385
846	1393
846	1394
846	1395
846	1396
846	1448
846	1465
846	1467
846	1469
846	1470
846	1487
846	1505
846	1516
846	1543
846	1605
846	1606
846	1610
846	1616
846	1620
846	1621
846	1622
846	1631
846	1632
847	851
847	861
847	864
847	870
847	876
847	877
847	879
847	898
847	899
847	911
847	912
847	936
847	937
847	951
847	955
847	962
847	982
847	989
847	1058
847	1065
847	1120
847	1134
847	1135
847	1144
847	1169
847	1175
847	1188
847	1223
847	1226
847	1253
847	1257
847	1342
847	1374
847	1375
847	1379
847	1385
847	1466
847	1468
847	1469
847	1470
847	1481
847	1488
847	1506
847	1544
847	1605
847	1606
847	1611
847	1633
847	1634
847	1635
848	850
848	858
848	865
848	871
848	872
848	875
848	881
848	882
848	885
848	900
848	901
848	918
848	927
848	928
848	929
848	930
848	931
848	932
848	934
848	954
848	957
848	958
848	961
848	972
848	985
848	989
848	990
848	1018
848	1025
848	1063
848	1064
848	1066
848	1067
848	1068
848	1081
848	1091
848	1092
848	1093
848	1094
848	1095
848	1099
848	1100
848	1106
848	1107
848	1173
848	1190
848	1201
848	1202
848	1203
848	1219
848	1241
848	1285
848	1297
848	1313
848	1343
848	1358
848	1359
848	1365
848	1380
848	1401
848	1406
848	1433
848	1438
848	1490
848	1502
848	1506
848	1540
848	1575
848	1592
848	1593
848	1614
848	1623
848	1624
848	1625
848	1626
848	1627
848	1628
848	1642
848	1643
848	1644
849	850
849	851
849	852
849	853
849	863
849	865
849	866
849	867
849	880
849	881
849	885
849	886
849	892
849	893
849	894
849	895
849	898
849	902
849	903
849	904
849	905
849	906
849	937
849	947
849	948
849	960
849	964
849	1014
849	1041
849	1059
849	1060
849	1061
849	1069
849	1070
849	1114
849	1115
849	1116
849	1126
849	1141
849	1142
849	1145
849	1152
849	1167
849	1175
849	1176
849	1177
849	1178
849	1209
849	1211
849	1234
849	1237
849	1251
849	1254
849	1286
849	1287
849	1303
849	1304
849	1314
849	1317
849	1339
849	1340
849	1344
849	1345
849	1368
849	1369
849	1376
849	1377
849	1381
849	1382
849	1383
849	1384
849	1427
849	1461
849	1468
849	1472
849	1474
849	1475
849	1476
849	1477
849	1481
849	1492
849	1511
849	1524
849	1532
849	1534
849	1561
849	1562
849	1588
849	1589
849	1594
849	1595
849	1596
849	1597
849	1598
849	1599
849	1634
850	851
850	853
850	856
850	864
850	865
850	866
850	870
850	872
850	877
850	880
850	887
850	892
850	893
850	894
850	895
850	902
850	903
850	904
850	920
850	921
850	949
850	957
850	961
850	977
850	980
850	982
850	1059
850	1060
850	1061
850	1065
850	1069
850	1070
850	1084
850	1085
850	1086
850	1087
850	1117
850	1118
850	1119
850	1190
850	1203
850	1211
850	1339
850	1340
850	1344
850	1345
850	1354
850	1370
850	1376
850	1377
850	1381
850	1382
850	1391
850	1403
850	1469
850	1474
850	1494
850	1588
850	1589
850	1594
850	1595
850	1596
850	1615
850	1616
850	1638
850	1649
850	1650
851	853
851	865
851	866
851	878
851	880
851	888
851	889
851	892
851	893
851	894
851	895
851	902
851	903
851	904
851	950
851	951
851	958
851	962
851	1059
851	1060
851	1061
851	1069
851	1070
851	1087
851	1167
851	1173
851	1176
851	1178
851	1339
851	1340
851	1344
851	1345
851	1371
851	1372
851	1376
851	1377
851	1381
851	1382
851	1461
851	1470
851	1473
851	1475
851	1477
851	1588
851	1589
851	1594
851	1595
851	1596
851	1599
851	1616
852	853
852	855
852	859
852	863
852	867
852	871
852	881
852	885
852	886
852	890
852	891
852	903
852	905
852	906
852	919
852	920
852	947
852	948
852	963
852	969
852	971
852	975
852	1073
852	1077
852	1082
852	1083
852	1084
852	1102
852	1114
852	1115
852	1116
852	1176
852	1178
852	1181
852	1185
852	1338
852	1353
852	1368
852	1369
852	1373
852	1383
852	1384
852	1390
852	1475
852	1477
852	1479
852	1489
852	1492
852	1585
852	1586
852	1587
852	1595
852	1597
852	1598
852	1599
853	863
853	865
853	866
853	867
853	880
853	881
853	885
853	886
853	892
853	893
853	894
853	895
853	898
853	902
853	903
853	904
853	905
853	906
853	937
853	947
853	948
853	960
853	964
853	1014
853	1041
853	1059
853	1060
853	1061
853	1069
853	1070
853	1114
853	1115
853	1116
853	1126
853	1141
853	1142
853	1145
853	1152
853	1167
853	1175
853	1176
853	1177
853	1178
853	1209
853	1211
853	1234
853	1237
853	1251
853	1254
853	1286
853	1287
853	1303
853	1304
853	1314
853	1317
853	1339
853	1340
853	1344
853	1345
853	1368
853	1369
853	1376
853	1377
853	1381
853	1382
853	1383
853	1384
853	1427
853	1461
853	1468
853	1472
853	1474
853	1475
853	1476
853	1477
853	1481
853	1492
853	1511
853	1524
853	1532
853	1534
853	1561
853	1562
853	1588
853	1589
853	1594
853	1595
853	1596
853	1597
853	1598
853	1599
853	1634
854	855
854	858
854	859
854	860
854	861
854	868
854	875
854	882
854	883
854	896
854	897
854	907
854	908
854	909
854	910
854	916
854	917
854	928
854	943
854	944
854	995
854	996
854	1001
854	1062
854	1063
854	1064
854	1071
854	1076
854	1077
854	1078
854	1105
854	1108
854	1109
854	1110
854	1181
854	1197
854	1214
854	1248
854	1318
854	1341
854	1346
854	1347
854	1350
854	1351
854	1366
854	1378
854	1387
854	1388
854	1402
854	1438
854	1478
854	1518
854	1547
854	1590
854	1591
854	1592
854	1600
854	1601
854	1602
854	1609
854	1610
854	1611
854	1624
854	1645
854	1646
854	1647
855	858
855	859
855	860
855	861
855	863
855	868
855	869
855	873
855	882
855	883
855	898
855	907
855	908
855	909
855	910
855	916
855	917
855	933
855	948
855	963
855	965
855	967
855	968
855	969
855	975
855	1007
855	1016
855	1042
855	1071
855	1072
855	1073
855	1076
855	1077
855	1078
855	1083
855	1096
855	1097
855	1115
855	1170
855	1175
855	1180
855	1186
855	1189
855	1231
855	1233
855	1264
855	1346
855	1347
855	1350
855	1351
855	1360
855	1387
855	1388
855	1409
855	1411
855	1419
855	1439
855	1441
855	1463
855	1468
855	1480
855	1481
855	1482
855	1486
855	1526
855	1563
855	1564
855	1600
855	1601
855	1602
855	1603
855	1604
855	1609
855	1610
855	1611
855	1629
855	1630
856	857
856	858
856	862
856	864
856	865
856	874
856	877
856	880
856	882
856	884
856	887
856	913
856	914
856	915
856	921
856	940
856	941
856	942
856	946
856	949
856	966
856	968
856	970
856	971
856	1003
856	1074
856	1075
856	1079
856	1085
856	1086
856	1087
856	1104
856	1105
856	1112
856	1117
856	1118
856	1119
856	1155
856	1162
856	1184
856	1222
856	1263
856	1348
856	1349
856	1354
856	1363
856	1364
856	1370
856	1386
856	1391
856	1399
856	1400
856	1403
856	1483
856	1485
856	1489
856	1508
856	1521
856	1607
856	1608
856	1612
856	1615
856	1616
856	1631
856	1639
856	1640
856	1641
856	1649
856	1650
857	860
857	867
857	868
857	869
857	870
857	873
857	874
857	875
857	880
857	886
857	887
857	913
857	914
857	915
857	918
857	924
857	925
857	926
857	931
857	934
857	935
857	940
857	941
857	942
857	972
857	1017
857	1052
857	1074
857	1075
857	1081
857	1089
857	1090
857	1093
857	1098
857	1099
857	1100
857	1104
857	1105
857	1177
857	1194
857	1201
857	1207
857	1222
857	1263
857	1269
857	1290
857	1300
857	1322
857	1328
857	1329
857	1348
857	1349
857	1356
857	1357
857	1361
857	1362
857	1363
857	1364
857	1386
857	1393
857	1394
857	1395
857	1396
857	1399
857	1400
857	1448
857	1465
857	1483
857	1484
857	1487
857	1490
857	1508
857	1511
857	1519
857	1543
857	1546
857	1578
857	1591
857	1607
857	1608
857	1614
857	1620
857	1621
857	1622
857	1626
857	1631
857	1632
857	1639
857	1640
857	1641
857	1650
858	859
858	860
858	861
858	868
858	872
858	881
858	882
858	883
858	885
858	887
858	907
858	908
858	909
858	910
858	916
858	917
858	925
858	931
858	932
858	956
858	966
858	968
858	969
858	974
858	997
858	999
858	1001
858	1006
858	1042
858	1071
858	1076
858	1077
858	1078
858	1082
858	1093
858	1094
858	1095
858	1102
858	1106
858	1107
858	1174
858	1194
858	1212
858	1213
858	1222
858	1233
858	1264
858	1276
858	1346
858	1347
858	1350
858	1351
858	1359
858	1365
858	1387
858	1388
858	1401
858	1411
858	1441
858	1449
858	1455
858	1467
858	1485
858	1499
858	1515
858	1516
858	1518
858	1563
858	1581
858	1600
858	1601
858	1602
858	1609
858	1610
858	1611
858	1621
858	1626
858	1627
858	1628
858	1642
858	1643
858	1644
859	860
859	861
859	863
859	868
859	869
859	873
859	882
859	883
859	898
859	907
859	908
859	909
859	910
859	916
859	917
859	933
859	948
859	963
859	965
859	967
859	968
859	969
859	975
859	1007
859	1016
859	1042
859	1071
859	1072
859	1073
859	1076
859	1077
859	1078
859	1083
859	1096
859	1097
859	1115
859	1170
859	1175
859	1180
859	1186
859	1189
859	1231
859	1233
859	1264
859	1346
859	1347
859	1350
859	1351
859	1360
859	1387
859	1388
859	1409
859	1411
859	1419
859	1439
859	1441
859	1463
859	1468
859	1480
859	1481
859	1482
859	1486
859	1526
859	1563
859	1564
859	1600
859	1601
859	1602
859	1603
859	1604
859	1609
859	1610
859	1611
859	1629
859	1630
860	861
860	867
860	868
860	869
860	870
860	873
860	874
860	875
860	882
860	883
860	886
860	907
860	908
860	909
860	910
860	916
860	917
860	920
860	924
860	925
860	926
860	934
860	935
860	968
860	982
860	1018
860	1049
860	1071
860	1076
860	1077
860	1078
860	1084
860	1085
860	1089
860	1090
860	1098
860	1099
860	1100
860	1187
860	1194
860	1288
860	1331
860	1346
860	1347
860	1350
860	1351
860	1356
860	1357
860	1361
860	1362
860	1387
860	1388
860	1393
860	1394
860	1395
860	1396
860	1469
860	1483
860	1487
860	1499
860	1600
860	1601
860	1602
860	1609
860	1610
860	1611
860	1615
860	1620
860	1621
860	1622
860	1631
860	1632
860	1643
861	864
861	868
861	876
861	877
861	879
861	882
861	883
861	907
861	908
861	909
861	910
861	916
861	917
861	925
861	936
861	937
861	953
861	969
861	1018
861	1058
861	1071
861	1076
861	1077
861	1078
861	1170
861	1179
861	1188
861	1288
861	1346
861	1347
861	1350
861	1351
861	1374
861	1375
861	1387
861	1388
861	1463
861	1464
861	1470
861	1484
861	1488
861	1600
861	1601
861	1602
861	1604
861	1609
861	1610
861	1611
861	1621
861	1633
861	1634
861	1635
862	866
862	876
862	878
862	879
862	884
862	887
862	888
862	914
862	918
862	922
862	923
862	931
862	938
862	939
862	945
862	946
862	966
862	970
862	971
862	972
862	974
862	1003
862	1007
862	1019
862	1045
862	1074
862	1075
862	1079
862	1080
862	1081
862	1088
862	1093
862	1101
862	1102
862	1103
862	1111
862	1112
862	1113
862	1117
862	1118
862	1180
862	1201
862	1217
862	1250
862	1278
862	1333
862	1352
862	1355
862	1367
862	1389
862	1392
862	1397
862	1398
862	1412
862	1442
862	1471
862	1489
862	1490
862	1521
862	1580
862	1612
862	1613
862	1614
862	1617
862	1618
862	1619
862	1626
862	1636
862	1637
862	1638
862	1648
862	1649
863	867
863	871
863	881
863	885
863	886
863	890
863	891
863	903
863	905
863	906
863	919
863	920
863	947
863	948
863	963
863	969
863	971
863	975
863	1073
863	1077
863	1082
863	1083
863	1084
863	1102
863	1114
863	1115
863	1116
863	1176
863	1178
863	1181
863	1185
863	1338
863	1353
863	1368
863	1369
863	1373
863	1383
863	1384
863	1390
863	1475
863	1477
863	1479
863	1489
863	1492
863	1585
863	1586
863	1587
863	1595
863	1597
863	1598
863	1599
864	865
864	869
864	873
864	876
864	877
864	879
864	887
864	921
864	926
864	936
864	937
864	938
864	949
864	976
864	979
864	981
864	988
864	990
864	992
864	1058
864	1070
864	1085
864	1086
864	1087
864	1090
864	1097
864	1117
864	1118
864	1119
864	1198
864	1202
864	1206
864	1208
864	1210
864	1354
864	1370
864	1374
864	1375
864	1391
864	1403
864	1493
864	1497
864	1505
864	1510
864	1512
864	1615
864	1616
864	1633
864	1634
864	1635
864	1637
864	1649
864	1650
865	866
865	870
865	872
865	877
865	880
865	887
865	892
865	893
865	894
865	895
865	902
865	903
865	904
865	920
865	921
865	949
865	957
865	961
865	977
865	980
865	982
865	1059
865	1060
865	1061
865	1065
865	1069
865	1070
865	1084
865	1085
865	1086
865	1087
865	1117
865	1118
865	1119
865	1190
865	1203
865	1211
865	1339
865	1340
865	1344
865	1345
865	1354
865	1370
865	1376
865	1377
865	1381
865	1382
865	1391
865	1403
865	1469
865	1474
865	1494
865	1588
865	1589
865	1594
865	1595
865	1596
865	1615
865	1616
865	1638
865	1649
865	1650
866	871
866	880
866	884
866	892
866	893
866	894
866	895
866	902
866	903
866	904
866	912
866	918
866	922
866	923
866	929
866	977
866	979
866	980
866	1023
866	1048
866	1059
866	1060
866	1061
866	1069
866	1070
866	1079
866	1080
866	1081
866	1088
866	1091
866	1092
866	1145
866	1182
866	1192
866	1224
866	1254
866	1286
866	1339
866	1340
866	1344
866	1345
866	1352
866	1355
866	1376
866	1377
866	1381
866	1382
866	1389
866	1392
866	1417
866	1447
866	1494
866	1496
866	1497
866	1514
866	1587
866	1588
866	1589
866	1594
866	1595
866	1596
866	1606
866	1612
866	1613
866	1614
866	1617
866	1618
866	1619
866	1641
867	868
867	869
867	870
867	873
867	874
867	875
867	881
867	885
867	886
867	905
867	906
867	916
867	924
867	925
867	926
867	934
867	935
867	947
867	948
867	981
867	988
867	997
867	1004
867	1006
867	1049
867	1089
867	1090
867	1098
867	1099
867	1100
867	1106
867	1114
867	1115
867	1116
867	1193
867	1206
867	1207
867	1212
867	1221
867	1331
867	1356
867	1357
867	1361
867	1362
867	1368
867	1369
867	1383
867	1384
867	1393
867	1394
867	1395
867	1396
867	1498
867	1505
867	1515
867	1519
867	1597
867	1598
867	1599
867	1610
867	1620
867	1621
867	1622
867	1630
867	1631
867	1632
867	1642
868	869
868	870
868	873
868	874
868	875
868	882
868	883
868	886
868	907
868	908
868	909
868	910
868	916
868	917
868	920
868	924
868	925
868	926
868	934
868	935
868	968
868	982
868	1018
868	1049
868	1071
868	1076
868	1077
868	1078
868	1084
868	1085
868	1089
868	1090
868	1098
868	1099
868	1100
868	1187
868	1194
868	1288
868	1331
868	1346
868	1347
868	1350
868	1351
868	1356
868	1357
868	1361
868	1362
868	1387
868	1388
868	1393
868	1394
868	1395
868	1396
868	1469
868	1483
868	1487
868	1499
868	1600
868	1601
868	1602
868	1609
868	1610
868	1611
868	1615
868	1620
868	1621
868	1622
868	1631
868	1632
868	1643
869	870
869	873
869	874
869	875
869	877
869	886
869	924
869	925
869	926
869	933
869	934
869	935
869	976
869	981
869	982
869	983
869	984
869	986
869	988
869	989
869	992
869	998
869	1051
869	1072
869	1073
869	1086
869	1089
869	1090
869	1096
869	1097
869	1098
869	1099
869	1100
869	1191
869	1195
869	1204
869	1206
869	1221
869	1238
869	1269
869	1271
869	1329
869	1356
869	1357
869	1360
869	1361
869	1362
869	1393
869	1394
869	1395
869	1396
869	1421
869	1448
869	1451
869	1469
869	1500
869	1501
869	1503
869	1505
869	1506
869	1542
869	1543
869	1577
869	1603
869	1604
869	1620
869	1621
869	1622
869	1629
869	1630
869	1631
869	1632
869	1644
870	871
870	873
870	874
870	875
870	886
870	898
870	899
870	911
870	912
870	916
870	924
870	925
870	926
870	934
870	935
870	954
870	956
870	961
870	977
870	981
870	982
870	988
870	999
870	1065
870	1070
870	1087
870	1089
870	1090
870	1098
870	1099
870	1100
870	1168
870	1174
870	1187
870	1206
870	1213
870	1226
870	1238
870	1257
870	1269
870	1329
870	1342
870	1356
870	1357
870	1361
870	1362
870	1379
870	1385
870	1393
870	1394
870	1395
870	1396
870	1448
870	1465
870	1467
870	1469
870	1470
870	1487
870	1505
870	1516
870	1543
870	1605
870	1606
870	1610
870	1616
870	1620
870	1621
870	1622
870	1631
870	1632
871	872
871	890
871	891
871	894
871	900
871	901
871	909
871	919
871	920
871	927
871	928
871	929
871	930
871	979
871	980
871	982
871	1060
871	1066
871	1067
871	1068
871	1082
871	1083
871	1084
871	1091
871	1092
871	1125
871	1130
871	1168
871	1199
871	1239
871	1338
871	1343
871	1353
871	1358
871	1373
871	1380
871	1390
871	1429
871	1497
871	1585
871	1586
871	1587
871	1593
871	1601
871	1619
871	1623
871	1624
871	1625
872	875
872	881
872	882
872	885
872	900
872	901
872	918
872	927
872	928
872	929
872	930
872	931
872	932
872	934
872	954
872	957
872	958
872	961
872	972
872	985
872	989
872	990
872	1018
872	1025
872	1063
872	1064
872	1066
872	1067
872	1068
872	1081
872	1091
872	1092
872	1093
872	1094
872	1095
872	1099
872	1100
872	1106
872	1107
872	1173
872	1190
872	1201
872	1202
872	1203
872	1219
872	1241
872	1285
872	1297
872	1313
872	1343
872	1358
872	1359
872	1365
872	1380
872	1401
872	1406
872	1433
872	1438
872	1490
872	1502
872	1506
872	1540
872	1575
872	1592
872	1593
872	1614
872	1623
872	1624
872	1625
872	1626
872	1627
872	1628
872	1642
872	1643
872	1644
873	874
873	875
873	877
873	886
873	924
873	925
873	926
873	933
873	934
873	935
873	976
873	981
873	982
873	983
873	984
873	986
873	988
873	989
873	992
873	998
873	1051
873	1072
873	1073
873	1086
873	1089
873	1090
873	1096
873	1097
873	1098
873	1099
873	1100
873	1191
873	1195
873	1204
873	1206
873	1221
873	1238
873	1269
873	1271
873	1329
873	1356
873	1357
873	1360
873	1361
873	1362
873	1393
873	1394
873	1395
873	1396
873	1421
873	1448
873	1451
873	1469
873	1500
873	1501
873	1503
873	1505
873	1506
873	1542
873	1543
873	1577
873	1603
873	1604
873	1620
873	1621
873	1622
873	1629
873	1630
873	1631
873	1632
873	1644
874	875
874	880
874	886
874	887
874	913
874	914
874	915
874	918
874	924
874	925
874	926
874	931
874	934
874	935
874	940
874	941
874	942
874	972
874	1017
874	1052
874	1074
874	1075
874	1081
874	1089
874	1090
874	1093
874	1098
874	1099
874	1100
874	1104
874	1105
874	1177
874	1194
874	1201
874	1207
874	1222
874	1263
874	1269
874	1290
874	1300
874	1322
874	1328
874	1329
874	1348
874	1349
874	1356
874	1357
874	1361
874	1362
874	1363
874	1364
874	1386
874	1393
874	1394
874	1395
874	1396
874	1399
874	1400
874	1448
874	1465
874	1483
874	1484
874	1487
874	1490
874	1508
874	1511
874	1519
874	1543
874	1546
874	1578
874	1591
874	1607
874	1608
874	1614
874	1620
874	1621
874	1622
874	1626
874	1631
874	1632
874	1639
874	1640
874	1641
874	1650
875	883
875	886
875	896
875	897
875	900
875	915
875	924
875	925
875	926
875	934
875	935
875	943
875	944
875	954
875	957
875	958
875	985
875	990
875	1062
875	1063
875	1064
875	1067
875	1089
875	1090
875	1095
875	1098
875	1099
875	1100
875	1108
875	1109
875	1110
875	1173
875	1202
875	1203
875	1256
875	1341
875	1356
875	1357
875	1361
875	1362
875	1366
875	1378
875	1393
875	1394
875	1395
875	1396
875	1402
875	1422
875	1465
875	1469
875	1483
875	1509
875	1559
875	1590
875	1591
875	1592
875	1608
875	1620
875	1621
875	1622
875	1628
875	1631
875	1632
875	1645
875	1646
875	1647
876	877
876	878
876	879
876	884
876	888
876	905
876	936
876	937
876	938
876	939
876	945
876	946
876	986
876	991
876	994
876	998
876	1053
876	1058
876	1101
876	1102
876	1103
876	1111
876	1112
876	1113
876	1134
876	1143
876	1144
876	1161
876	1177
876	1196
876	1204
876	1208
876	1209
876	1210
876	1211
876	1218
876	1250
876	1253
876	1265
876	1268
876	1308
876	1332
876	1333
876	1367
876	1374
876	1375
876	1397
876	1398
876	1474
876	1476
876	1493
876	1503
876	1507
876	1510
876	1511
876	1512
876	1544
876	1545
876	1568
876	1569
876	1579
876	1580
876	1598
876	1633
876	1634
876	1635
876	1636
876	1637
876	1638
876	1644
876	1648
877	879
877	887
877	921
877	926
877	936
877	937
877	938
877	949
877	976
877	979
877	981
877	988
877	990
877	992
877	1058
877	1070
877	1085
877	1086
877	1087
877	1090
877	1097
877	1117
877	1118
877	1119
877	1198
877	1202
877	1206
877	1208
877	1210
877	1354
877	1370
877	1374
877	1375
877	1391
877	1403
877	1493
877	1497
877	1505
877	1510
877	1512
877	1615
877	1616
877	1633
877	1634
877	1635
877	1637
877	1649
877	1650
878	879
878	881
878	884
878	885
878	888
878	889
878	938
878	939
878	945
878	946
878	950
878	993
878	995
878	997
878	1006
878	1009
878	1082
878	1101
878	1102
878	1103
878	1106
878	1111
878	1112
878	1113
878	1114
878	1208
878	1210
878	1212
878	1214
878	1216
878	1367
878	1371
878	1372
878	1397
878	1398
878	1510
878	1512
878	1513
878	1515
878	1521
878	1633
878	1636
878	1637
878	1638
878	1642
878	1648
879	884
879	888
879	905
879	936
879	937
879	938
879	939
879	945
879	946
879	986
879	991
879	994
879	998
879	1053
879	1058
879	1101
879	1102
879	1103
879	1111
879	1112
879	1113
879	1134
879	1143
879	1144
879	1161
879	1177
879	1196
879	1204
879	1208
879	1209
879	1210
879	1211
879	1218
879	1250
879	1253
879	1265
879	1268
879	1308
879	1332
879	1333
879	1367
879	1374
879	1375
879	1397
879	1398
879	1474
879	1476
879	1493
879	1503
879	1507
879	1510
879	1511
879	1512
879	1544
879	1545
879	1568
879	1569
879	1579
879	1580
879	1598
879	1633
879	1634
879	1635
879	1636
879	1637
879	1638
879	1644
879	1648
880	887
880	892
880	893
880	894
880	895
880	902
880	903
880	904
880	913
880	914
880	915
880	940
880	941
880	942
880	952
880	980
880	996
880	1059
880	1060
880	1061
880	1069
880	1070
880	1074
880	1075
880	1104
880	1105
880	1138
880	1171
880	1179
880	1192
880	1309
880	1339
880	1340
880	1344
880	1345
880	1348
880	1349
880	1363
880	1364
880	1376
880	1377
880	1381
880	1382
880	1386
880	1399
880	1400
880	1464
880	1514
880	1546
880	1588
880	1589
880	1594
880	1595
880	1596
880	1607
880	1608
880	1619
880	1639
880	1640
880	1641
881	882
881	885
881	886
881	888
881	905
881	906
881	931
881	932
881	947
881	948
881	965
881	968
881	986
881	993
881	997
881	998
881	1000
881	1002
881	1006
881	1007
881	1009
881	1041
881	1072
881	1093
881	1094
881	1095
881	1101
881	1106
881	1107
881	1114
881	1115
881	1116
881	1141
881	1151
881	1152
881	1166
881	1180
881	1193
881	1204
881	1212
881	1220
881	1251
881	1276
881	1279
881	1303
881	1316
881	1317
881	1337
881	1359
881	1365
881	1368
881	1369
881	1383
881	1384
881	1401
881	1427
881	1449
881	1455
881	1460
881	1480
881	1498
881	1503
881	1515
881	1517
881	1520
881	1562
881	1581
881	1597
881	1598
881	1599
881	1603
881	1620
881	1626
881	1627
881	1628
881	1642
881	1643
881	1644
882	883
882	885
882	887
882	907
882	908
882	909
882	910
882	916
882	917
882	925
882	931
882	932
882	956
882	966
882	968
882	969
882	974
882	997
882	999
882	1001
882	1006
882	1042
882	1071
882	1076
882	1077
882	1078
882	1082
882	1093
882	1094
882	1095
882	1102
882	1106
882	1107
882	1174
882	1194
882	1212
882	1213
882	1222
882	1233
882	1264
882	1276
882	1346
882	1347
882	1350
882	1351
882	1359
882	1365
882	1387
882	1388
882	1401
882	1411
882	1441
882	1449
882	1455
882	1467
882	1485
882	1499
882	1515
882	1516
882	1518
882	1563
882	1581
882	1600
882	1601
882	1602
882	1609
882	1610
882	1611
882	1621
882	1626
882	1627
882	1628
882	1642
882	1643
882	1644
883	896
883	897
883	907
883	908
883	909
883	910
883	916
883	917
883	928
883	943
883	944
883	995
883	996
883	1001
883	1062
883	1063
883	1064
883	1071
883	1076
883	1077
883	1078
883	1105
883	1108
883	1109
883	1110
883	1181
883	1197
883	1214
883	1248
883	1318
883	1341
883	1346
883	1347
883	1350
883	1351
883	1366
883	1378
883	1387
883	1388
883	1402
883	1438
883	1478
883	1518
883	1547
883	1590
883	1591
883	1592
883	1600
883	1601
883	1602
883	1609
883	1610
883	1611
883	1624
883	1645
883	1646
883	1647
884	887
884	888
884	914
884	918
884	922
884	923
884	931
884	938
884	939
884	945
884	946
884	966
884	970
884	971
884	972
884	974
884	1003
884	1007
884	1019
884	1045
884	1074
884	1075
884	1079
884	1080
884	1081
884	1088
884	1093
884	1101
884	1102
884	1103
884	1111
884	1112
884	1113
884	1117
884	1118
884	1180
884	1201
884	1217
884	1250
884	1278
884	1333
884	1352
884	1355
884	1367
884	1389
884	1392
884	1397
884	1398
884	1412
884	1442
884	1471
884	1489
884	1490
884	1521
884	1580
884	1612
884	1613
884	1614
884	1617
884	1618
884	1619
884	1626
884	1636
884	1637
884	1638
884	1648
884	1649
885	886
885	888
885	905
885	906
885	931
885	932
885	947
885	948
885	965
885	968
885	986
885	993
885	997
885	998
885	1000
885	1002
885	1006
885	1007
885	1009
885	1041
885	1072
885	1093
885	1094
885	1095
885	1101
885	1106
885	1107
885	1114
885	1115
885	1116
885	1141
885	1151
885	1152
885	1166
885	1180
885	1193
885	1204
885	1212
885	1220
885	1251
885	1276
885	1279
885	1303
885	1316
885	1317
885	1337
885	1359
885	1365
885	1368
885	1369
885	1383
885	1384
885	1401
885	1427
885	1449
885	1455
885	1460
885	1480
885	1498
885	1503
885	1515
885	1517
885	1520
885	1562
885	1581
885	1597
885	1598
885	1599
885	1603
885	1620
885	1626
885	1627
885	1628
885	1642
885	1643
885	1644
886	905
886	906
886	916
886	924
886	925
886	926
886	934
886	935
886	947
886	948
886	981
886	988
886	997
886	1004
886	1006
886	1049
886	1089
886	1090
886	1098
886	1099
886	1100
886	1106
886	1114
886	1115
886	1116
886	1193
886	1206
886	1207
886	1212
886	1221
886	1331
886	1356
886	1357
886	1361
886	1362
886	1368
886	1369
886	1383
886	1384
886	1393
886	1394
886	1395
886	1396
886	1498
886	1505
886	1515
886	1519
886	1597
886	1598
886	1599
886	1610
886	1620
886	1621
886	1622
886	1630
886	1631
886	1632
886	1642
887	913
887	914
887	915
887	921
887	940
887	941
887	942
887	946
887	949
887	966
887	968
887	970
887	971
887	1003
887	1074
887	1075
887	1079
887	1085
887	1086
887	1087
887	1104
887	1105
887	1112
887	1117
887	1118
887	1119
887	1155
887	1162
887	1184
887	1222
887	1263
887	1348
887	1349
887	1354
887	1363
887	1364
887	1370
887	1386
887	1391
887	1399
887	1400
887	1403
887	1483
887	1485
887	1489
887	1508
887	1521
887	1607
887	1608
887	1612
887	1615
887	1616
887	1631
887	1639
887	1640
887	1641
887	1649
887	1650
888	889
888	938
888	939
888	945
888	946
888	950
888	993
888	995
888	997
888	1006
888	1009
888	1082
888	1101
888	1102
888	1103
888	1106
888	1111
888	1112
888	1113
888	1114
888	1208
888	1210
888	1212
888	1214
888	1216
888	1367
888	1371
888	1372
888	1397
888	1398
888	1510
888	1512
888	1513
888	1515
888	1521
888	1633
888	1636
888	1637
888	1638
888	1642
888	1648
889	891
889	897
889	905
889	906
889	921
889	939
889	950
889	952
889	953
889	1010
889	1013
889	1039
889	1040
889	1059
889	1060
889	1061
889	1087
889	1176
889	1230
889	1237
889	1305
889	1368
889	1369
889	1370
889	1371
889	1372
889	1430
889	1470
889	1473
889	1475
889	1522
889	1534
889	1594
889	1595
889	1596
889	1599
889	1616
889	1635
890	891
890	893
890	898
890	899
890	907
890	908
890	919
890	920
890	922
890	956
890	1013
890	1016
890	1036
890	1043
890	1044
890	1059
890	1065
890	1082
890	1083
890	1084
890	1183
890	1223
890	1232
890	1238
890	1306
890	1324
890	1325
890	1338
890	1353
890	1373
890	1387
890	1388
890	1389
890	1390
890	1404
890	1405
890	1432
890	1442
890	1443
890	1444
890	1481
890	1482
890	1536
890	1556
890	1585
890	1586
890	1587
890	1600
890	1602
890	1605
890	1606
890	1647
891	895
891	899
891	909
891	910
891	919
891	920
891	923
891	942
891	959
891	960
891	961
891	962
891	1010
891	1011
891	1019
891	1020
891	1021
891	1037
891	1061
891	1069
891	1070
891	1082
891	1083
891	1084
891	1199
891	1224
891	1239
891	1281
891	1286
891	1292
891	1293
891	1307
891	1338
891	1350
891	1351
891	1352
891	1353
891	1373
891	1390
891	1406
891	1407
891	1408
891	1412
891	1413
891	1414
891	1429
891	1434
891	1435
891	1464
891	1522
891	1523
891	1538
891	1585
891	1586
891	1587
891	1588
891	1589
891	1602
891	1619
891	1625
892	893
892	894
892	895
892	902
892	903
892	904
892	911
892	927
892	928
892	943
892	966
892	967
892	1015
892	1026
892	1027
892	1042
892	1054
892	1055
892	1059
892	1060
892	1061
892	1069
892	1070
892	1074
892	1075
892	1121
892	1150
892	1179
892	1227
892	1234
892	1242
892	1309
892	1312
892	1313
892	1314
892	1315
892	1339
892	1340
892	1344
892	1345
892	1376
892	1377
892	1379
892	1380
892	1381
892	1382
892	1410
892	1411
892	1433
892	1434
892	1435
892	1440
892	1514
892	1543
892	1546
892	1561
892	1588
892	1589
892	1594
892	1595
892	1596
892	1601
892	1602
892	1639
892	1640
892	1641
893	894
893	895
893	902
893	903
893	904
893	911
893	927
893	928
893	968
893	969
893	1012
893	1013
893	1015
893	1028
893	1042
893	1055
893	1059
893	1060
893	1061
893	1064
893	1069
893	1070
893	1076
893	1077
893	1078
893	1095
893	1121
893	1150
893	1179
893	1188
893	1228
893	1243
893	1309
893	1312
893	1313
893	1314
893	1315
893	1339
893	1340
893	1344
893	1345
893	1347
893	1376
893	1377
893	1379
893	1380
893	1381
893	1382
893	1410
893	1411
893	1433
893	1434
893	1435
893	1441
893	1477
893	1479
893	1514
893	1561
893	1588
893	1589
893	1594
893	1595
893	1596
893	1600
893	1601
893	1602
893	1605
893	1640
893	1641
894	895
894	902
894	903
894	904
894	912
894	923
894	929
894	930
894	944
894	970
894	971
894	972
894	973
894	1010
894	1011
894	1022
894	1023
894	1029
894	1030
894	1031
894	1034
894	1047
894	1048
894	1059
894	1060
894	1061
894	1069
894	1070
894	1079
894	1080
894	1081
894	1145
894	1169
894	1176
894	1191
894	1192
894	1199
894	1234
894	1235
894	1244
894	1254
894	1284
894	1285
894	1286
894	1292
894	1293
894	1339
894	1340
894	1342
894	1343
894	1344
894	1345
894	1352
894	1355
894	1376
894	1377
894	1381
894	1382
894	1392
894	1406
894	1407
894	1408
894	1412
894	1413
894	1414
894	1442
894	1443
894	1494
894	1523
894	1534
894	1544
894	1561
894	1569
894	1586
894	1587
894	1588
894	1589
894	1594
894	1595
894	1596
894	1606
894	1617
894	1618
894	1619
894	1625
895	902
895	903
895	904
895	912
895	929
895	930
895	974
895	975
895	1010
895	1023
895	1032
895	1033
895	1034
895	1048
895	1059
895	1060
895	1061
895	1069
895	1070
895	1082
895	1083
895	1084
895	1087
895	1145
895	1169
895	1192
895	1245
895	1284
895	1285
895	1286
895	1339
895	1340
895	1342
895	1343
895	1344
895	1345
895	1376
895	1377
895	1381
895	1382
895	1406
895	1407
895	1408
895	1412
895	1413
895	1414
895	1444
895	1461
895	1462
895	1585
895	1586
895	1587
895	1588
895	1589
895	1594
895	1595
895	1596
895	1618
895	1619
896	897
896	898
896	913
896	914
896	931
896	943
896	944
896	946
896	960
896	978
896	979
896	980
896	1014
896	1017
896	1019
896	1020
896	1035
896	1036
896	1037
896	1045
896	1046
896	1062
896	1063
896	1064
896	1066
896	1069
896	1088
896	1108
896	1109
896	1110
896	1146
896	1164
896	1189
896	1247
896	1261
896	1336
896	1341
896	1366
896	1378
896	1399
896	1400
896	1401
896	1402
896	1415
896	1416
896	1417
896	1446
896	1447
896	1455
896	1456
896	1457
896	1491
896	1524
896	1545
896	1590
896	1591
896	1592
896	1607
896	1612
896	1613
896	1614
896	1645
896	1646
896	1647
897	899
897	901
897	915
897	932
897	943
897	944
897	953
897	958
897	983
897	1013
897	1015
897	1018
897	1039
897	1040
897	1059
897	1062
897	1063
897	1064
897	1068
897	1091
897	1092
897	1095
897	1108
897	1109
897	1110
897	1122
897	1139
897	1140
897	1147
897	1173
897	1229
897	1230
897	1248
897	1249
897	1256
897	1297
897	1301
897	1341
897	1363
897	1364
897	1365
897	1366
897	1378
897	1402
897	1418
897	1423
897	1424
897	1473
897	1509
897	1525
897	1528
897	1546
897	1547
897	1548
897	1559
897	1590
897	1591
897	1592
897	1593
897	1628
897	1632
897	1645
897	1646
897	1647
898	899
898	903
898	911
898	912
898	933
898	948
898	986
898	987
898	988
898	989
898	1014
898	1016
898	1020
898	1043
898	1044
898	1065
898	1069
898	1096
898	1097
898	1123
898	1133
898	1148
898	1153
898	1154
898	1195
898	1213
898	1223
898	1231
898	1232
898	1262
898	1282
898	1310
898	1320
898	1342
898	1379
898	1385
898	1419
898	1420
898	1421
898	1439
898	1450
898	1451
898	1481
898	1500
898	1516
898	1524
898	1526
898	1565
898	1599
898	1603
898	1604
898	1605
898	1606
898	1609
898	1644
899	904
899	911
899	912
899	916
899	917
899	922
899	982
899	991
899	992
899	1015
899	1021
899	1035
899	1036
899	1044
899	1045
899	1046
899	1065
899	1124
899	1149
899	1182
899	1183
899	1224
899	1226
899	1249
899	1257
899	1283
899	1311
899	1342
899	1346
899	1347
899	1379
899	1385
899	1409
899	1422
899	1469
899	1470
899	1525
899	1527
899	1528
899	1548
899	1565
899	1605
899	1606
899	1611
899	1622
900	901
900	918
900	927
900	928
900	929
900	930
900	932
900	934
900	935
900	949
900	997
900	998
900	999
900	1012
900	1018
900	1024
900	1025
900	1030
900	1038
900	1050
900	1051
900	1063
900	1066
900	1067
900	1068
900	1091
900	1092
900	1106
900	1107
900	1125
900	1129
900	1130
900	1173
900	1190
900	1203
900	1225
900	1229
900	1233
900	1239
900	1251
900	1264
900	1285
900	1296
900	1297
900	1301
900	1313
900	1343
900	1355
900	1356
900	1357
900	1358
900	1359
900	1365
900	1380
900	1418
900	1423
900	1424
900	1455
900	1456
900	1466
900	1501
900	1502
900	1506
900	1509
900	1530
900	1551
900	1563
900	1591
900	1592
900	1593
900	1614
900	1623
900	1624
900	1625
900	1626
900	1627
900	1628
900	1632
901	904
901	918
901	925
901	927
901	928
901	929
901	930
901	934
901	935
901	1000
901	1001
901	1012
901	1015
901	1018
901	1021
901	1025
901	1031
901	1038
901	1052
901	1053
901	1064
901	1066
901	1067
901	1068
901	1091
901	1092
901	1108
901	1109
901	1110
901	1125
901	1129
901	1130
901	1167
901	1172
901	1173
901	1203
901	1226
901	1230
901	1233
901	1239
901	1285
901	1296
901	1297
901	1313
901	1343
901	1355
901	1356
901	1357
901	1358
901	1380
901	1418
901	1423
901	1424
901	1457
901	1466
901	1470
901	1502
901	1531
901	1552
901	1559
901	1590
901	1591
901	1592
901	1593
901	1623
901	1624
901	1625
901	1627
901	1628
902	903
902	904
902	919
902	936
902	937
902	950
902	967
902	1002
902	1003
902	1004
902	1005
902	1014
902	1016
902	1019
902	1026
902	1027
902	1041
902	1054
902	1055
902	1059
902	1060
902	1061
902	1069
902	1070
902	1082
902	1111
902	1112
902	1113
902	1145
902	1178
902	1189
902	1210
902	1211
902	1213
902	1219
902	1227
902	1231
902	1234
902	1250
902	1254
902	1265
902	1268
902	1286
902	1308
902	1309
902	1314
902	1339
902	1340
902	1344
902	1345
902	1373
902	1374
902	1375
902	1376
902	1377
902	1381
902	1382
902	1425
902	1426
902	1427
902	1430
902	1458
902	1459
902	1477
902	1512
902	1514
902	1516
902	1526
902	1529
902	1532
902	1545
902	1553
902	1568
902	1569
902	1580
902	1588
902	1589
902	1594
902	1595
902	1596
902	1598
902	1599
902	1636
902	1637
902	1638
903	904
903	919
903	936
903	937
903	1006
903	1007
903	1014
903	1017
903	1020
903	1027
903	1041
903	1056
903	1059
903	1060
903	1061
903	1069
903	1070
903	1083
903	1114
903	1115
903	1116
903	1145
903	1178
903	1211
903	1228
903	1232
903	1234
903	1254
903	1286
903	1308
903	1309
903	1314
903	1339
903	1340
903	1344
903	1345
903	1373
903	1374
903	1375
903	1376
903	1377
903	1381
903	1382
903	1384
903	1425
903	1426
903	1427
903	1430
903	1460
903	1477
903	1532
903	1588
903	1589
903	1594
903	1595
903	1596
903	1597
903	1598
903	1599
903	1637
903	1638
904	920
904	1009
904	1018
904	1021
904	1057
904	1059
904	1060
904	1061
904	1069
904	1070
904	1121
904	1150
904	1167
904	1173
904	1190
904	1224
904	1235
904	1315
904	1338
904	1339
904	1340
904	1344
904	1345
904	1376
904	1377
904	1381
904	1382
904	1461
904	1494
904	1528
904	1531
904	1588
904	1589
904	1594
904	1595
904	1596
904	1616
905	906
905	909
905	915
905	938
905	939
905	947
905	948
905	1012
905	1022
905	1039
905	1053
905	1058
905	1103
905	1114
905	1115
905	1116
905	1126
905	1141
905	1142
905	1152
905	1176
905	1197
905	1209
905	1237
905	1251
905	1287
905	1302
905	1303
905	1304
905	1317
905	1367
905	1368
905	1369
905	1371
905	1383
905	1384
905	1425
905	1426
905	1427
905	1430
905	1475
905	1508
905	1511
905	1534
905	1537
905	1541
905	1594
905	1595
905	1597
905	1598
905	1599
905	1633
905	1634
905	1635
906	910
906	921
906	938
906	939
906	947
906	948
906	952
906	953
906	983
906	1013
906	1023
906	1039
906	1040
906	1053
906	1059
906	1060
906	1061
906	1114
906	1115
906	1116
906	1126
906	1141
906	1142
906	1152
906	1175
906	1176
906	1191
906	1192
906	1209
906	1234
906	1237
906	1251
906	1254
906	1268
906	1287
906	1302
906	1303
906	1304
906	1317
906	1367
906	1368
906	1369
906	1371
906	1383
906	1384
906	1425
906	1426
906	1427
906	1430
906	1468
906	1472
906	1474
906	1475
906	1511
906	1522
906	1532
906	1534
906	1538
906	1542
906	1561
906	1569
906	1594
906	1595
906	1596
906	1597
906	1598
906	1599
906	1633
906	1634
907	908
907	909
907	910
907	911
907	916
907	917
907	940
907	954
907	955
907	1014
907	1015
907	1028
907	1043
907	1049
907	1056
907	1062
907	1063
907	1064
907	1071
907	1076
907	1077
907	1078
907	1127
907	1156
907	1181
907	1214
907	1238
907	1242
907	1264
907	1318
907	1321
907	1322
907	1323
907	1346
907	1347
907	1350
907	1351
907	1386
907	1387
907	1388
907	1390
907	1404
907	1431
907	1432
907	1440
907	1441
907	1482
907	1518
907	1535
907	1547
907	1600
907	1601
907	1602
907	1605
907	1609
907	1610
907	1611
907	1645
907	1646
907	1647
908	909
908	910
908	911
908	916
908	917
908	922
908	940
908	956
908	988
908	1016
908	1028
908	1043
908	1044
908	1056
908	1065
908	1071
908	1076
908	1077
908	1078
908	1127
908	1156
908	1181
908	1223
908	1238
908	1243
908	1264
908	1269
908	1310
908	1311
908	1318
908	1321
908	1322
908	1323
908	1346
908	1347
908	1350
908	1351
908	1379
908	1385
908	1386
908	1387
908	1388
908	1390
908	1405
908	1431
908	1432
908	1440
908	1441
908	1479
908	1482
908	1518
908	1533
908	1536
908	1543
908	1585
908	1600
908	1601
908	1602
908	1605
908	1606
908	1609
908	1610
908	1611
908	1639
908	1645
908	1646
909	910
909	912
909	916
909	917
909	941
909	942
909	957
909	958
909	1011
909	1017
909	1018
909	1022
909	1037
909	1066
909	1067
909	1068
909	1071
909	1076
909	1077
909	1078
909	1196
909	1197
909	1199
909	1209
909	1233
909	1239
909	1244
909	1248
909	1288
909	1289
909	1290
909	1291
909	1319
909	1346
909	1347
909	1348
909	1349
909	1350
909	1351
909	1353
909	1387
909	1388
909	1406
909	1410
909	1411
909	1433
909	1434
909	1435
909	1464
909	1499
909	1523
909	1537
909	1572
909	1586
909	1588
909	1589
909	1600
909	1601
909	1602
909	1609
909	1610
909	1611
909	1623
909	1624
909	1625
910	916
910	917
910	923
910	941
910	942
910	959
910	960
910	961
910	962
910	979
910	1011
910	1018
910	1019
910	1020
910	1021
910	1023
910	1037
910	1069
910	1070
910	1071
910	1076
910	1077
910	1078
910	1176
910	1197
910	1224
910	1233
910	1239
910	1245
910	1249
910	1288
910	1289
910	1290
910	1291
910	1319
910	1346
910	1347
910	1348
910	1349
910	1350
910	1351
910	1353
910	1387
910	1388
910	1407
910	1408
910	1410
910	1411
910	1433
910	1434
910	1435
910	1462
910	1463
910	1464
910	1534
910	1538
910	1585
910	1587
910	1588
910	1589
910	1600
910	1601
910	1602
910	1609
910	1610
910	1611
910	1623
910	1624
911	912
911	919
911	927
911	943
911	966
911	967
911	996
911	1004
911	1024
911	1026
911	1027
911	1043
911	1054
911	1055
911	1065
911	1071
911	1074
911	1075
911	1098
911	1105
911	1108
911	1113
911	1148
911	1149
911	1153
911	1181
911	1195
911	1227
911	1242
911	1243
911	1257
911	1262
911	1272
911	1310
911	1311
911	1321
911	1322
911	1342
911	1378
911	1379
911	1381
911	1382
911	1385
911	1410
911	1422
911	1431
911	1432
911	1440
911	1441
911	1479
911	1500
911	1527
911	1536
911	1539
911	1543
911	1560
911	1571
911	1588
911	1600
911	1605
911	1606
911	1622
911	1639
911	1640
911	1641
911	1645
912	920
912	929
912	944
912	970
912	971
912	972
912	973
912	994
912	1022
912	1023
912	1029
912	1030
912	1031
912	1047
912	1048
912	1065
912	1079
912	1080
912	1081
912	1103
912	1123
912	1124
912	1154
912	1192
912	1197
912	1205
912	1225
912	1226
912	1244
912	1245
912	1282
912	1283
912	1341
912	1342
912	1344
912	1345
912	1379
912	1385
912	1404
912	1405
912	1412
912	1413
912	1442
912	1443
912	1444
912	1462
912	1496
912	1541
912	1544
912	1556
912	1585
912	1605
912	1606
912	1617
912	1618
912	1619
913	914
913	915
913	940
913	941
913	942
913	945
913	946
913	976
913	977
913	1019
913	1026
913	1029
913	1032
913	1034
913	1045
913	1057
913	1074
913	1075
913	1079
913	1082
913	1085
913	1086
913	1087
913	1104
913	1105
913	1155
913	1162
913	1189
913	1222
913	1246
913	1289
913	1321
913	1333
913	1334
913	1335
913	1348
913	1349
913	1363
913	1364
913	1386
913	1397
913	1398
913	1399
913	1400
913	1402
913	1415
913	1445
913	1446
913	1447
913	1452
913	1453
913	1454
913	1489
913	1521
913	1545
913	1549
913	1607
913	1608
913	1612
913	1613
913	1639
913	1640
913	1641
913	1649
913	1650
914	915
914	931
914	940
914	941
914	942
914	945
914	946
914	978
914	979
914	980
914	1019
914	1020
914	1027
914	1032
914	1035
914	1036
914	1037
914	1045
914	1046
914	1057
914	1074
914	1075
914	1080
914	1088
914	1104
914	1105
914	1155
914	1162
914	1185
914	1189
914	1210
914	1211
914	1222
914	1236
914	1247
914	1250
914	1268
914	1289
914	1321
914	1326
914	1327
914	1333
914	1334
914	1335
914	1348
914	1349
914	1352
914	1363
914	1364
914	1386
914	1389
914	1392
914	1397
914	1398
914	1399
914	1400
914	1402
914	1416
914	1417
914	1445
914	1446
914	1447
914	1452
914	1453
914	1454
914	1489
914	1492
914	1524
914	1532
914	1545
914	1550
914	1568
914	1580
914	1590
914	1607
914	1608
914	1612
914	1613
914	1614
914	1639
914	1640
914	1641
914	1648
914	1649
914	1650
915	916
915	918
915	940
915	941
915	942
915	981
915	982
915	1028
915	1030
915	1038
915	1052
915	1063
915	1074
915	1075
915	1081
915	1089
915	1090
915	1098
915	1104
915	1105
915	1108
915	1113
915	1137
915	1138
915	1194
915	1229
915	1290
915	1300
915	1322
915	1348
915	1349
915	1361
915	1363
915	1364
915	1366
915	1386
915	1395
915	1399
915	1400
915	1448
915	1472
915	1507
915	1508
915	1509
915	1511
915	1546
915	1547
915	1551
915	1591
915	1607
915	1608
915	1631
915	1632
915	1639
915	1640
915	1641
916	917
916	920
916	940
916	990
916	1015
916	1028
916	1033
916	1035
916	1049
916	1056
916	1065
916	1071
916	1076
916	1077
916	1078
916	1084
916	1089
916	1098
916	1099
916	1100
916	1104
916	1116
916	1127
916	1156
916	1170
916	1193
916	1194
916	1248
916	1287
916	1288
916	1291
916	1323
916	1346
916	1347
916	1350
916	1351
916	1356
916	1387
916	1388
916	1393
916	1422
916	1431
916	1463
916	1498
916	1499
916	1525
916	1527
916	1535
916	1547
916	1570
916	1600
916	1601
916	1602
916	1609
916	1610
916	1611
916	1620
916	1621
916	1622
917	991
917	992
917	1015
917	1028
917	1035
917	1036
917	1045
917	1046
917	1049
917	1071
917	1076
917	1077
917	1078
917	1127
917	1156
917	1170
917	1194
917	1239
917	1249
917	1287
917	1288
917	1291
917	1323
917	1346
917	1347
917	1350
917	1351
917	1387
917	1388
917	1463
917	1464
917	1499
917	1525
917	1528
917	1546
917	1548
917	1600
917	1601
917	1602
917	1609
917	1610
917	1611
917	1620
917	1621
918	920
918	922
918	923
918	934
918	949
918	960
918	964
918	997
918	998
918	999
918	1022
918	1023
918	1024
918	1025
918	1030
918	1031
918	1033
918	1050
918	1051
918	1079
918	1080
918	1081
918	1088
918	1106
918	1107
918	1172
918	1201
918	1220
918	1233
918	1251
918	1261
918	1293
918	1294
918	1295
918	1325
918	1352
918	1354
918	1355
918	1358
918	1389
918	1392
918	1415
918	1416
918	1417
918	1423
918	1437
918	1455
918	1456
918	1457
918	1502
918	1504
918	1508
918	1530
918	1551
918	1552
918	1590
918	1593
918	1612
918	1613
918	1614
918	1617
918	1618
918	1619
918	1626
918	1627
918	1628
919	920
919	936
919	950
919	1002
919	1003
919	1004
919	1005
919	1026
919	1027
919	1029
919	1032
919	1054
919	1055
919	1076
919	1082
919	1083
919	1084
919	1102
919	1111
919	1112
919	1113
919	1211
919	1217
919	1234
919	1242
919	1306
919	1307
919	1338
919	1353
919	1372
919	1373
919	1376
919	1377
919	1390
919	1425
919	1426
919	1428
919	1429
919	1458
919	1459
919	1460
919	1532
919	1549
919	1553
919	1585
919	1586
919	1587
919	1594
919	1597
919	1636
919	1637
919	1638
920	1008
920	1028
920	1030
920	1033
920	1078
920	1082
920	1083
920	1084
920	1117
920	1118
920	1119
920	1190
920	1194
920	1201
920	1235
920	1244
920	1281
920	1338
920	1339
920	1340
920	1353
920	1373
920	1390
920	1494
920	1496
920	1499
920	1551
920	1585
920	1586
920	1587
920	1596
920	1615
920	1616
921	923
921	932
921	938
921	939
921	949
921	952
921	953
921	1013
921	1034
921	1039
921	1040
921	1059
921	1060
921	1061
921	1070
921	1085
921	1086
921	1087
921	1117
921	1118
921	1119
921	1268
921	1305
921	1354
921	1367
921	1370
921	1371
921	1391
921	1403
921	1430
921	1469
921	1474
921	1554
921	1569
921	1594
921	1595
921	1596
921	1615
921	1616
921	1635
921	1638
921	1649
921	1650
922	923
922	928
922	933
922	940
922	956
922	991
922	994
922	1016
922	1035
922	1036
922	1043
922	1044
922	1045
922	1046
922	1065
922	1079
922	1080
922	1081
922	1088
922	1182
922	1215
922	1244
922	1253
922	1269
922	1294
922	1324
922	1325
922	1326
922	1352
922	1355
922	1386
922	1389
922	1390
922	1392
922	1404
922	1405
922	1432
922	1442
922	1443
922	1444
922	1555
922	1556
922	1571
922	1605
922	1606
922	1612
922	1613
922	1614
922	1617
922	1618
922	1619
922	1639
922	1647
923	929
923	930
923	941
923	942
923	959
923	960
923	961
923	962
923	964
923	979
923	980
923	1011
923	1019
923	1020
923	1021
923	1023
923	1034
923	1037
923	1040
923	1048
923	1060
923	1069
923	1070
923	1079
923	1080
923	1081
923	1088
923	1091
923	1092
923	1198
923	1254
923	1258
923	1286
923	1292
923	1293
923	1295
923	1327
923	1348
923	1349
923	1352
923	1353
923	1355
923	1389
923	1392
923	1406
923	1407
923	1408
923	1412
923	1413
923	1414
923	1417
923	1434
923	1435
923	1447
923	1497
923	1554
923	1557
923	1573
923	1587
923	1588
923	1589
923	1612
923	1613
923	1614
923	1617
923	1618
923	1619
923	1625
923	1641
924	925
924	926
924	927
924	934
924	935
924	963
924	964
924	1018
924	1022
924	1023
924	1030
924	1031
924	1038
924	1052
924	1089
924	1090
924	1098
924	1099
924	1100
924	1106
924	1128
924	1160
924	1187
924	1221
924	1255
924	1263
924	1296
924	1328
924	1331
924	1332
924	1356
924	1357
924	1361
924	1362
924	1393
924	1394
924	1395
924	1396
924	1436
924	1437
924	1487
924	1519
924	1558
924	1574
924	1578
924	1610
924	1611
924	1620
924	1621
924	1622
924	1631
924	1632
924	1642
925	926
925	928
925	934
925	935
925	1012
925	1018
925	1031
925	1038
925	1052
925	1058
925	1068
925	1071
925	1078
925	1085
925	1089
925	1090
925	1098
925	1099
925	1100
925	1107
925	1128
925	1160
925	1187
925	1188
925	1221
925	1256
925	1296
925	1328
925	1331
925	1332
925	1351
925	1356
925	1357
925	1361
925	1362
925	1388
925	1393
925	1394
925	1395
925	1396
925	1424
925	1438
925	1483
925	1485
925	1487
925	1488
925	1531
925	1559
925	1567
925	1575
925	1578
925	1609
925	1610
925	1611
925	1620
925	1621
925	1622
925	1631
925	1632
925	1643
926	929
926	934
926	935
926	965
926	1024
926	1025
926	1039
926	1050
926	1051
926	1072
926	1073
926	1086
926	1089
926	1090
926	1098
926	1099
926	1100
926	1191
926	1206
926	1264
926	1270
926	1299
926	1329
926	1356
926	1357
926	1359
926	1360
926	1361
926	1362
926	1393
926	1394
926	1395
926	1396
926	1409
926	1422
926	1439
926	1469
926	1501
926	1505
926	1543
926	1560
926	1561
926	1576
926	1620
926	1621
926	1622
926	1629
926	1630
926	1631
926	1632
926	1635
926	1644
927	928
927	929
927	930
927	936
927	943
927	966
927	967
927	1015
927	1026
927	1027
927	1035
927	1042
927	1054
927	1055
927	1066
927	1067
927	1068
927	1074
927	1075
927	1091
927	1092
927	1108
927	1129
927	1157
927	1215
927	1221
927	1265
927	1272
927	1312
927	1313
927	1314
927	1315
927	1343
927	1358
927	1378
927	1380
927	1381
927	1382
927	1410
927	1411
927	1433
927	1434
927	1435
927	1440
927	1512
927	1546
927	1555
927	1558
927	1578
927	1593
927	1601
927	1602
927	1623
927	1624
927	1625
927	1639
927	1640
927	1641
927	1645
927	1647
928	929
928	930
928	937
928	943
928	968
928	969
928	1015
928	1028
928	1036
928	1038
928	1042
928	1055
928	1059
928	1064
928	1066
928	1067
928	1068
928	1076
928	1077
928	1078
928	1091
928	1092
928	1095
928	1109
928	1129
928	1157
928	1187
928	1273
928	1312
928	1313
928	1314
928	1315
928	1343
928	1347
928	1358
928	1378
928	1380
928	1381
928	1382
928	1410
928	1411
928	1433
928	1434
928	1435
928	1441
928	1476
928	1478
928	1556
928	1559
928	1593
928	1600
928	1601
928	1602
928	1623
928	1624
928	1625
928	1640
928	1641
928	1646
929	930
929	944
929	970
929	971
929	972
929	973
929	1010
929	1022
929	1023
929	1029
929	1030
929	1031
929	1034
929	1037
929	1039
929	1047
929	1048
929	1066
929	1067
929	1068
929	1079
929	1080
929	1081
929	1088
929	1091
929	1092
929	1125
929	1130
929	1168
929	1176
929	1191
929	1192
929	1198
929	1206
929	1234
929	1254
929	1258
929	1266
929	1284
929	1285
929	1286
929	1292
929	1293
929	1297
929	1341
929	1343
929	1344
929	1345
929	1352
929	1355
929	1358
929	1380
929	1392
929	1406
929	1407
929	1408
929	1412
929	1413
929	1414
929	1442
929	1443
929	1493
929	1497
929	1534
929	1557
929	1560
929	1561
929	1569
929	1579
929	1586
929	1587
929	1593
929	1617
929	1618
929	1619
929	1623
929	1624
929	1625
929	1647
930	944
930	974
930	975
930	1010
930	1023
930	1032
930	1033
930	1034
930	1040
930	1048
930	1066
930	1067
930	1068
930	1082
930	1083
930	1084
930	1087
930	1091
930	1092
930	1125
930	1130
930	1168
930	1191
930	1259
930	1284
930	1285
930	1286
930	1297
930	1341
930	1343
930	1344
930	1345
930	1358
930	1380
930	1406
930	1407
930	1408
930	1412
930	1413
930	1414
930	1444
930	1497
930	1561
930	1585
930	1586
930	1587
930	1593
930	1618
930	1619
930	1623
930	1624
930	1625
931	932
931	933
931	945
931	946
931	960
931	978
931	979
931	980
931	1019
931	1020
931	1035
931	1036
931	1037
931	1041
931	1045
931	1046
931	1069
931	1088
931	1093
931	1094
931	1095
931	1098
931	1106
931	1107
931	1131
931	1158
931	1163
931	1220
931	1252
931	1260
931	1261
931	1276
931	1277
931	1336
931	1359
931	1365
931	1397
931	1398
931	1401
931	1402
931	1415
931	1416
931	1417
931	1446
931	1447
931	1455
931	1456
931	1457
931	1490
931	1520
931	1551
931	1562
931	1580
931	1581
931	1582
931	1612
931	1613
931	1614
931	1626
931	1627
931	1628
931	1642
931	1643
931	1644
931	1648
932	934
932	935
932	953
932	957
932	983
932	990
932	1013
932	1025
932	1039
932	1040
932	1042
932	1044
932	1059
932	1064
932	1067
932	1091
932	1092
932	1093
932	1094
932	1095
932	1099
932	1100
932	1106
932	1107
932	1186
932	1202
932	1203
932	1230
932	1241
932	1275
932	1297
932	1301
932	1359
932	1365
932	1366
932	1401
932	1418
932	1423
932	1424
932	1438
932	1485
932	1486
932	1530
932	1540
932	1563
932	1565
932	1575
932	1592
932	1593
932	1609
932	1626
932	1627
932	1628
932	1632
932	1642
932	1643
932	1644
933	937
933	947
933	948
933	986
933	987
933	988
933	989
933	998
933	1016
933	1041
933	1043
933	1044
933	1046
933	1072
933	1073
933	1096
933	1097
933	1132
933	1159
933	1204
933	1205
933	1232
933	1253
933	1270
933	1277
933	1298
933	1320
933	1330
933	1360
933	1383
933	1384
933	1385
933	1419
933	1420
933	1421
933	1439
933	1450
933	1451
933	1503
933	1504
933	1541
933	1562
933	1564
933	1576
933	1582
933	1603
933	1604
933	1629
933	1630
933	1644
934	935
934	949
934	997
934	998
934	999
934	1012
934	1024
934	1025
934	1038
934	1050
934	1051
934	1089
934	1090
934	1094
934	1098
934	1099
934	1100
934	1106
934	1107
934	1128
934	1160
934	1202
934	1233
934	1238
934	1264
934	1279
934	1296
934	1297
934	1301
934	1354
934	1356
934	1357
934	1358
934	1359
934	1361
934	1362
934	1365
934	1393
934	1394
934	1395
934	1396
934	1418
934	1423
934	1424
934	1455
934	1456
934	1465
934	1501
934	1502
934	1505
934	1563
934	1591
934	1592
934	1593
934	1620
934	1621
934	1622
934	1626
934	1627
934	1628
934	1631
934	1632
935	949
935	1000
935	1001
935	1012
935	1018
935	1025
935	1038
935	1042
935	1052
935	1053
935	1089
935	1090
935	1095
935	1098
935	1099
935	1100
935	1108
935	1109
935	1110
935	1128
935	1160
935	1173
935	1202
935	1238
935	1257
935	1264
935	1296
935	1297
935	1354
935	1356
935	1357
935	1358
935	1361
935	1362
935	1393
935	1394
935	1395
935	1396
935	1418
935	1423
935	1424
935	1457
935	1465
935	1469
935	1501
935	1559
935	1567
935	1590
935	1591
935	1592
935	1620
935	1621
935	1622
935	1627
935	1628
935	1631
935	1632
936	937
936	950
936	967
936	1002
936	1003
936	1004
936	1005
936	1014
936	1026
936	1027
936	1041
936	1045
936	1054
936	1055
936	1058
936	1111
936	1112
936	1113
936	1134
936	1143
936	1144
936	1161
936	1177
936	1189
936	1210
936	1211
936	1218
936	1234
936	1250
936	1253
936	1265
936	1268
936	1280
936	1308
936	1309
936	1332
936	1372
936	1374
936	1375
936	1376
936	1377
936	1425
936	1426
936	1427
936	1430
936	1458
936	1459
936	1476
936	1512
936	1532
936	1545
936	1564
936	1566
936	1568
936	1569
936	1580
936	1598
936	1599
936	1633
936	1634
936	1635
936	1636
936	1637
936	1638
936	1644
937	950
937	1006
937	1007
937	1014
937	1027
937	1041
937	1046
937	1056
937	1058
937	1069
937	1096
937	1114
937	1115
937	1116
937	1134
937	1143
937	1144
937	1161
937	1177
937	1210
937	1253
937	1265
937	1308
937	1309
937	1332
937	1372
937	1374
937	1375
937	1376
937	1377
937	1384
937	1425
937	1426
937	1427
937	1430
937	1460
937	1476
937	1512
937	1568
937	1597
937	1598
937	1599
937	1633
937	1634
937	1635
937	1637
937	1638
938	939
938	941
938	945
938	946
938	1012
938	1039
938	1047
938	1050
938	1053
938	1058
938	1086
938	1101
938	1102
938	1103
938	1111
938	1112
938	1113
938	1196
938	1208
938	1250
938	1268
938	1270
938	1274
938	1302
938	1303
938	1304
938	1333
938	1367
938	1368
938	1369
938	1370
938	1397
938	1398
938	1425
938	1426
938	1427
938	1430
938	1474
938	1507
938	1510
938	1569
938	1572
938	1576
938	1594
938	1595
938	1633
938	1634
938	1635
938	1636
938	1637
938	1638
938	1648
939	942
939	945
939	946
939	952
939	953
939	983
939	1013
939	1039
939	1040
939	1048
939	1051
939	1053
939	1059
939	1060
939	1061
939	1087
939	1101
939	1102
939	1103
939	1111
939	1112
939	1113
939	1171
939	1174
939	1176
939	1191
939	1192
939	1208
939	1234
939	1237
939	1250
939	1254
939	1268
939	1271
939	1275
939	1302
939	1303
939	1304
939	1333
939	1367
939	1368
939	1369
939	1370
939	1397
939	1398
939	1425
939	1426
939	1427
939	1430
939	1467
939	1471
939	1474
939	1475
939	1510
939	1532
939	1534
939	1554
939	1561
939	1569
939	1573
939	1577
939	1594
939	1595
939	1596
939	1616
939	1633
939	1634
939	1636
939	1637
939	1638
939	1648
940	941
940	942
940	943
940	947
940	954
940	955
940	1014
940	1015
940	1028
940	1035
940	1043
940	1049
940	1052
940	1056
940	1062
940	1063
940	1064
940	1074
940	1075
940	1104
940	1105
940	1108
940	1137
940	1155
940	1162
940	1214
940	1215
940	1263
940	1269
940	1272
940	1276
940	1321
940	1322
940	1323
940	1334
940	1348
940	1349
940	1363
940	1364
940	1386
940	1387
940	1388
940	1389
940	1399
940	1400
940	1404
940	1431
940	1432
940	1440
940	1441
940	1515
940	1517
940	1547
940	1555
940	1570
940	1605
940	1607
940	1608
940	1639
940	1640
940	1641
940	1645
940	1646
940	1647
941	942
941	944
941	957
941	958
941	1011
941	1017
941	1018
941	1037
941	1047
941	1053
941	1066
941	1067
941	1068
941	1074
941	1075
941	1088
941	1104
941	1105
941	1110
941	1138
941	1171
941	1196
941	1197
941	1198
941	1208
941	1289
941	1290
941	1291
941	1300
941	1335
941	1348
941	1349
941	1350
941	1351
941	1352
941	1363
941	1364
941	1386
941	1399
941	1400
941	1406
941	1410
941	1411
941	1433
941	1434
941	1435
941	1498
941	1537
941	1557
941	1572
941	1588
941	1589
941	1607
941	1608
941	1618
941	1623
941	1624
941	1625
941	1639
941	1640
941	1641
942	959
942	960
942	961
942	962
942	979
942	1011
942	1017
942	1019
942	1020
942	1021
942	1037
942	1048
942	1069
942	1070
942	1074
942	1075
942	1104
942	1105
942	1138
942	1171
942	1196
942	1239
942	1254
942	1289
942	1290
942	1291
942	1300
942	1335
942	1348
942	1349
942	1350
942	1351
942	1352
942	1363
942	1364
942	1386
942	1399
942	1400
942	1407
942	1408
942	1410
942	1411
942	1433
942	1434
942	1435
942	1464
942	1569
942	1573
942	1588
942	1589
942	1607
942	1608
942	1619
942	1623
942	1624
942	1639
942	1640
942	1641
943	944
943	950
943	966
943	967
943	995
943	1004
943	1026
943	1027
943	1049
943	1052
943	1054
943	1055
943	1062
943	1063
943	1064
943	1074
943	1075
943	1098
943	1104
943	1108
943	1109
943	1110
943	1113
943	1139
943	1146
943	1147
943	1164
943	1214
943	1220
943	1242
943	1248
943	1255
943	1256
943	1272
943	1273
943	1280
943	1310
943	1311
943	1321
943	1322
943	1341
943	1366
943	1378
943	1379
943	1380
943	1402
943	1410
943	1431
943	1432
943	1440
943	1441
943	1478
943	1513
943	1547
943	1558
943	1559
943	1574
943	1578
943	1590
943	1591
943	1592
943	1600
943	1623
943	1639
943	1640
943	1641
943	1645
943	1646
943	1647
944	970
944	971
944	972
944	973
944	994
944	1022
944	1023
944	1029
944	1030
944	1031
944	1047
944	1048
944	1050
944	1053
944	1062
944	1063
944	1064
944	1079
944	1080
944	1081
944	1103
944	1108
944	1109
944	1110
944	1122
944	1140
944	1191
944	1196
944	1204
944	1244
944	1258
944	1282
944	1283
944	1341
944	1342
944	1343
944	1366
944	1378
944	1402
944	1404
944	1405
944	1412
944	1413
944	1442
944	1443
944	1444
944	1495
944	1561
944	1576
944	1579
944	1585
944	1590
944	1591
944	1592
944	1617
944	1618
944	1619
944	1623
944	1625
944	1645
944	1646
944	1647
945	946
945	947
945	976
945	977
945	1019
945	1032
945	1034
945	1045
945	1057
945	1082
945	1085
945	1086
945	1087
945	1101
945	1102
945	1103
945	1111
945	1112
945	1113
945	1117
945	1212
945	1260
945	1333
945	1334
945	1335
945	1367
945	1397
945	1398
945	1399
945	1400
945	1401
945	1415
945	1445
945	1446
945	1447
945	1452
945	1453
945	1454
945	1521
945	1580
945	1581
945	1583
945	1612
945	1613
945	1636
945	1637
945	1638
945	1648
945	1649
945	1650
946	948
946	978
946	979
946	980
946	1019
946	1020
946	1032
946	1035
946	1036
946	1037
946	1045
946	1046
946	1057
946	1088
946	1101
946	1102
946	1103
946	1111
946	1112
946	1113
946	1118
946	1180
946	1184
946	1189
946	1210
946	1211
946	1250
946	1261
946	1267
946	1268
946	1326
946	1327
946	1333
946	1334
946	1335
946	1352
946	1367
946	1389
946	1392
946	1397
946	1398
946	1399
946	1400
946	1401
946	1416
946	1417
946	1445
946	1446
946	1447
946	1452
946	1453
946	1454
946	1521
946	1532
946	1545
946	1562
946	1568
946	1580
946	1582
946	1584
946	1607
946	1612
946	1613
946	1614
946	1626
946	1636
946	1637
946	1638
946	1648
946	1649
946	1650
947	948
947	950
947	984
947	985
947	1016
947	1041
947	1042
947	1057
947	1076
947	1093
947	1094
947	1095
947	1114
947	1115
947	1116
947	1141
947	1151
947	1152
947	1166
947	1180
947	1212
947	1276
947	1303
947	1316
947	1317
947	1318
947	1319
947	1337
947	1368
947	1369
947	1383
947	1384
947	1419
947	1436
947	1437
947	1438
947	1449
947	1450
947	1451
947	1480
947	1515
947	1517
947	1562
947	1564
947	1581
947	1597
947	1598
947	1599
947	1603
947	1604
947	1642
947	1643
947	1644
948	986
948	987
948	988
948	989
948	1016
948	1041
948	1043
948	1044
948	1096
948	1097
948	1114
948	1115
948	1116
948	1141
948	1151
948	1152
948	1166
948	1180
948	1212
948	1269
948	1277
948	1303
948	1316
948	1317
948	1318
948	1319
948	1330
948	1337
948	1368
948	1369
948	1383
948	1384
948	1420
948	1421
948	1436
948	1437
948	1438
948	1449
948	1450
948	1451
948	1480
948	1515
948	1562
948	1580
948	1582
948	1597
948	1598
948	1599
948	1603
948	1604
948	1609
948	1629
948	1642
948	1643
949	997
949	998
949	999
949	1024
949	1025
949	1030
949	1050
949	1051
949	1054
949	1085
949	1086
949	1087
949	1106
949	1107
949	1113
949	1117
949	1118
949	1119
949	1200
949	1220
949	1264
949	1270
949	1279
949	1294
949	1295
949	1305
949	1354
949	1355
949	1356
949	1357
949	1370
949	1391
949	1403
949	1415
949	1416
949	1417
949	1423
949	1455
949	1456
949	1457
949	1501
949	1503
949	1507
949	1551
949	1590
949	1615
949	1616
949	1626
949	1627
949	1628
949	1632
949	1649
949	1650
950	1002
950	1003
950	1004
950	1005
950	1026
950	1027
950	1054
950	1055
950	1057
950	1082
950	1111
950	1112
950	1113
950	1114
950	1210
950	1212
950	1216
950	1265
950	1272
950	1280
950	1306
950	1307
950	1371
950	1372
950	1373
950	1374
950	1375
950	1425
950	1426
950	1428
950	1429
950	1458
950	1459
950	1460
950	1512
950	1513
950	1515
950	1568
950	1583
950	1597
950	1633
950	1636
950	1637
950	1638
950	1642
951	955
951	958
951	962
951	964
951	977
951	1010
951	1033
951	1061
951	1069
951	1070
951	1087
951	1171
951	1176
951	1227
951	1228
951	1258
951	1259
951	1281
951	1288
951	1291
951	1293
951	1295
951	1406
951	1407
951	1408
951	1412
951	1413
951	1414
951	1428
951	1461
951	1477
951	1523
951	1557
951	1588
951	1589
952	953
952	959
952	980
952	996
952	1000
952	1013
952	1039
952	1040
952	1059
952	1060
952	1061
952	1104
952	1105
952	1138
952	1179
952	1184
952	1185
952	1192
952	1246
952	1247
952	1274
952	1275
952	1284
952	1292
952	1299
952	1309
952	1327
952	1430
952	1448
952	1464
952	1529
952	1546
952	1566
952	1594
952	1595
952	1596
952	1607
952	1608
953	960
953	964
953	1001
953	1012
953	1013
953	1039
953	1040
953	1058
953	1059
953	1060
953	1061
953	1071
953	1169
953	1179
953	1183
953	1186
953	1187
953	1188
953	1229
953	1230
953	1233
953	1239
953	1248
953	1249
953	1285
953	1293
953	1295
953	1297
953	1309
953	1418
953	1423
953	1424
953	1430
953	1462
953	1463
953	1464
953	1473
953	1482
953	1525
953	1530
953	1531
953	1563
953	1567
953	1593
953	1594
953	1595
953	1596
953	1609
953	1610
953	1611
954	955
954	956
954	957
954	958
954	982
954	984
954	990
954	1004
954	1014
954	1015
954	1028
954	1056
954	1062
954	1063
954	1064
954	1065
954	1098
954	1099
954	1100
954	1181
954	1193
954	1194
954	1195
954	1203
954	1242
954	1243
954	1255
954	1256
954	1257
954	1272
954	1273
954	1288
954	1318
954	1323
954	1404
954	1422
954	1431
954	1432
954	1440
954	1441
954	1465
954	1483
954	1535
954	1536
954	1570
954	1571
954	1620
954	1621
954	1622
954	1645
954	1646
954	1647
955	957
955	958
955	962
955	973
955	985
955	1005
955	1014
955	1015
955	1018
955	1028
955	1056
955	1062
955	1063
955	1064
955	1066
955	1067
955	1068
955	1095
955	1173
955	1196
955	1197
955	1198
955	1199
955	1227
955	1228
955	1256
955	1258
955	1259
955	1281
955	1287
955	1288
955	1291
955	1300
955	1304
955	1319
955	1404
955	1406
955	1410
955	1411
955	1431
955	1433
955	1434
955	1435
955	1466
955	1473
955	1484
955	1537
955	1538
955	1572
955	1573
955	1621
955	1623
955	1624
955	1625
955	1645
955	1646
955	1647
956	959
956	968
956	986
956	999
956	1006
956	1016
956	1043
956	1044
956	1065
956	1076
956	1106
956	1107
956	1186
956	1195
956	1200
956	1201
956	1202
956	1203
956	1211
956	1213
956	1260
956	1261
956	1276
956	1277
956	1311
956	1320
956	1330
956	1405
956	1432
956	1436
956	1437
956	1438
956	1449
956	1450
956	1451
956	1467
956	1474
956	1485
956	1539
956	1540
956	1574
956	1575
956	1605
956	1606
956	1609
956	1622
956	1626
956	1627
956	1628
957	958
957	959
957	961
957	972
957	977
957	984
957	985
957	989
957	990
957	1005
957	1008
957	1017
957	1018
957	1030
957	1042
957	1066
957	1067
957	1068
957	1070
957	1087
957	1093
957	1094
957	1095
957	1203
957	1212
957	1213
957	1219
957	1228
957	1240
957	1241
957	1270
957	1271
957	1282
957	1289
957	1291
957	1303
957	1319
957	1335
957	1343
957	1359
957	1365
957	1380
957	1406
957	1411
957	1419
957	1429
957	1433
957	1436
957	1437
957	1438
957	1449
957	1450
957	1451
957	1465
957	1471
957	1473
957	1490
957	1581
957	1582
957	1589
957	1593
957	1623
957	1624
957	1625
957	1642
957	1643
957	1644
958	960
958	962
958	973
958	985
958	1015
958	1017
958	1018
958	1028
958	1062
958	1063
958	1064
958	1066
958	1067
958	1068
958	1100
958	1122
958	1139
958	1140
958	1147
958	1170
958	1173
958	1194
958	1214
958	1215
958	1228
958	1255
958	1256
958	1272
958	1273
958	1283
958	1288
958	1290
958	1291
958	1300
958	1304
958	1323
958	1341
958	1343
958	1366
958	1378
958	1380
958	1404
958	1406
958	1411
958	1431
958	1433
958	1466
958	1472
958	1473
958	1487
958	1488
958	1491
958	1509
958	1547
958	1548
958	1589
958	1593
958	1623
958	1624
958	1625
958	1645
958	1646
958	1647
959	960
959	961
959	962
959	974
959	991
959	1005
959	1009
959	1011
959	1019
959	1020
959	1021
959	1037
959	1069
959	1070
959	1082
959	1087
959	1101
959	1102
959	1103
959	1178
959	1185
959	1190
959	1198
959	1210
959	1211
959	1213
959	1216
959	1217
959	1218
959	1219
959	1246
959	1247
959	1250
959	1268
959	1274
959	1275
959	1284
959	1286
959	1289
959	1292
959	1293
959	1295
959	1307
959	1314
959	1324
959	1326
959	1327
959	1335
959	1352
959	1392
959	1407
959	1408
959	1429
959	1434
959	1435
959	1445
959	1446
959	1447
959	1452
959	1453
959	1454
959	1467
959	1471
959	1474
959	1475
959	1510
959	1532
959	1545
959	1549
959	1550
959	1580
959	1583
959	1584
959	1588
959	1589
959	1607
959	1625
959	1648
960	961
960	962
960	964
960	975
960	1011
960	1017
960	1019
960	1020
960	1021
960	1037
960	1046
960	1066
960	1069
960	1070
960	1126
960	1141
960	1142
960	1152
960	1167
960	1172
960	1177
960	1178
960	1198
960	1201
960	1211
960	1220
960	1221
960	1237
960	1251
960	1260
960	1261
960	1276
960	1277
960	1281
960	1285
960	1286
960	1290
960	1292
960	1293
960	1294
960	1295
960	1297
960	1300
960	1305
960	1314
960	1325
960	1327
960	1352
960	1355
960	1407
960	1408
960	1415
960	1416
960	1417
960	1434
960	1435
960	1455
960	1456
960	1457
960	1468
960	1472
960	1474
960	1475
960	1490
960	1491
960	1492
960	1511
960	1524
960	1532
960	1551
960	1552
960	1562
960	1588
960	1589
960	1590
960	1614
960	1625
960	1626
961	962
961	977
961	980
961	985
961	992
961	1011
961	1019
961	1020
961	1021
961	1033
961	1037
961	1067
961	1069
961	1070
961	1084
961	1085
961	1086
961	1087
961	1095
961	1190
961	1211
961	1222
961	1236
961	1267
961	1278
961	1279
961	1286
961	1292
961	1307
961	1327
961	1407
961	1408
961	1428
961	1429
961	1434
961	1435
961	1447
961	1458
961	1459
961	1460
961	1469
961	1474
961	1553
961	1588
961	1589
961	1649
961	1650
962	1011
962	1019
962	1020
962	1021
962	1037
962	1064
962	1068
962	1069
962	1070
962	1087
962	1167
962	1178
962	1252
962	1280
962	1281
962	1291
962	1293
962	1295
962	1407
962	1408
962	1417
962	1429
962	1434
962	1435
962	1470
962	1473
962	1475
962	1588
962	1589
963	964
963	967
963	971
963	975
963	1022
963	1023
963	1030
963	1031
963	1082
963	1083
963	1084
963	1102
963	1168
963	1169
963	1176
963	1186
963	1223
963	1224
963	1235
963	1266
963	1293
963	1295
963	1302
963	1305
963	1413
963	1436
963	1437
963	1477
963	1479
963	1522
963	1554
963	1585
963	1586
963	1587
964	972
964	973
964	977
964	1022
964	1023
964	1030
964	1031
964	1059
964	1062
964	1069
964	1070
964	1081
964	1093
964	1145
964	1171
964	1172
964	1175
964	1176
964	1198
964	1201
964	1209
964	1227
964	1228
964	1234
964	1254
964	1258
964	1259
964	1281
964	1285
964	1287
964	1290
964	1292
964	1293
964	1294
964	1295
964	1297
964	1300
964	1305
964	1317
964	1325
964	1327
964	1352
964	1355
964	1406
964	1407
964	1408
964	1412
964	1413
964	1414
964	1436
964	1437
964	1443
964	1461
964	1476
964	1477
964	1481
964	1523
964	1534
964	1557
964	1561
964	1588
964	1589
964	1590
964	1625
964	1626
965	970
965	996
965	997
965	1003
965	1007
965	1024
965	1025
965	1050
965	1051
965	1072
965	1073
965	1105
965	1114
965	1115
965	1116
965	1177
965	1178
965	1186
965	1205
965	1220
965	1236
965	1237
965	1251
965	1279
965	1298
965	1299
965	1320
965	1333
965	1336
965	1368
965	1409
965	1415
965	1416
965	1417
965	1439
965	1455
965	1456
965	1457
965	1480
965	1524
965	1551
965	1562
965	1597
965	1598
965	1599
965	1629
965	1630
966	967
966	968
966	970
966	971
966	1002
966	1026
966	1027
966	1054
966	1055
966	1074
966	1075
966	1076
966	1107
966	1117
966	1118
966	1119
966	1190
966	1207
966	1217
966	1222
966	1252
966	1263
966	1280
966	1302
966	1322
966	1410
966	1428
966	1429
966	1440
966	1458
966	1459
966	1460
966	1483
966	1485
966	1533
966	1615
966	1616
966	1639
966	1640
966	1641
967	969
967	970
967	971
967	973
967	975
967	1003
967	1014
967	1026
967	1027
967	1054
967	1055
967	1062
967	1073
967	1074
967	1075
967	1077
967	1079
967	1080
967	1081
967	1112
967	1185
967	1189
967	1191
967	1192
967	1207
967	1234
967	1253
967	1254
967	1263
967	1265
967	1287
967	1290
967	1302
967	1304
967	1305
967	1410
967	1412
967	1425
967	1426
967	1427
967	1430
967	1440
967	1442
967	1484
967	1486
967	1489
967	1534
967	1569
967	1594
967	1617
967	1618
967	1619
967	1633
967	1639
967	1640
967	1641
968	969
968	974
968	986
968	1001
968	1006
968	1015
968	1028
968	1042
968	1067
968	1073
968	1074
968	1076
968	1077
968	1078
968	1089
968	1099
968	1106
968	1107
968	1114
968	1118
968	1158
968	1194
968	1200
968	1201
968	1202
968	1203
968	1260
968	1261
968	1276
968	1277
968	1296
968	1350
968	1365
968	1387
968	1401
968	1411
968	1431
968	1436
968	1437
968	1438
968	1441
968	1449
968	1450
968	1451
968	1467
968	1485
968	1486
968	1487
968	1515
968	1520
968	1539
968	1540
968	1574
968	1575
968	1600
968	1601
968	1602
968	1609
968	1626
968	1627
968	1628
969	971
969	975
969	987
969	1007
969	1015
969	1027
969	1028
969	1042
969	1058
969	1067
969	1072
969	1073
969	1075
969	1076
969	1077
969	1078
969	1080
969	1099
969	1107
969	1159
969	1170
969	1204
969	1205
969	1206
969	1231
969	1232
969	1262
969	1301
969	1302
969	1350
969	1387
969	1404
969	1411
969	1419
969	1420
969	1421
969	1439
969	1441
969	1468
969	1485
969	1486
969	1488
969	1492
969	1541
969	1542
969	1576
969	1577
969	1600
969	1601
969	1602
969	1609
969	1629
969	1630
970	971
970	972
970	973
970	974
970	1002
970	1003
970	1005
970	1007
970	1022
970	1023
970	1029
970	1030
970	1031
970	1047
970	1048
970	1079
970	1080
970	1081
970	1082
970	1102
970	1111
970	1112
970	1113
970	1185
970	1201
970	1208
970	1210
970	1211
970	1216
970	1217
970	1219
970	1222
970	1234
970	1250
970	1265
970	1267
970	1268
970	1278
970	1289
970	1292
970	1317
970	1324
970	1333
970	1335
970	1336
970	1352
970	1367
970	1389
970	1392
970	1412
970	1413
970	1425
970	1437
970	1442
970	1443
970	1445
970	1446
970	1447
970	1452
970	1453
970	1454
970	1458
970	1471
970	1545
970	1549
970	1569
970	1580
970	1583
970	1612
970	1617
970	1618
970	1619
970	1636
970	1637
970	1638
970	1648
970	1649
971	972
971	973
971	975
971	1003
971	1017
971	1022
971	1023
971	1029
971	1030
971	1031
971	1047
971	1048
971	1066
971	1074
971	1075
971	1079
971	1080
971	1081
971	1083
971	1118
971	1172
971	1184
971	1185
971	1189
971	1208
971	1217
971	1234
971	1263
971	1265
971	1269
971	1287
971	1290
971	1292
971	1300
971	1301
971	1302
971	1324
971	1333
971	1348
971	1352
971	1386
971	1389
971	1392
971	1410
971	1412
971	1413
971	1440
971	1442
971	1443
971	1448
971	1472
971	1489
971	1529
971	1546
971	1566
971	1569
971	1607
971	1617
971	1618
971	1619
971	1639
971	1640
971	1641
972	973
972	974
972	985
972	987
972	990
972	1003
972	1008
972	1022
972	1023
972	1029
972	1030
972	1031
972	1033
972	1047
972	1048
972	1069
972	1079
972	1080
972	1081
972	1084
972	1085
972	1093
972	1094
972	1095
972	1201
972	1212
972	1213
972	1217
972	1240
972	1241
972	1270
972	1271
972	1298
972	1303
972	1317
972	1333
972	1412
972	1413
972	1428
972	1436
972	1437
972	1438
972	1442
972	1443
972	1449
972	1450
972	1451
972	1453
972	1483
972	1490
972	1520
972	1581
972	1582
972	1617
972	1618
972	1619
972	1642
972	1643
972	1644
973	975
973	1022
973	1023
973	1029
973	1030
973	1031
973	1047
973	1048
973	1062
973	1063
973	1064
973	1068
973	1069
973	1079
973	1080
973	1081
973	1172
973	1185
973	1214
973	1215
973	1255
973	1256
973	1272
973	1273
973	1287
973	1291
973	1304
973	1412
973	1413
973	1437
973	1442
973	1443
973	1473
973	1484
973	1491
973	1547
973	1548
973	1617
973	1618
973	1619
973	1645
973	1646
973	1647
974	975
974	991
974	996
974	1003
974	1009
974	1010
974	1032
974	1033
974	1034
974	1070
974	1079
974	1082
974	1083
974	1084
974	1085
974	1101
974	1102
974	1103
974	1112
974	1211
974	1216
974	1217
974	1218
974	1219
974	1246
974	1247
974	1274
974	1275
974	1292
974	1299
974	1327
974	1329
974	1333
974	1414
974	1428
974	1444
974	1445
974	1446
974	1447
974	1452
974	1453
974	1454
974	1474
974	1485
974	1521
974	1549
974	1550
974	1583
974	1584
974	1585
974	1586
974	1587
974	1648
975	1010
975	1020
975	1032
975	1033
975	1034
975	1070
975	1075
975	1080
975	1082
975	1083
975	1084
975	1102
975	1178
975	1185
975	1220
975	1221
975	1260
975	1261
975	1276
975	1277
975	1293
975	1295
975	1305
975	1414
975	1415
975	1416
975	1417
975	1444
975	1455
975	1456
975	1457
975	1475
975	1486
975	1492
975	1551
975	1552
975	1585
975	1586
975	1587
976	977
976	978
976	979
976	981
976	983
976	984
976	990
976	992
976	994
976	1032
976	1034
976	1037
976	1047
976	1057
976	1070
976	1085
976	1086
976	1087
976	1088
976	1091
976	1102
976	1170
976	1198
976	1206
976	1208
976	1225
976	1226
976	1244
976	1245
976	1306
976	1314
976	1318
976	1324
976	1326
976	1404
976	1405
976	1415
976	1442
976	1443
976	1444
976	1445
976	1493
976	1500
976	1512
976	1555
976	1556
976	1649
976	1650
977	980
977	982
977	985
977	1032
977	1034
977	1057
977	1060
977	1069
977	1070
977	1084
977	1085
977	1086
977	1087
977	1102
977	1171
977	1227
977	1228
977	1258
977	1259
977	1286
977	1292
977	1307
977	1319
977	1327
977	1406
977	1407
977	1408
977	1412
977	1413
977	1414
977	1415
977	1445
977	1494
977	1523
977	1557
977	1588
977	1589
977	1649
977	1650
978	979
978	980
978	983
978	986
978	991
978	995
978	998
978	1000
978	1019
978	1020
978	1035
978	1036
978	1037
978	1045
978	1046
978	1088
978	1103
978	1104
978	1108
978	1109
978	1110
978	1172
978	1173
978	1198
978	1215
978	1229
978	1230
978	1248
978	1249
978	1308
978	1314
978	1320
978	1328
978	1330
978	1332
978	1416
978	1417
978	1434
978	1446
978	1447
978	1495
978	1513
978	1558
978	1559
978	1590
978	1591
978	1592
978	1612
978	1613
978	1614
979	980
979	981
979	983
979	988
979	992
979	1011
979	1019
979	1020
979	1035
979	1036
979	1037
979	1045
979	1046
979	1086
979	1088
979	1091
979	1092
979	1178
979	1191
979	1196
979	1198
979	1199
979	1211
979	1215
979	1233
979	1237
979	1239
979	1268
979	1286
979	1295
979	1309
979	1310
979	1312
979	1314
979	1315
979	1327
979	1332
979	1352
979	1355
979	1358
979	1392
979	1410
979	1411
979	1416
979	1417
979	1418
979	1433
979	1434
979	1435
979	1446
979	1447
979	1497
979	1532
979	1538
979	1573
979	1593
979	1602
979	1612
979	1613
979	1614
979	1625
979	1641
980	983
980	989
980	1019
980	1020
980	1035
980	1036
980	1037
980	1045
980	1046
980	1059
980	1060
980	1061
980	1070
980	1087
980	1088
980	1168
980	1171
980	1176
980	1178
980	1182
980	1198
980	1211
980	1224
980	1234
980	1235
980	1237
980	1254
980	1268
980	1282
980	1284
980	1286
980	1295
980	1314
980	1327
980	1340
980	1352
980	1355
980	1377
980	1392
980	1406
980	1407
980	1408
980	1412
980	1413
980	1414
980	1416
980	1417
980	1446
980	1447
980	1514
980	1532
980	1561
980	1587
980	1594
980	1595
980	1596
980	1612
980	1613
980	1614
980	1619
981	982
981	983
981	984
981	988
981	990
981	998
981	1038
981	1039
981	1050
981	1052
981	1065
981	1088
981	1089
981	1090
981	1091
981	1096
981	1097
981	1105
981	1116
981	1133
981	1180
981	1206
981	1221
981	1240
981	1241
981	1270
981	1271
981	1309
981	1310
981	1318
981	1320
981	1330
981	1357
981	1360
981	1394
981	1419
981	1420
981	1421
981	1439
981	1448
981	1457
981	1493
981	1498
981	1500
981	1526
981	1564
981	1603
981	1604
981	1622
981	1631
981	1632
982	999
982	1038
982	1052
982	1065
982	1078
982	1089
982	1090
982	1092
982	1097
982	1105
982	1124
982	1149
982	1181
982	1182
982	1183
982	1187
982	1225
982	1226
982	1242
982	1243
982	1244
982	1245
982	1257
982	1311
982	1323
982	1342
982	1357
982	1379
982	1394
982	1409
982	1422
982	1424
982	1448
982	1469
982	1470
982	1494
982	1499
982	1500
982	1516
982	1527
982	1528
982	1565
982	1605
982	1606
982	1622
982	1631
982	1632
983	988
983	992
983	1013
983	1039
983	1040
983	1053
983	1060
983	1088
983	1090
983	1091
983	1092
983	1097
983	1110
983	1179
983	1189
983	1191
983	1198
983	1237
983	1239
983	1250
983	1251
983	1268
983	1306
983	1308
983	1309
983	1314
983	1332
983	1417
983	1418
983	1425
983	1426
983	1427
983	1430
983	1447
983	1497
983	1500
983	1532
983	1568
983	1593
983	1599
983	1612
983	1613
983	1614
983	1638
984	985
984	986
984	988
984	990
984	992
984	1004
984	1008
984	1041
984	1042
984	1043
984	1054
984	1067
984	1073
984	1090
984	1093
984	1094
984	1095
984	1097
984	1098
984	1099
984	1100
984	1107
984	1119
984	1181
984	1193
984	1194
984	1195
984	1202
984	1207
984	1241
984	1242
984	1243
984	1255
984	1256
984	1257
984	1272
984	1273
984	1306
984	1316
984	1318
984	1319
984	1334
984	1337
984	1419
984	1422
984	1431
984	1432
984	1438
984	1440
984	1441
984	1449
984	1460
984	1501
984	1519
984	1535
984	1536
984	1570
984	1571
984	1604
984	1620
984	1621
984	1622
984	1642
984	1643
984	1644
985	987
985	989
985	990
985	1005
985	1018
985	1041
985	1042
985	1064
985	1066
985	1067
985	1068
985	1073
985	1081
985	1093
985	1094
985	1095
985	1099
985	1107
985	1196
985	1197
985	1198
985	1199
985	1227
985	1228
985	1241
985	1258
985	1259
985	1288
985	1303
985	1307
985	1317
985	1318
985	1319
985	1335
985	1406
985	1410
985	1411
985	1419
985	1427
985	1433
985	1434
985	1435
985	1438
985	1449
985	1502
985	1509
985	1537
985	1538
985	1572
985	1573
985	1604
985	1623
985	1624
985	1625
985	1642
985	1643
985	1644
986	987
986	988
986	989
986	991
986	998
986	1006
986	1008
986	1016
986	1043
986	1044
986	1096
986	1097
986	1106
986	1107
986	1114
986	1119
986	1186
986	1195
986	1200
986	1201
986	1202
986	1203
986	1210
986	1260
986	1261
986	1276
986	1277
986	1298
986	1308
986	1310
986	1316
986	1320
986	1330
986	1332
986	1337
986	1420
986	1421
986	1432
986	1436
986	1437
986	1438
986	1449
986	1450
986	1451
986	1460
986	1503
986	1510
986	1520
986	1539
986	1540
986	1574
986	1575
986	1603
986	1604
986	1609
986	1626
986	1627
986	1628
986	1644
987	988
987	989
987	1007
987	1016
987	1041
987	1043
987	1044
987	1072
987	1073
987	1081
987	1093
987	1096
987	1097
987	1175
987	1177
987	1204
987	1205
987	1206
987	1231
987	1232
987	1262
987	1282
987	1298
987	1303
987	1317
987	1320
987	1330
987	1336
987	1360
987	1405
987	1419
987	1420
987	1421
987	1427
987	1439
987	1450
987	1451
987	1481
987	1504
987	1511
987	1541
987	1542
987	1576
987	1577
987	1603
987	1604
987	1629
987	1630
987	1644
988	989
988	990
988	992
988	1016
988	1043
988	1044
988	1056
988	1065
988	1089
988	1090
988	1094
988	1096
988	1097
988	1099
988	1116
988	1193
988	1195
988	1207
988	1238
988	1263
988	1264
988	1269
988	1309
988	1310
988	1314
988	1318
988	1320
988	1330
988	1357
988	1360
988	1394
988	1420
988	1421
988	1431
988	1432
988	1440
988	1441
988	1450
988	1451
988	1505
988	1536
988	1543
988	1571
988	1578
988	1603
988	1604
988	1622
988	1631
988	1632
989	1016
989	1043
989	1044
989	1058
989	1067
989	1095
989	1096
989	1097
989	1195
989	1208
989	1209
989	1223
989	1253
989	1265
989	1266
989	1282
989	1286
989	1298
989	1319
989	1360
989	1375
989	1404
989	1405
989	1420
989	1421
989	1442
989	1443
989	1444
989	1450
989	1451
989	1506
989	1544
989	1556
989	1579
989	1603
989	1604
989	1633
989	1634
989	1635
990	991
990	992
990	1004
990	1008
990	1042
990	1049
990	1063
990	1086
990	1093
990	1094
990	1095
990	1098
990	1099
990	1100
990	1109
990	1113
990	1202
990	1212
990	1213
990	1218
990	1240
990	1241
990	1243
990	1270
990	1271
990	1273
990	1310
990	1318
990	1321
990	1323
990	1334
990	1337
990	1359
990	1362
990	1365
990	1396
990	1419
990	1422
990	1436
990	1437
990	1438
990	1441
990	1449
990	1450
990	1451
990	1454
990	1501
990	1507
990	1509
990	1581
990	1582
990	1605
990	1620
990	1621
990	1622
990	1632
990	1642
990	1643
990	1644
990	1646
991	992
991	994
991	1004
991	1009
991	1035
991	1036
991	1045
991	1046
991	1101
991	1102
991	1103
991	1110
991	1113
991	1177
991	1182
991	1185
991	1210
991	1211
991	1215
991	1216
991	1217
991	1218
991	1219
991	1246
991	1247
991	1250
991	1268
991	1274
991	1275
991	1292
991	1294
991	1306
991	1312
991	1321
991	1324
991	1325
991	1326
991	1327
991	1332
991	1334
991	1389
991	1392
991	1416
991	1445
991	1446
991	1447
991	1452
991	1453
991	1454
991	1474
991	1503
991	1507
991	1510
991	1511
991	1545
991	1549
991	1550
991	1568
991	1580
991	1583
991	1584
991	1606
991	1607
991	1647
991	1648
992	1035
992	1036
992	1045
992	1046
992	1070
992	1085
992	1086
992	1087
992	1094
992	1099
992	1195
992	1210
992	1222
992	1236
992	1267
992	1278
992	1279
992	1306
992	1309
992	1314
992	1324
992	1326
992	1428
992	1429
992	1446
992	1458
992	1459
992	1460
992	1505
992	1510
992	1553
992	1649
992	1650
993	994
993	995
993	997
993	1000
993	1002
993	1009
993	1029
993	1047
993	1048
993	1082
993	1101
993	1102
993	1103
993	1104
993	1108
993	1167
993	1208
993	1220
993	1324
993	1326
993	1328
993	1442
993	1452
993	1453
993	1512
993	1513
993	1515
993	1648
994	995
994	998
994	1004
994	1022
994	1029
994	1047
994	1048
994	1101
994	1102
994	1103
994	1134
994	1143
994	1144
994	1161
994	1170
994	1182
994	1185
994	1196
994	1204
994	1208
994	1209
994	1215
994	1217
994	1225
994	1226
994	1244
994	1245
994	1253
994	1265
994	1292
994	1294
994	1306
994	1312
994	1321
994	1324
994	1325
994	1326
994	1327
994	1333
994	1334
994	1389
994	1392
994	1404
994	1405
994	1442
994	1443
994	1444
994	1452
994	1453
994	1476
994	1493
994	1495
994	1496
994	1512
994	1544
994	1555
994	1556
994	1569
994	1579
994	1606
994	1607
994	1617
994	1647
994	1648
995	996
995	997
995	1000
995	1001
995	1006
995	1009
995	1017
995	1038
995	1049
995	1052
995	1071
995	1101
995	1104
995	1105
995	1108
995	1109
995	1110
995	1139
995	1146
995	1147
995	1164
995	1172
995	1173
995	1187
995	1196
995	1214
995	1221
995	1229
995	1230
995	1248
995	1249
995	1274
995	1296
995	1308
995	1312
995	1328
995	1329
995	1331
995	1363
995	1366
995	1378
995	1399
995	1402
995	1424
995	1448
995	1454
995	1457
995	1478
995	1495
995	1498
995	1499
995	1513
995	1517
995	1558
995	1559
995	1590
995	1591
995	1592
995	1607
995	1608
995	1639
996	1000
996	1001
996	1007
996	1017
996	1036
996	1049
996	1082
996	1102
996	1104
996	1105
996	1148
996	1149
996	1153
996	1171
996	1174
996	1175
996	1206
996	1231
996	1232
996	1262
996	1274
996	1284
996	1299
996	1328
996	1329
996	1336
996	1363
996	1379
996	1385
996	1399
996	1409
996	1422
996	1448
996	1454
996	1479
996	1496
996	1513
996	1514
996	1518
996	1560
996	1607
996	1608
996	1639
997	998
997	999
997	1000
997	1002
997	1006
997	1024
997	1025
997	1050
997	1051
997	1076
997	1104
997	1106
997	1107
997	1108
997	1114
997	1115
997	1116
997	1177
997	1178
997	1204
997	1220
997	1221
997	1236
997	1237
997	1251
997	1279
997	1320
997	1330
997	1331
997	1365
997	1368
997	1401
997	1415
997	1416
997	1417
997	1423
997	1439
997	1455
997	1456
997	1457
997	1498
997	1515
997	1524
997	1551
997	1562
997	1597
997	1598
997	1599
997	1626
997	1627
997	1628
998	999
998	1000
998	1008
998	1024
998	1025
998	1050
998	1051
998	1053
998	1096
998	1097
998	1106
998	1107
998	1110
998	1114
998	1180
998	1186
998	1204
998	1208
998	1220
998	1240
998	1241
998	1270
998	1271
998	1298
998	1308
998	1310
998	1316
998	1320
998	1330
998	1332
998	1337
998	1419
998	1420
998	1421
998	1423
998	1439
998	1455
998	1456
998	1500
998	1503
998	1504
998	1512
998	1526
998	1564
998	1603
998	1604
998	1609
998	1626
998	1627
998	1628
998	1629
998	1644
999	1001
999	1024
999	1025
999	1050
999	1051
999	1065
999	1076
999	1106
999	1107
999	1174
999	1181
999	1182
999	1183
999	1186
999	1195
999	1225
999	1226
999	1242
999	1243
999	1244
999	1245
999	1257
999	1311
999	1320
999	1330
999	1409
999	1422
999	1423
999	1455
999	1456
999	1516
999	1527
999	1528
999	1565
999	1605
999	1606
999	1609
999	1622
999	1626
999	1627
999	1628
1000	1001
1000	1006
1000	1009
1000	1012
1000	1038
1000	1049
1000	1052
1000	1053
1000	1104
1000	1105
1000	1106
1000	1108
1000	1109
1000	1110
1000	1114
1000	1184
1000	1185
1000	1214
1000	1218
1000	1220
1000	1246
1000	1247
1000	1248
1000	1274
1000	1275
1000	1299
1000	1308
1000	1312
1000	1328
1000	1331
1000	1332
1000	1424
1000	1448
1000	1454
1000	1455
1000	1457
1000	1507
1000	1508
1000	1513
1000	1517
1000	1529
1000	1566
1000	1590
1000	1591
1000	1592
1000	1607
1000	1608
1000	1610
1001	1012
1001	1038
1001	1052
1001	1053
1001	1071
1001	1076
1001	1107
1001	1108
1001	1109
1001	1110
1001	1186
1001	1187
1001	1188
1001	1202
1001	1229
1001	1230
1001	1248
1001	1249
1001	1296
1001	1313
1001	1331
1001	1418
1001	1423
1001	1424
1001	1438
1001	1457
1001	1518
1001	1530
1001	1531
1001	1567
1001	1590
1001	1591
1001	1592
1001	1609
1001	1610
1001	1611
1002	1003
1002	1004
1002	1005
1002	1006
1002	1008
1002	1009
1002	1026
1002	1027
1002	1054
1002	1055
1002	1079
1002	1106
1002	1111
1002	1112
1002	1113
1002	1114
1002	1117
1002	1118
1002	1119
1002	1190
1002	1207
1002	1216
1002	1250
1002	1252
1002	1278
1002	1280
1002	1316
1002	1321
1002	1337
1002	1425
1002	1426
1002	1428
1002	1429
1002	1440
1002	1458
1002	1459
1002	1460
1002	1519
1002	1520
1002	1521
1002	1533
1002	1580
1002	1615
1002	1616
1002	1636
1002	1637
1002	1638
1003	1004
1003	1005
1003	1007
1003	1026
1003	1027
1003	1041
1003	1054
1003	1055
1003	1072
1003	1075
1003	1079
1003	1080
1003	1081
1003	1093
1003	1111
1003	1112
1003	1113
1003	1115
1003	1117
1003	1184
1003	1191
1003	1192
1003	1234
1003	1250
1003	1253
1003	1254
1003	1265
1003	1278
1003	1289
1003	1302
1003	1303
1003	1317
1003	1333
1003	1410
1003	1412
1003	1425
1003	1426
1003	1427
1003	1430
1003	1442
1003	1458
1003	1459
1003	1534
1003	1569
1003	1580
1003	1594
1003	1617
1003	1618
1003	1619
1003	1633
1003	1636
1003	1637
1003	1638
1004	1005
1004	1006
1004	1008
1004	1026
1004	1027
1004	1054
1004	1055
1004	1056
1004	1098
1004	1099
1004	1100
1004	1111
1004	1112
1004	1113
1004	1116
1004	1117
1004	1193
1004	1194
1004	1195
1004	1200
1004	1207
1004	1242
1004	1243
1004	1255
1004	1256
1004	1257
1004	1263
1004	1269
1004	1272
1004	1273
1004	1302
1004	1318
1004	1321
1004	1324
1004	1326
1004	1334
1004	1425
1004	1426
1004	1431
1004	1432
1004	1440
1004	1441
1004	1458
1004	1459
1004	1483
1004	1501
1004	1513
1004	1519
1004	1535
1004	1536
1004	1543
1004	1570
1004	1571
1004	1578
1004	1620
1004	1621
1004	1622
1004	1636
1004	1637
1004	1638
1004	1639
1005	1007
1005	1026
1005	1027
1005	1054
1005	1055
1005	1066
1005	1067
1005	1068
1005	1079
1005	1095
1005	1111
1005	1112
1005	1113
1005	1157
1005	1196
1005	1197
1005	1198
1005	1199
1005	1207
1005	1227
1005	1228
1005	1258
1005	1259
1005	1289
1005	1292
1005	1302
1005	1319
1005	1327
1005	1335
1005	1410
1005	1411
1005	1425
1005	1426
1005	1433
1005	1434
1005	1435
1005	1458
1005	1459
1005	1484
1005	1502
1005	1519
1005	1537
1005	1538
1005	1572
1005	1573
1005	1623
1005	1624
1005	1625
1005	1636
1005	1637
1005	1638
1006	1007
1006	1009
1006	1014
1006	1041
1006	1056
1006	1076
1006	1106
1006	1107
1006	1111
1006	1114
1006	1115
1006	1116
1006	1117
1006	1158
1006	1193
1006	1200
1006	1201
1006	1202
1006	1203
1006	1212
1006	1260
1006	1261
1006	1276
1006	1277
1006	1320
1006	1328
1006	1330
1006	1331
1006	1365
1006	1368
1006	1401
1006	1427
1006	1436
1006	1437
1006	1438
1006	1449
1006	1450
1006	1451
1006	1458
1006	1460
1006	1485
1006	1503
1006	1515
1006	1520
1006	1539
1006	1540
1006	1574
1006	1575
1006	1597
1006	1598
1006	1599
1006	1626
1006	1627
1006	1628
1007	1014
1007	1041
1007	1056
1007	1072
1007	1073
1007	1079
1007	1112
1007	1114
1007	1115
1007	1116
1007	1159
1007	1180
1007	1204
1007	1205
1007	1206
1007	1231
1007	1232
1007	1262
1007	1298
1007	1299
1007	1329
1007	1336
1007	1368
1007	1419
1007	1420
1007	1421
1007	1425
1007	1427
1007	1439
1007	1460
1007	1486
1007	1504
1007	1520
1007	1541
1007	1542
1007	1576
1007	1577
1007	1597
1007	1598
1007	1599
1007	1629
1007	1630
1008	1009
1008	1030
1008	1093
1008	1094
1008	1095
1008	1111
1008	1117
1008	1118
1008	1119
1008	1200
1008	1207
1008	1212
1008	1213
1008	1216
1008	1240
1008	1241
1008	1270
1008	1271
1008	1316
1008	1320
1008	1330
1008	1337
1008	1436
1008	1437
1008	1438
1008	1449
1008	1450
1008	1451
1008	1452
1008	1519
1008	1520
1008	1581
1008	1582
1008	1615
1008	1616
1008	1642
1008	1643
1008	1644
1009	1057
1009	1082
1009	1101
1009	1102
1009	1103
1009	1111
1009	1117
1009	1210
1009	1212
1009	1216
1009	1217
1009	1218
1009	1219
1009	1246
1009	1247
1009	1274
1009	1275
1009	1324
1009	1326
1009	1328
1009	1331
1009	1445
1009	1446
1009	1447
1009	1452
1009	1453
1009	1454
1009	1510
1009	1520
1009	1521
1009	1549
1009	1550
1009	1583
1009	1584
1009	1648
1010	1011
1010	1015
1010	1021
1010	1022
1010	1023
1010	1030
1010	1031
1010	1032
1010	1033
1010	1034
1010	1048
1010	1082
1010	1083
1010	1084
1010	1087
1010	1176
1010	1284
1010	1285
1010	1286
1010	1291
1010	1293
1010	1338
1010	1343
1010	1344
1010	1345
1010	1347
1010	1355
1010	1406
1010	1407
1010	1408
1010	1412
1010	1413
1010	1414
1010	1428
1010	1444
1010	1522
1010	1534
1010	1585
1010	1586
1010	1587
1010	1618
1010	1619
1011	1018
1011	1019
1011	1020
1011	1021
1011	1033
1011	1037
1011	1069
1011	1070
1011	1167
1011	1190
1011	1192
1011	1199
1011	1239
1011	1281
1011	1289
1011	1290
1011	1291
1011	1307
1011	1311
1011	1315
1011	1339
1011	1348
1011	1349
1011	1350
1011	1351
1011	1353
1011	1407
1011	1408
1011	1410
1011	1411
1011	1429
1011	1433
1011	1434
1011	1435
1011	1464
1011	1523
1011	1537
1011	1588
1011	1589
1011	1623
1011	1624
1012	1013
1012	1017
1012	1018
1012	1024
1012	1025
1012	1038
1012	1039
1012	1040
1012	1050
1012	1051
1012	1052
1012	1053
1012	1058
1012	1059
1012	1108
1012	1109
1012	1110
1012	1173
1012	1188
1012	1296
1012	1297
1012	1300
1012	1301
1012	1308
1012	1341
1012	1349
1012	1356
1012	1357
1012	1358
1012	1359
1012	1418
1012	1423
1012	1424
1012	1457
1012	1540
1012	1559
1012	1590
1012	1591
1012	1592
1012	1627
1012	1628
1012	1633
1012	1634
1012	1635
1013	1020
1013	1039
1013	1040
1013	1053
1013	1058
1013	1059
1013	1060
1013	1061
1013	1064
1013	1091
1013	1092
1013	1095
1013	1168
1013	1179
1013	1183
1013	1191
1013	1230
1013	1295
1013	1297
1013	1301
1013	1309
1013	1343
1013	1362
1013	1365
1013	1366
1013	1418
1013	1423
1013	1424
1013	1430
1013	1561
1013	1592
1013	1593
1013	1594
1013	1595
1013	1596
1013	1628
1013	1632
1014	1015
1014	1016
1014	1017
1014	1026
1014	1027
1014	1028
1014	1041
1014	1043
1014	1044
1014	1054
1014	1055
1014	1056
1014	1062
1014	1063
1014	1064
1014	1069
1014	1114
1014	1115
1014	1116
1014	1189
1014	1193
1014	1304
1014	1308
1014	1309
1014	1374
1014	1375
1014	1376
1014	1377
1014	1384
1014	1404
1014	1421
1014	1425
1014	1426
1014	1427
1014	1430
1014	1431
1014	1460
1014	1524
1014	1545
1014	1597
1014	1598
1014	1599
1014	1637
1014	1638
1014	1645
1014	1646
1014	1647
1015	1018
1015	1028
1015	1042
1015	1055
1015	1056
1015	1059
1015	1062
1015	1063
1015	1064
1015	1076
1015	1077
1015	1078
1015	1095
1015	1170
1015	1173
1015	1194
1015	1256
1015	1288
1015	1291
1015	1312
1015	1313
1015	1314
1015	1315
1015	1323
1015	1338
1015	1346
1015	1347
1015	1364
1015	1380
1015	1381
1015	1382
1015	1404
1015	1410
1015	1411
1015	1431
1015	1433
1015	1434
1015	1435
1015	1441
1015	1525
1015	1531
1015	1546
1015	1547
1015	1548
1015	1600
1015	1601
1015	1602
1015	1621
1015	1640
1015	1641
1015	1645
1015	1646
1015	1647
1016	1019
1016	1042
1016	1043
1016	1044
1016	1056
1016	1065
1016	1076
1016	1096
1016	1097
1016	1195
1016	1211
1016	1213
1016	1282
1016	1310
1016	1316
1016	1317
1016	1318
1016	1319
1016	1330
1016	1365
1016	1383
1016	1384
1016	1385
1016	1405
1016	1420
1016	1421
1016	1432
1016	1436
1016	1437
1016	1438
1016	1449
1016	1450
1016	1451
1016	1526
1016	1532
1016	1603
1016	1604
1016	1605
1016	1606
1016	1609
1016	1642
1016	1643
1017	1018
1017	1019
1017	1020
1017	1029
1017	1037
1017	1047
1017	1048
1017	1049
1017	1066
1017	1067
1017	1068
1017	1069
1017	1098
1017	1104
1017	1105
1017	1138
1017	1157
1017	1171
1017	1196
1017	1219
1017	1284
1017	1300
1017	1312
1017	1328
1017	1329
1017	1335
1017	1341
1017	1348
1017	1349
1017	1393
1017	1394
1017	1406
1017	1417
1017	1433
1017	1448
1017	1454
1017	1484
1017	1524
1017	1529
1017	1550
1017	1572
1017	1573
1017	1607
1017	1608
1017	1623
1017	1624
1017	1625
1018	1021
1018	1022
1018	1023
1018	1030
1018	1031
1018	1038
1018	1058
1018	1066
1018	1067
1018	1068
1018	1071
1018	1078
1018	1089
1018	1100
1018	1125
1018	1129
1018	1130
1018	1173
1018	1187
1018	1188
1018	1197
1018	1203
1018	1228
1018	1233
1018	1239
1018	1285
1018	1288
1018	1291
1018	1313
1018	1319
1018	1331
1018	1332
1018	1342
1018	1343
1018	1350
1018	1351
1018	1358
1018	1369
1018	1380
1018	1388
1018	1395
1018	1396
1018	1406
1018	1411
1018	1424
1018	1433
1018	1438
1018	1464
1018	1466
1018	1473
1018	1487
1018	1488
1018	1502
1018	1525
1018	1530
1018	1531
1018	1537
1018	1538
1018	1552
1018	1567
1018	1589
1018	1593
1018	1609
1018	1610
1018	1611
1018	1623
1018	1624
1018	1625
1019	1020
1019	1021
1019	1032
1019	1034
1019	1035
1019	1036
1019	1037
1019	1045
1019	1046
1019	1057
1019	1069
1019	1070
1019	1082
1019	1088
1019	1178
1019	1189
1019	1198
1019	1210
1019	1211
1019	1213
1019	1219
1019	1250
1019	1268
1019	1286
1019	1295
1019	1314
1019	1326
1019	1327
1019	1333
1019	1334
1019	1335
1019	1348
1019	1352
1019	1370
1019	1389
1019	1392
1019	1397
1019	1398
1019	1399
1019	1400
1019	1407
1019	1408
1019	1416
1019	1417
1019	1434
1019	1435
1019	1445
1019	1446
1019	1447
1019	1452
1019	1453
1019	1454
1019	1526
1019	1529
1019	1532
1019	1545
1019	1553
1019	1568
1019	1580
1019	1588
1019	1589
1019	1607
1019	1612
1019	1613
1019	1614
1019	1648
1019	1649
1019	1650
1020	1021
1020	1032
1020	1034
1020	1035
1020	1036
1020	1037
1020	1045
1020	1046
1020	1066
1020	1069
1020	1070
1020	1083
1020	1088
1020	1178
1020	1198
1020	1211
1020	1261
1020	1286
1020	1295
1020	1297
1020	1314
1020	1327
1020	1336
1020	1343
1020	1349
1020	1352
1020	1401
1020	1402
1020	1407
1020	1408
1020	1415
1020	1416
1020	1417
1020	1434
1020	1435
1020	1446
1020	1447
1020	1455
1020	1456
1020	1457
1020	1532
1020	1588
1020	1589
1020	1612
1020	1613
1020	1614
1021	1033
1021	1037
1021	1068
1021	1069
1021	1070
1021	1167
1021	1190
1021	1199
1021	1281
1021	1307
1021	1315
1021	1345
1021	1351
1021	1353
1021	1403
1021	1407
1021	1408
1021	1429
1021	1434
1021	1435
1021	1528
1021	1531
1021	1588
1021	1589
1022	1023
1022	1029
1022	1030
1022	1031
1022	1033
1022	1047
1022	1048
1022	1079
1022	1080
1022	1081
1022	1103
1022	1172
1022	1176
1022	1201
1022	1205
1022	1209
1022	1244
1022	1282
1022	1283
1022	1287
1022	1293
1022	1317
1022	1322
1022	1325
1022	1341
1022	1342
1022	1355
1022	1363
1022	1404
1022	1405
1022	1412
1022	1413
1022	1436
1022	1437
1022	1442
1022	1443
1022	1444
1022	1534
1022	1537
1022	1541
1022	1585
1022	1617
1022	1618
1022	1619
1023	1029
1023	1030
1023	1031
1023	1033
1023	1034
1023	1047
1023	1048
1023	1079
1023	1080
1023	1081
1023	1172
1023	1175
1023	1176
1023	1191
1023	1192
1023	1201
1023	1209
1023	1234
1023	1254
1023	1284
1023	1285
1023	1286
1023	1287
1023	1290
1023	1292
1023	1293
1023	1317
1023	1325
1023	1338
1023	1343
1023	1344
1023	1345
1023	1352
1023	1355
1023	1358
1023	1364
1023	1392
1023	1406
1023	1407
1023	1408
1023	1412
1023	1413
1023	1414
1023	1436
1023	1437
1023	1442
1023	1443
1023	1522
1023	1534
1023	1538
1023	1542
1023	1561
1023	1569
1023	1586
1023	1587
1023	1617
1023	1618
1023	1619
1023	1625
1024	1025
1024	1029
1024	1030
1024	1050
1024	1051
1024	1053
1024	1072
1024	1073
1024	1106
1024	1107
1024	1174
1024	1186
1024	1204
1024	1220
1024	1294
1024	1295
1024	1301
1024	1320
1024	1333
1024	1336
1024	1354
1024	1355
1024	1359
1024	1361
1024	1367
1024	1409
1024	1415
1024	1416
1024	1417
1024	1423
1024	1439
1024	1455
1024	1456
1024	1457
1024	1539
1024	1551
1024	1590
1024	1626
1024	1627
1024	1628
1024	1629
1024	1630
1025	1038
1025	1050
1025	1051
1025	1053
1025	1072
1025	1073
1025	1106
1025	1107
1025	1174
1025	1186
1025	1204
1025	1233
1025	1264
1025	1296
1025	1297
1025	1301
1025	1320
1025	1336
1025	1341
1025	1356
1025	1357
1025	1358
1025	1359
1025	1362
1025	1365
1025	1409
1025	1418
1025	1423
1025	1424
1025	1439
1025	1455
1025	1456
1025	1501
1025	1502
1025	1533
1025	1540
1025	1563
1025	1591
1025	1592
1025	1593
1025	1626
1025	1627
1025	1628
1025	1629
1025	1630
1025	1632
1026	1027
1026	1029
1026	1042
1026	1054
1026	1055
1026	1056
1026	1074
1026	1075
1026	1076
1026	1082
1026	1111
1026	1112
1026	1113
1026	1189
1026	1207
1026	1217
1026	1222
1026	1289
1026	1302
1026	1306
1026	1307
1026	1321
1026	1372
1026	1373
1026	1410
1026	1425
1026	1426
1026	1428
1026	1429
1026	1440
1026	1458
1026	1459
1026	1460
1026	1545
1026	1549
1026	1597
1026	1636
1026	1637
1026	1638
1026	1639
1026	1640
1026	1641
1027	1041
1027	1042
1027	1054
1027	1055
1027	1056
1027	1074
1027	1075
1027	1077
1027	1111
1027	1112
1027	1113
1027	1185
1027	1189
1027	1207
1027	1210
1027	1211
1027	1222
1027	1234
1027	1250
1027	1265
1027	1268
1027	1289
1027	1302
1027	1305
1027	1308
1027	1309
1027	1321
1027	1354
1027	1374
1027	1375
1027	1376
1027	1377
1027	1410
1027	1419
1027	1425
1027	1426
1027	1427
1027	1430
1027	1440
1027	1458
1027	1459
1027	1512
1027	1524
1027	1532
1027	1545
1027	1550
1027	1568
1027	1569
1027	1580
1027	1598
1027	1599
1027	1636
1027	1637
1027	1638
1027	1639
1027	1640
1027	1641
1028	1033
1028	1042
1028	1043
1028	1049
1028	1056
1028	1062
1028	1063
1028	1064
1028	1076
1028	1077
1028	1078
1028	1170
1028	1194
1028	1214
1028	1256
1028	1288
1028	1291
1028	1311
1028	1313
1028	1321
1028	1322
1028	1323
1028	1346
1028	1347
1028	1366
1028	1386
1028	1387
1028	1388
1028	1404
1028	1411
1028	1431
1028	1432
1028	1440
1028	1441
1028	1527
1028	1547
1028	1548
1028	1600
1028	1601
1028	1602
1028	1605
1028	1621
1028	1645
1028	1646
1028	1647
1029	1030
1029	1031
1029	1032
1029	1034
1029	1047
1029	1048
1029	1079
1029	1080
1029	1081
1029	1082
1029	1101
1029	1102
1029	1103
1029	1117
1029	1185
1029	1208
1029	1216
1029	1217
1029	1219
1029	1222
1029	1292
1029	1324
1029	1326
1029	1327
1029	1333
1029	1335
1029	1336
1029	1348
1029	1367
1029	1391
1029	1392
1029	1412
1029	1413
1029	1442
1029	1443
1029	1445
1029	1446
1029	1447
1029	1452
1029	1453
1029	1454
1029	1529
1029	1549
1029	1569
1029	1583
1029	1607
1029	1612
1029	1617
1029	1618
1029	1619
1029	1648
1029	1649
1030	1031
1030	1033
1030	1047
1030	1048
1030	1067
1030	1072
1030	1079
1030	1080
1030	1081
1030	1084
1030	1093
1030	1106
1030	1119
1030	1172
1030	1176
1030	1200
1030	1201
1030	1203
1030	1209
1030	1240
1030	1287
1030	1293
1030	1316
1030	1317
1030	1319
1030	1325
1030	1330
1030	1350
1030	1355
1030	1368
1030	1412
1030	1413
1030	1436
1030	1437
1030	1438
1030	1442
1030	1443
1030	1449
1030	1450
1030	1451
1030	1530
1030	1534
1030	1539
1030	1551
1030	1574
1030	1603
1030	1609
1030	1617
1030	1618
1030	1619
1030	1626
1030	1642
1031	1033
1031	1047
1031	1048
1031	1068
1031	1079
1031	1080
1031	1081
1031	1172
1031	1176
1031	1201
1031	1209
1031	1287
1031	1293
1031	1317
1031	1325
1031	1331
1031	1332
1031	1351
1031	1355
1031	1360
1031	1369
1031	1395
1031	1396
1031	1412
1031	1413
1031	1436
1031	1437
1031	1442
1031	1443
1031	1531
1031	1534
1031	1546
1031	1552
1031	1610
1031	1611
1031	1617
1031	1618
1031	1619
1032	1033
1032	1034
1032	1037
1032	1045
1032	1047
1032	1048
1032	1057
1032	1070
1032	1079
1032	1082
1032	1083
1032	1084
1032	1085
1032	1086
1032	1087
1032	1102
1032	1211
1032	1217
1032	1327
1032	1329
1032	1333
1032	1334
1032	1335
1032	1352
1032	1361
1032	1370
1032	1397
1032	1398
1032	1399
1032	1400
1032	1414
1032	1415
1032	1444
1032	1445
1032	1446
1032	1447
1032	1452
1032	1453
1032	1454
1032	1521
1032	1532
1032	1553
1032	1585
1032	1586
1032	1587
1032	1612
1032	1613
1032	1649
1032	1650
1033	1034
1033	1081
1033	1082
1033	1083
1033	1084
1033	1190
1033	1194
1033	1201
1033	1307
1033	1317
1033	1337
1033	1353
1033	1371
1033	1414
1033	1428
1033	1429
1033	1444
1033	1458
1033	1459
1033	1460
1033	1547
1033	1585
1033	1586
1033	1587
1034	1037
1034	1042
1034	1047
1034	1048
1034	1057
1034	1070
1034	1082
1034	1083
1034	1084
1034	1085
1034	1086
1034	1087
1034	1102
1034	1284
1034	1285
1034	1286
1034	1292
1034	1343
1034	1344
1034	1345
1034	1373
1034	1392
1034	1406
1034	1407
1034	1408
1034	1412
1034	1413
1034	1414
1034	1415
1034	1444
1034	1445
1034	1554
1034	1569
1034	1585
1034	1586
1034	1587
1034	1618
1034	1619
1034	1649
1034	1650
1035	1036
1035	1037
1035	1045
1035	1046
1035	1049
1035	1057
1035	1088
1035	1104
1035	1177
1035	1182
1035	1210
1035	1215
1035	1287
1035	1288
1035	1294
1035	1326
1035	1330
1035	1332
1035	1346
1035	1347
1035	1374
1035	1389
1035	1393
1035	1416
1035	1417
1035	1446
1035	1447
1035	1555
1035	1568
1035	1570
1035	1612
1035	1613
1035	1614
1035	1620
1035	1621
1036	1037
1036	1044
1036	1045
1036	1046
1036	1049
1036	1057
1036	1085
1036	1088
1036	1105
1036	1177
1036	1182
1036	1183
1036	1210
1036	1215
1036	1294
1036	1298
1036	1299
1036	1326
1036	1332
1036	1375
1036	1389
1036	1394
1036	1409
1036	1416
1036	1417
1036	1422
1036	1446
1036	1447
1036	1528
1036	1556
1036	1565
1036	1568
1036	1571
1036	1606
1036	1612
1036	1613
1036	1614
1036	1622
1037	1039
1037	1043
1037	1045
1037	1046
1037	1069
1037	1070
1037	1086
1037	1088
1037	1178
1037	1191
1037	1198
1037	1211
1037	1239
1037	1286
1037	1289
1037	1290
1037	1291
1037	1295
1037	1310
1037	1314
1037	1327
1037	1348
1037	1349
1037	1350
1037	1351
1037	1352
1037	1376
1037	1385
1037	1407
1037	1408
1037	1410
1037	1411
1037	1416
1037	1417
1037	1433
1037	1434
1037	1435
1037	1444
1037	1446
1037	1447
1037	1464
1037	1532
1037	1557
1037	1561
1037	1572
1037	1588
1037	1589
1037	1612
1037	1613
1037	1614
1037	1623
1037	1624
1038	1052
1038	1053
1038	1089
1038	1090
1038	1108
1038	1109
1038	1110
1038	1173
1038	1187
1038	1221
1038	1248
1038	1296
1038	1297
1038	1328
1038	1331
1038	1356
1038	1357
1038	1358
1038	1378
1038	1395
1038	1396
1038	1418
1038	1423
1038	1424
1038	1448
1038	1457
1038	1558
1038	1559
1038	1575
1038	1590
1038	1591
1038	1592
1038	1610
1038	1627
1038	1628
1038	1631
1038	1632
1039	1040
1039	1053
1039	1059
1039	1060
1039	1061
1039	1090
1039	1091
1039	1092
1039	1168
1039	1176
1039	1179
1039	1191
1039	1192
1039	1198
1039	1206
1039	1234
1039	1237
1039	1254
1039	1268
1039	1297
1039	1302
1039	1303
1039	1304
1039	1306
1039	1309
1039	1367
1039	1368
1039	1369
1039	1381
1039	1390
1039	1418
1039	1425
1039	1426
1039	1427
1039	1430
1039	1474
1039	1475
1039	1532
1039	1534
1039	1557
1039	1560
1039	1561
1039	1569
1039	1579
1039	1593
1039	1594
1039	1595
1039	1596
1039	1633
1039	1634
1040	1053
1040	1059
1040	1060
1040	1061
1040	1087
1040	1091
1040	1092
1040	1168
1040	1179
1040	1191
1040	1297
1040	1305
1040	1309
1040	1370
1040	1371
1040	1382
1040	1418
1040	1430
1040	1561
1040	1593
1040	1594
1040	1595
1040	1596
1040	1616
1040	1635
1041	1042
1041	1056
1041	1069
1041	1093
1041	1094
1041	1095
1041	1096
1041	1114
1041	1115
1041	1116
1041	1180
1041	1212
1041	1303
1041	1308
1041	1309
1041	1337
1041	1368
1041	1372
1041	1374
1041	1375
1041	1376
1041	1377
1041	1383
1041	1384
1041	1398
1041	1419
1041	1425
1041	1426
1041	1427
1041	1430
1041	1449
1041	1460
1041	1520
1041	1562
1041	1580
1041	1581
1041	1582
1041	1597
1041	1598
1041	1599
1041	1637
1041	1638
1041	1642
1041	1643
1041	1644
1042	1043
1042	1044
1042	1054
1042	1055
1042	1059
1042	1064
1042	1067
1042	1073
1042	1076
1042	1077
1042	1078
1042	1093
1042	1094
1042	1095
1042	1099
1042	1107
1042	1241
1042	1312
1042	1313
1042	1314
1042	1315
1042	1318
1042	1319
1042	1347
1042	1350
1042	1373
1042	1380
1042	1381
1042	1382
1042	1387
1042	1400
1042	1410
1042	1411
1042	1419
1042	1433
1042	1434
1042	1435
1042	1438
1042	1441
1042	1449
1042	1485
1042	1486
1042	1563
1042	1567
1042	1600
1042	1601
1042	1602
1042	1604
1042	1609
1042	1640
1042	1641
1042	1642
1042	1643
1042	1644
1043	1044
1043	1056
1043	1065
1043	1094
1043	1096
1043	1097
1043	1195
1043	1213
1043	1238
1043	1269
1043	1282
1043	1310
1043	1311
1043	1314
1043	1321
1043	1322
1043	1323
1043	1376
1043	1379
1043	1385
1043	1386
1043	1387
1043	1388
1043	1402
1043	1405
1043	1420
1043	1421
1043	1431
1043	1432
1043	1440
1043	1441
1043	1450
1043	1451
1043	1482
1043	1543
1043	1600
1043	1603
1043	1604
1043	1605
1043	1606
1043	1639
1043	1645
1043	1646
1044	1056
1044	1065
1044	1095
1044	1096
1044	1097
1044	1195
1044	1213
1044	1282
1044	1286
1044	1310
1044	1324
1044	1325
1044	1377
1044	1385
1044	1389
1044	1390
1044	1404
1044	1405
1044	1420
1044	1421
1044	1432
1044	1442
1044	1443
1044	1444
1044	1450
1044	1451
1044	1556
1044	1565
1044	1603
1044	1604
1044	1605
1044	1606
1044	1647
1045	1046
1045	1049
1045	1057
1045	1088
1045	1177
1045	1182
1045	1189
1045	1210
1045	1211
1045	1215
1045	1218
1045	1250
1045	1268
1045	1294
1045	1326
1045	1327
1045	1332
1045	1333
1045	1334
1045	1335
1045	1352
1045	1386
1045	1389
1045	1392
1045	1397
1045	1398
1045	1399
1045	1400
1045	1403
1045	1416
1045	1417
1045	1445
1045	1446
1045	1447
1045	1452
1045	1453
1045	1454
1045	1532
1045	1545
1045	1564
1045	1566
1045	1568
1045	1580
1045	1607
1045	1612
1045	1613
1045	1614
1045	1648
1045	1649
1045	1650
1046	1049
1046	1057
1046	1069
1046	1088
1046	1098
1046	1177
1046	1182
1046	1210
1046	1215
1046	1261
1046	1294
1046	1326
1046	1332
1046	1336
1046	1380
1046	1389
1046	1401
1046	1402
1046	1415
1046	1416
1046	1417
1046	1446
1046	1447
1046	1455
1046	1456
1046	1457
1046	1568
1046	1612
1046	1613
1046	1614
1047	1048
1047	1050
1047	1054
1047	1079
1047	1080
1047	1081
1047	1086
1047	1101
1047	1102
1047	1103
1047	1185
1047	1204
1047	1208
1047	1217
1047	1244
1047	1282
1047	1283
1047	1292
1047	1321
1047	1324
1047	1333
1047	1341
1047	1342
1047	1392
1047	1399
1047	1404
1047	1405
1047	1412
1047	1413
1047	1442
1047	1443
1047	1444
1047	1452
1047	1453
1047	1569
1047	1572
1047	1576
1047	1585
1047	1617
1047	1618
1047	1619
1047	1648
1048	1051
1048	1055
1048	1079
1048	1080
1048	1081
1048	1087
1048	1101
1048	1102
1048	1103
1048	1171
1048	1174
1048	1176
1048	1185
1048	1191
1048	1192
1048	1208
1048	1217
1048	1234
1048	1254
1048	1284
1048	1285
1048	1286
1048	1289
1048	1292
1048	1293
1048	1324
1048	1333
1048	1343
1048	1344
1048	1345
1048	1352
1048	1355
1048	1373
1048	1392
1048	1400
1048	1406
1048	1407
1048	1408
1048	1412
1048	1413
1048	1414
1048	1442
1048	1443
1048	1452
1048	1453
1048	1534
1048	1554
1048	1561
1048	1569
1048	1573
1048	1577
1048	1586
1048	1587
1048	1617
1048	1618
1048	1619
1048	1625
1048	1648
1049	1052
1049	1056
1049	1071
1049	1078
1049	1089
1049	1098
1049	1099
1049	1100
1049	1101
1049	1104
1049	1105
1049	1116
1049	1137
1049	1155
1049	1162
1049	1193
1049	1194
1049	1214
1049	1218
1049	1263
1049	1269
1049	1274
1049	1287
1049	1288
1049	1299
1049	1328
1049	1329
1049	1331
1049	1334
1049	1346
1049	1347
1049	1356
1049	1363
1049	1374
1049	1386
1049	1393
1049	1394
1049	1399
1049	1401
1049	1422
1049	1431
1049	1448
1049	1454
1049	1483
1049	1498
1049	1499
1049	1513
1049	1517
1049	1519
1049	1535
1049	1555
1049	1566
1049	1570
1049	1571
1049	1578
1049	1607
1049	1608
1049	1620
1049	1621
1049	1622
1049	1639
1050	1051
1050	1053
1050	1072
1050	1073
1050	1090
1050	1096
1050	1106
1050	1107
1050	1110
1050	1174
1050	1186
1050	1204
1050	1205
1050	1206
1050	1208
1050	1270
1050	1298
1050	1301
1050	1316
1050	1320
1050	1336
1050	1359
1050	1360
1050	1409
1050	1419
1050	1420
1050	1421
1050	1423
1050	1439
1050	1455
1050	1456
1050	1541
1050	1560
1050	1576
1050	1626
1050	1627
1050	1628
1050	1629
1050	1630
1051	1053
1051	1072
1051	1073
1051	1106
1051	1107
1051	1174
1051	1186
1051	1204
1051	1299
1051	1301
1051	1320
1051	1336
1051	1359
1051	1360
1051	1361
1051	1362
1051	1379
1051	1409
1051	1422
1051	1423
1051	1439
1051	1455
1051	1456
1051	1569
1051	1577
1051	1622
1051	1626
1051	1627
1051	1628
1051	1629
1051	1630
1052	1053
1052	1057
1052	1089
1052	1090
1052	1098
1052	1106
1052	1108
1052	1109
1052	1110
1052	1113
1052	1187
1052	1214
1052	1220
1052	1221
1052	1248
1052	1296
1052	1300
1052	1328
1052	1331
1052	1361
1052	1363
1052	1364
1052	1395
1052	1396
1052	1403
1052	1424
1052	1448
1052	1455
1052	1457
1052	1507
1052	1508
1052	1558
1052	1559
1052	1570
1052	1578
1052	1590
1052	1591
1052	1592
1052	1610
1052	1631
1052	1632
1053	1058
1053	1103
1053	1108
1053	1109
1053	1110
1053	1188
1053	1191
1053	1196
1053	1204
1053	1302
1053	1303
1053	1304
1053	1308
1053	1367
1053	1368
1053	1369
1053	1381
1053	1424
1053	1425
1053	1426
1053	1427
1053	1430
1053	1439
1053	1457
1053	1561
1053	1572
1053	1579
1053	1590
1053	1591
1053	1592
1053	1594
1053	1595
1053	1633
1053	1634
1053	1635
1054	1055
1054	1056
1054	1074
1054	1075
1054	1094
1054	1098
1054	1108
1054	1111
1054	1112
1054	1113
1054	1116
1054	1189
1054	1200
1054	1207
1054	1222
1054	1242
1054	1272
1054	1289
1054	1302
1054	1310
1054	1311
1054	1321
1054	1322
1054	1324
1054	1378
1054	1379
1054	1399
1054	1410
1054	1425
1054	1426
1054	1431
1054	1432
1054	1440
1054	1441
1054	1458
1054	1459
1054	1545
1054	1600
1054	1636
1054	1637
1054	1638
1054	1639
1054	1640
1054	1641
1054	1645
1055	1056
1055	1074
1055	1075
1055	1095
1055	1111
1055	1112
1055	1113
1055	1189
1055	1207
1055	1222
1055	1289
1055	1292
1055	1302
1055	1312
1055	1313
1055	1314
1055	1315
1055	1321
1055	1380
1055	1381
1055	1382
1055	1392
1055	1400
1055	1410
1055	1411
1055	1425
1055	1426
1055	1433
1055	1434
1055	1435
1055	1440
1055	1458
1055	1459
1055	1545
1055	1546
1055	1563
1055	1601
1055	1602
1055	1636
1055	1637
1055	1638
1055	1639
1055	1640
1055	1641
1056	1062
1056	1063
1056	1064
1056	1113
1056	1114
1056	1115
1056	1116
1056	1193
1056	1214
1056	1304
1056	1310
1056	1312
1056	1321
1056	1322
1056	1323
1056	1385
1056	1386
1056	1387
1056	1388
1056	1402
1056	1404
1056	1427
1056	1431
1056	1432
1056	1440
1056	1441
1056	1460
1056	1547
1056	1597
1056	1598
1056	1599
1056	1605
1056	1645
1056	1646
1056	1647
1057	1082
1057	1085
1057	1086
1057	1087
1057	1117
1057	1210
1057	1212
1057	1216
1057	1326
1057	1328
1057	1333
1057	1334
1057	1335
1057	1389
1057	1395
1057	1397
1057	1398
1057	1399
1057	1400
1057	1403
1057	1415
1057	1445
1057	1446
1057	1447
1057	1452
1057	1453
1057	1454
1057	1521
1057	1568
1057	1581
1057	1612
1057	1613
1057	1649
1057	1650
1058	1059
1058	1066
1058	1072
1058	1073
1058	1076
1058	1077
1058	1078
1058	1089
1058	1107
1058	1116
1058	1208
1058	1209
1058	1223
1058	1253
1058	1265
1058	1266
1058	1288
1058	1374
1058	1375
1058	1404
1058	1419
1058	1478
1058	1479
1058	1510
1058	1511
1058	1535
1058	1536
1058	1537
1058	1538
1058	1544
1058	1568
1058	1579
1058	1600
1058	1601
1058	1602
1058	1604
1058	1621
1058	1633
1058	1634
1058	1635
1059	1060
1059	1061
1059	1069
1059	1070
1059	1071
1059	1109
1059	1176
1059	1179
1059	1224
1059	1234
1059	1235
1059	1254
1059	1291
1059	1309
1059	1339
1059	1340
1059	1344
1059	1345
1059	1376
1059	1377
1059	1381
1059	1382
1059	1406
1059	1411
1059	1413
1059	1422
1059	1430
1059	1464
1059	1473
1059	1474
1059	1475
1059	1485
1059	1486
1059	1487
1059	1488
1059	1532
1059	1547
1059	1548
1059	1561
1059	1585
1059	1588
1059	1589
1059	1593
1059	1594
1059	1595
1059	1596
1059	1605
1059	1609
1059	1610
1059	1611
1059	1624
1060	1061
1060	1069
1060	1070
1060	1088
1060	1091
1060	1092
1060	1110
1060	1176
1060	1224
1060	1234
1060	1235
1060	1237
1060	1254
1060	1268
1060	1292
1060	1293
1060	1339
1060	1340
1060	1344
1060	1345
1060	1352
1060	1355
1060	1376
1060	1377
1060	1381
1060	1382
1060	1392
1060	1407
1060	1414
1060	1430
1060	1474
1060	1475
1060	1489
1060	1490
1060	1491
1060	1532
1060	1549
1060	1550
1060	1551
1060	1552
1060	1561
1060	1586
1060	1588
1060	1589
1060	1594
1060	1595
1060	1596
1060	1606
1060	1612
1060	1613
1060	1614
1060	1625
1061	1069
1061	1070
1061	1087
1061	1088
1061	1091
1061	1092
1061	1176
1061	1224
1061	1234
1061	1235
1061	1254
1061	1339
1061	1340
1061	1344
1061	1345
1061	1376
1061	1377
1061	1381
1061	1382
1061	1408
1061	1429
1061	1430
1061	1474
1061	1475
1061	1492
1061	1532
1061	1553
1061	1561
1061	1587
1061	1588
1061	1589
1061	1594
1061	1595
1061	1596
1062	1063
1062	1064
1062	1066
1062	1068
1062	1069
1062	1074
1062	1075
1062	1079
1062	1080
1062	1081
1062	1093
1062	1100
1062	1112
1062	1119
1062	1214
1062	1215
1062	1255
1062	1256
1062	1272
1062	1273
1062	1341
1062	1366
1062	1378
1062	1402
1062	1404
1062	1431
1062	1437
1062	1495
1062	1496
1062	1497
1062	1517
1062	1518
1062	1547
1062	1548
1062	1555
1062	1556
1062	1557
1062	1578
1062	1579
1062	1590
1062	1607
1062	1617
1062	1618
1062	1619
1062	1645
1062	1646
1062	1647
1063	1064
1063	1065
1063	1067
1063	1068
1063	1094
1063	1095
1063	1098
1063	1099
1063	1100
1063	1113
1063	1214
1063	1215
1063	1255
1063	1256
1063	1272
1063	1273
1063	1341
1063	1366
1063	1378
1063	1402
1063	1404
1063	1422
1063	1431
1063	1438
1063	1498
1063	1499
1063	1500
1063	1517
1063	1518
1063	1547
1063	1548
1063	1558
1063	1559
1063	1560
1063	1578
1063	1579
1063	1591
1063	1593
1063	1608
1063	1620
1063	1621
1063	1622
1063	1645
1063	1646
1063	1647
1064	1066
1064	1067
1064	1068
1064	1094
1064	1095
1064	1099
1064	1100
1064	1214
1064	1215
1064	1228
1064	1255
1064	1256
1064	1272
1064	1273
1064	1341
1064	1343
1064	1366
1064	1378
1064	1380
1064	1402
1064	1404
1064	1411
1064	1431
1064	1517
1064	1518
1064	1547
1064	1548
1064	1561
1064	1578
1064	1579
1064	1592
1064	1593
1064	1623
1064	1624
1064	1625
1064	1645
1064	1646
1064	1647
1065	1070
1065	1078
1065	1089
1065	1090
1065	1097
1065	1116
1065	1181
1065	1182
1065	1183
1065	1225
1065	1226
1065	1238
1065	1242
1065	1243
1065	1244
1065	1245
1065	1257
1065	1269
1065	1342
1065	1379
1065	1385
1065	1405
1065	1409
1065	1422
1065	1424
1065	1432
1065	1448
1065	1482
1065	1507
1065	1508
1065	1509
1065	1527
1065	1528
1065	1543
1065	1544
1065	1565
1065	1566
1065	1567
1065	1596
1065	1605
1065	1606
1065	1610
1065	1631
1065	1632
1066	1067
1066	1068
1066	1069
1066	1074
1066	1075
1066	1079
1066	1080
1066	1091
1066	1092
1066	1095
1066	1098
1066	1113
1066	1118
1066	1157
1066	1196
1066	1197
1066	1198
1066	1199
1066	1227
1066	1228
1066	1258
1066	1259
1066	1300
1066	1343
1066	1358
1066	1380
1066	1404
1066	1406
1066	1410
1066	1411
1066	1426
1066	1433
1066	1434
1066	1435
1066	1484
1066	1513
1066	1514
1066	1537
1066	1538
1066	1561
1066	1570
1066	1571
1066	1572
1066	1573
1066	1590
1066	1593
1066	1613
1066	1623
1066	1624
1066	1625
1066	1631
1066	1639
1066	1640
1066	1641
1067	1068
1067	1070
1067	1081
1067	1091
1067	1092
1067	1093
1067	1094
1067	1095
1067	1099
1067	1100
1067	1119
1067	1196
1067	1197
1067	1198
1067	1199
1067	1227
1067	1228
1067	1258
1067	1259
1067	1301
1067	1343
1067	1358
1067	1359
1067	1365
1067	1380
1067	1405
1067	1406
1067	1410
1067	1411
1067	1419
1067	1427
1067	1433
1067	1434
1067	1435
1067	1441
1067	1449
1067	1515
1067	1516
1067	1537
1067	1538
1067	1561
1067	1572
1067	1573
1067	1574
1067	1575
1067	1576
1067	1577
1067	1591
1067	1593
1067	1614
1067	1623
1067	1624
1067	1625
1067	1632
1067	1642
1067	1643
1067	1644
1068	1081
1068	1091
1068	1092
1068	1094
1068	1095
1068	1099
1068	1100
1068	1196
1068	1197
1068	1198
1068	1199
1068	1227
1068	1228
1068	1256
1068	1258
1068	1259
1068	1343
1068	1358
1068	1380
1068	1406
1068	1410
1068	1411
1068	1433
1068	1434
1068	1435
1068	1517
1068	1518
1068	1537
1068	1538
1068	1561
1068	1572
1068	1573
1068	1578
1068	1579
1068	1592
1068	1593
1068	1623
1068	1624
1068	1625
1068	1645
1068	1646
1068	1647
1069	1070
1069	1081
1069	1082
1069	1083
1069	1087
1069	1093
1069	1103
1069	1145
1069	1171
1069	1176
1069	1178
1069	1198
1069	1211
1069	1227
1069	1228
1069	1234
1069	1254
1069	1258
1069	1259
1069	1286
1069	1292
1069	1293
1069	1295
1069	1303
1069	1304
1069	1314
1069	1327
1069	1339
1069	1340
1069	1344
1069	1345
1069	1352
1069	1376
1069	1377
1069	1381
1069	1382
1069	1406
1069	1407
1069	1408
1069	1412
1069	1413
1069	1414
1069	1427
1069	1434
1069	1435
1069	1443
1069	1464
1069	1474
1069	1475
1069	1477
1069	1490
1069	1491
1069	1520
1069	1523
1069	1532
1069	1557
1069	1561
1069	1581
1069	1582
1069	1588
1069	1589
1069	1594
1069	1595
1069	1596
1069	1614
1069	1625
1069	1634
1070	1084
1070	1085
1070	1086
1070	1087
1070	1171
1070	1227
1070	1228
1070	1236
1070	1258
1070	1259
1070	1267
1070	1305
1070	1339
1070	1340
1070	1344
1070	1345
1070	1354
1070	1370
1070	1376
1070	1377
1070	1381
1070	1382
1070	1391
1070	1406
1070	1407
1070	1408
1070	1412
1070	1413
1070	1414
1070	1415
1070	1434
1070	1435
1070	1444
1070	1445
1070	1464
1070	1492
1070	1521
1070	1523
1070	1553
1070	1557
1070	1583
1070	1584
1070	1588
1070	1589
1070	1594
1070	1595
1070	1596
1070	1635
1070	1649
1070	1650
1071	1076
1071	1077
1071	1078
1071	1104
1071	1105
1071	1108
1071	1109
1071	1110
1071	1186
1071	1187
1071	1188
1071	1229
1071	1230
1071	1248
1071	1249
1071	1346
1071	1347
1071	1350
1071	1351
1071	1387
1071	1388
1071	1418
1071	1423
1071	1424
1071	1438
1071	1465
1071	1466
1071	1485
1071	1486
1071	1487
1071	1488
1071	1524
1071	1525
1071	1530
1071	1531
1071	1547
1071	1548
1071	1567
1071	1590
1071	1591
1071	1592
1071	1600
1071	1601
1071	1602
1071	1609
1071	1610
1071	1611
1072	1073
1072	1076
1072	1077
1072	1079
1072	1096
1072	1106
1072	1107
1072	1114
1072	1115
1072	1116
1072	1204
1072	1205
1072	1206
1072	1231
1072	1232
1072	1262
1072	1360
1072	1368
1072	1409
1072	1419
1072	1420
1072	1421
1072	1425
1072	1439
1072	1476
1072	1477
1072	1503
1072	1504
1072	1505
1072	1506
1072	1533
1072	1534
1072	1541
1072	1542
1072	1564
1072	1565
1072	1576
1072	1577
1072	1597
1072	1598
1072	1599
1072	1603
1072	1629
1072	1630
1073	1076
1073	1077
1073	1078
1073	1080
1073	1089
1073	1096
1073	1106
1073	1107
1073	1114
1073	1115
1073	1204
1073	1205
1073	1206
1073	1231
1073	1232
1073	1233
1073	1262
1073	1264
1073	1360
1073	1404
1073	1409
1073	1411
1073	1419
1073	1420
1073	1421
1073	1426
1073	1439
1073	1441
1073	1449
1073	1478
1073	1479
1073	1501
1073	1502
1073	1503
1073	1504
1073	1505
1073	1506
1073	1535
1073	1536
1073	1537
1073	1538
1073	1541
1073	1542
1073	1563
1073	1564
1073	1565
1073	1576
1073	1577
1073	1597
1073	1600
1073	1601
1073	1602
1073	1604
1073	1629
1073	1630
1074	1075
1074	1076
1074	1079
1074	1080
1074	1082
1074	1098
1074	1104
1074	1105
1074	1111
1074	1112
1074	1117
1074	1118
1074	1119
1074	1263
1074	1269
1074	1348
1074	1349
1074	1363
1074	1364
1074	1386
1074	1399
1074	1400
1074	1410
1074	1440
1074	1493
1074	1494
1074	1513
1074	1514
1074	1546
1074	1554
1074	1570
1074	1571
1074	1572
1074	1573
1074	1607
1074	1608
1074	1612
1074	1615
1074	1616
1074	1639
1074	1640
1074	1641
1075	1077
1075	1079
1075	1080
1075	1081
1075	1093
1075	1098
1075	1104
1075	1105
1075	1111
1075	1112
1075	1117
1075	1118
1075	1234
1075	1263
1075	1265
1075	1269
1075	1326
1075	1327
1075	1348
1075	1349
1075	1352
1075	1363
1075	1364
1075	1386
1075	1389
1075	1392
1075	1399
1075	1400
1075	1410
1075	1415
1075	1440
1075	1495
1075	1496
1075	1497
1075	1512
1075	1513
1075	1514
1075	1546
1075	1555
1075	1556
1075	1557
1075	1569
1075	1570
1075	1571
1075	1572
1075	1573
1075	1590
1075	1607
1075	1608
1075	1613
1075	1617
1075	1618
1075	1619
1075	1639
1075	1640
1075	1641
1075	1648
1076	1077
1076	1078
1076	1082
1076	1089
1076	1106
1076	1107
1076	1114
1076	1115
1076	1179
1076	1233
1076	1238
1076	1239
1076	1264
1076	1276
1076	1346
1076	1347
1076	1350
1076	1351
1076	1387
1076	1388
1076	1409
1076	1411
1076	1441
1076	1449
1076	1455
1076	1478
1076	1479
1076	1501
1076	1502
1076	1525
1076	1535
1076	1536
1076	1537
1076	1538
1076	1562
1076	1563
1076	1600
1076	1601
1076	1602
1076	1609
1076	1610
1076	1611
1076	1626
1076	1627
1076	1628
1077	1078
1077	1083
1077	1089
1077	1096
1077	1106
1077	1107
1077	1114
1077	1115
1077	1179
1077	1233
1077	1238
1077	1239
1077	1264
1077	1330
1077	1346
1077	1347
1077	1350
1077	1351
1077	1387
1077	1388
1077	1411
1077	1423
1077	1441
1077	1478
1077	1479
1077	1503
1077	1504
1077	1505
1077	1506
1077	1525
1077	1535
1077	1536
1077	1537
1077	1538
1077	1563
1077	1564
1077	1565
1077	1600
1077	1601
1077	1602
1077	1609
1077	1610
1077	1611
1077	1629
1077	1630
1078	1084
1078	1089
1078	1090
1078	1097
1078	1107
1078	1116
1078	1179
1078	1233
1078	1238
1078	1239
1078	1264
1078	1288
1078	1331
1078	1346
1078	1347
1078	1350
1078	1351
1078	1387
1078	1388
1078	1411
1078	1424
1078	1441
1078	1478
1078	1479
1078	1507
1078	1508
1078	1509
1078	1525
1078	1535
1078	1536
1078	1537
1078	1538
1078	1563
1078	1566
1078	1567
1078	1600
1078	1601
1078	1602
1078	1609
1078	1610
1078	1611
1078	1621
1078	1631
1078	1632
1079	1080
1079	1081
1079	1082
1079	1093
1079	1111
1079	1112
1079	1113
1079	1117
1079	1118
1079	1191
1079	1192
1079	1234
1079	1253
1079	1254
1079	1265
1079	1352
1079	1355
1079	1367
1079	1389
1079	1392
1079	1410
1079	1412
1079	1413
1079	1425
1079	1442
1079	1443
1079	1458
1079	1495
1079	1496
1079	1497
1079	1512
1079	1534
1079	1555
1079	1556
1079	1557
1079	1569
1079	1612
1079	1617
1079	1618
1079	1619
1079	1636
1079	1637
1079	1638
1079	1648
1080	1081
1080	1083
1080	1093
1080	1098
1080	1111
1080	1112
1080	1117
1080	1118
1080	1191
1080	1192
1080	1234
1080	1253
1080	1254
1080	1263
1080	1265
1080	1352
1080	1355
1080	1389
1080	1392
1080	1412
1080	1413
1080	1419
1080	1426
1080	1442
1080	1443
1080	1495
1080	1496
1080	1497
1080	1513
1080	1514
1080	1519
1080	1534
1080	1555
1080	1556
1080	1557
1080	1569
1080	1570
1080	1571
1080	1572
1080	1573
1080	1607
1080	1613
1080	1617
1080	1618
1080	1619
1080	1639
1080	1640
1080	1641
1081	1084
1081	1093
1081	1094
1081	1095
1081	1099
1081	1112
1081	1119
1081	1191
1081	1192
1081	1234
1081	1253
1081	1254
1081	1265
1081	1352
1081	1355
1081	1389
1081	1392
1081	1411
1081	1412
1081	1413
1081	1420
1081	1427
1081	1437
1081	1442
1081	1443
1081	1495
1081	1496
1081	1497
1081	1515
1081	1516
1081	1520
1081	1534
1081	1555
1081	1556
1081	1557
1081	1569
1081	1574
1081	1575
1081	1576
1081	1577
1081	1593
1081	1608
1081	1614
1081	1617
1081	1618
1081	1619
1081	1642
1081	1643
1081	1644
1082	1083
1082	1084
1082	1085
1082	1101
1082	1102
1082	1103
1082	1111
1082	1168
1082	1169
1082	1223
1082	1224
1082	1235
1082	1246
1082	1266
1082	1338
1082	1353
1082	1373
1082	1390
1082	1397
1082	1412
1082	1414
1082	1444
1082	1445
1082	1452
1082	1462
1082	1519
1082	1522
1082	1523
1082	1554
1082	1580
1082	1585
1082	1586
1082	1587
1082	1594
1082	1636
1082	1648
1083	1084
1083	1085
1083	1101
1083	1102
1083	1168
1083	1169
1083	1223
1083	1224
1083	1235
1083	1266
1083	1338
1083	1353
1083	1373
1083	1390
1083	1413
1083	1414
1083	1422
1083	1444
1083	1462
1083	1520
1083	1522
1083	1523
1083	1554
1083	1581
1083	1582
1083	1585
1083	1586
1083	1587
1083	1595
1083	1609
1084	1085
1084	1086
1084	1087
1084	1102
1084	1168
1084	1169
1084	1223
1084	1224
1084	1235
1084	1266
1084	1338
1084	1353
1084	1373
1084	1390
1084	1414
1084	1444
1084	1462
1084	1521
1084	1522
1084	1523
1084	1554
1084	1583
1084	1584
1084	1585
1084	1586
1084	1587
1084	1596
1084	1610
1084	1649
1084	1650
1085	1086
1085	1087
1085	1089
1085	1093
1085	1101
1085	1102
1085	1222
1085	1236
1085	1267
1085	1278
1085	1279
1085	1354
1085	1370
1085	1391
1085	1403
1085	1415
1085	1428
1085	1437
1085	1445
1085	1462
1085	1521
1085	1523
1085	1553
1085	1583
1085	1584
1085	1585
1085	1586
1085	1587
1085	1615
1085	1621
1085	1636
1085	1649
1085	1650
1086	1087
1086	1088
1086	1090
1086	1094
1086	1103
1086	1222
1086	1236
1086	1267
1086	1278
1086	1279
1086	1354
1086	1370
1086	1391
1086	1403
1086	1415
1086	1438
1086	1445
1086	1446
1086	1463
1086	1521
1086	1553
1086	1583
1086	1584
1086	1622
1086	1637
1086	1649
1086	1650
1087	1092
1087	1095
1087	1103
1087	1222
1087	1236
1087	1259
1087	1267
1087	1278
1087	1279
1087	1345
1087	1354
1087	1370
1087	1382
1087	1391
1087	1403
1087	1408
1087	1414
1087	1415
1087	1429
1087	1435
1087	1445
1087	1447
1087	1464
1087	1521
1087	1553
1087	1583
1087	1584
1087	1588
1087	1589
1087	1596
1087	1616
1087	1638
1087	1649
1087	1650
1088	1091
1088	1092
1088	1097
1088	1110
1088	1189
1088	1237
1088	1239
1088	1250
1088	1251
1088	1268
1088	1352
1088	1355
1088	1389
1088	1392
1088	1416
1088	1417
1088	1430
1088	1446
1088	1447
1088	1464
1088	1471
1088	1472
1088	1473
1088	1489
1088	1490
1088	1491
1088	1529
1088	1530
1088	1531
1088	1532
1088	1549
1088	1550
1088	1551
1088	1552
1088	1568
1088	1593
1088	1612
1088	1613
1088	1614
1088	1618
1088	1625
1088	1640
1089	1090
1089	1097
1089	1098
1089	1099
1089	1100
1089	1106
1089	1107
1089	1116
1089	1207
1089	1238
1089	1263
1089	1264
1089	1269
1089	1288
1089	1331
1089	1356
1089	1357
1089	1361
1089	1362
1089	1393
1089	1394
1089	1395
1089	1396
1089	1431
1089	1448
1089	1449
1089	1478
1089	1479
1089	1507
1089	1508
1089	1509
1089	1535
1089	1536
1089	1537
1089	1538
1089	1543
1089	1566
1089	1567
1089	1578
1089	1600
1089	1601
1089	1602
1089	1610
1089	1615
1089	1620
1089	1621
1089	1622
1089	1631
1089	1632
1089	1643
1090	1091
1090	1096
1090	1097
1090	1098
1090	1099
1090	1100
1090	1116
1090	1207
1090	1238
1090	1263
1090	1264
1090	1269
1090	1356
1090	1357
1090	1360
1090	1361
1090	1362
1090	1393
1090	1394
1090	1395
1090	1396
1090	1432
1090	1441
1090	1448
1090	1450
1090	1480
1090	1481
1090	1507
1090	1508
1090	1509
1090	1539
1090	1540
1090	1541
1090	1542
1090	1543
1090	1566
1090	1567
1090	1578
1090	1603
1090	1604
1090	1620
1090	1621
1090	1622
1090	1631
1090	1632
1090	1644
1091	1092
1091	1110
1091	1233
1091	1237
1091	1239
1091	1268
1091	1292
1091	1293
1091	1343
1091	1352
1091	1355
1091	1358
1091	1380
1091	1392
1091	1418
1091	1434
1091	1444
1091	1471
1091	1472
1091	1473
1091	1474
1091	1475
1091	1489
1091	1490
1091	1491
1091	1529
1091	1530
1091	1531
1091	1532
1091	1549
1091	1550
1091	1551
1091	1552
1091	1593
1091	1612
1091	1613
1091	1614
1091	1618
1091	1623
1091	1624
1091	1625
1091	1647
1092	1110
1092	1233
1092	1239
1092	1343
1092	1358
1092	1380
1092	1418
1092	1429
1092	1435
1092	1471
1092	1472
1092	1473
1092	1492
1092	1529
1092	1530
1092	1531
1092	1553
1092	1593
1092	1619
1092	1623
1092	1624
1092	1625
1093	1094
1093	1095
1093	1096
1093	1098
1093	1099
1093	1111
1093	1112
1093	1119
1093	1212
1093	1213
1093	1240
1093	1241
1093	1270
1093	1271
1093	1359
1093	1365
1093	1401
1093	1419
1093	1428
1093	1436
1093	1437
1093	1438
1093	1449
1093	1450
1093	1451
1093	1453
1093	1495
1093	1496
1093	1497
1093	1515
1093	1516
1093	1520
1093	1555
1093	1556
1093	1557
1093	1574
1093	1575
1093	1576
1093	1577
1093	1581
1093	1582
1093	1617
1093	1618
1093	1619
1093	1626
1093	1631
1093	1642
1093	1643
1093	1644
1093	1648
1094	1095
1094	1097
1094	1098
1094	1099
1094	1100
1094	1113
1094	1119
1094	1212
1094	1213
1094	1240
1094	1241
1094	1270
1094	1271
1094	1359
1094	1365
1094	1401
1094	1419
1094	1422
1094	1436
1094	1437
1094	1438
1094	1449
1094	1450
1094	1451
1094	1454
1094	1498
1094	1499
1094	1500
1094	1515
1094	1516
1094	1558
1094	1559
1094	1560
1094	1574
1094	1575
1094	1576
1094	1577
1094	1581
1094	1582
1094	1620
1094	1621
1094	1622
1094	1627
1094	1632
1094	1642
1094	1643
1094	1644
1095	1099
1095	1100
1095	1113
1095	1119
1095	1212
1095	1213
1095	1228
1095	1240
1095	1241
1095	1270
1095	1271
1095	1343
1095	1359
1095	1365
1095	1380
1095	1401
1095	1411
1095	1419
1095	1429
1095	1436
1095	1437
1095	1438
1095	1449
1095	1450
1095	1451
1095	1515
1095	1516
1095	1561
1095	1574
1095	1575
1095	1576
1095	1577
1095	1581
1095	1582
1095	1593
1095	1623
1095	1624
1095	1625
1095	1628
1095	1642
1095	1643
1095	1644
1096	1097
1096	1114
1096	1115
1096	1180
1096	1240
1096	1241
1096	1270
1096	1271
1096	1298
1096	1320
1096	1330
1096	1360
1096	1419
1096	1420
1096	1421
1096	1439
1096	1450
1096	1451
1096	1456
1096	1480
1096	1481
1096	1503
1096	1504
1096	1505
1096	1506
1096	1526
1096	1539
1096	1540
1096	1541
1096	1542
1096	1564
1096	1565
1096	1603
1096	1604
1096	1629
1096	1630
1096	1634
1096	1644
1097	1116
1097	1180
1097	1238
1097	1240
1097	1241
1097	1269
1097	1270
1097	1271
1097	1360
1097	1419
1097	1420
1097	1421
1097	1430
1097	1439
1097	1448
1097	1450
1097	1451
1097	1457
1097	1480
1097	1481
1097	1482
1097	1507
1097	1508
1097	1509
1097	1526
1097	1539
1097	1540
1097	1541
1097	1542
1097	1543
1097	1564
1097	1566
1097	1567
1097	1603
1097	1604
1097	1630
1097	1631
1097	1632
1097	1635
1098	1099
1098	1100
1098	1113
1098	1117
1098	1118
1098	1193
1098	1194
1098	1195
1098	1207
1098	1242
1098	1243
1098	1255
1098	1256
1098	1257
1098	1263
1098	1269
1098	1272
1098	1273
1098	1300
1098	1328
1098	1329
1098	1356
1098	1357
1098	1361
1098	1362
1098	1393
1098	1394
1098	1395
1098	1396
1098	1422
1098	1431
1098	1432
1098	1440
1098	1441
1098	1448
1098	1459
1098	1483
1098	1498
1098	1499
1098	1500
1098	1513
1098	1514
1098	1519
1098	1535
1098	1536
1098	1543
1098	1558
1098	1559
1098	1560
1098	1570
1098	1571
1098	1572
1098	1573
1098	1578
1098	1608
1098	1620
1098	1621
1098	1622
1098	1626
1098	1631
1098	1632
1098	1639
1098	1640
1098	1641
1098	1650
1099	1100
1099	1113
1099	1119
1099	1193
1099	1194
1099	1195
1099	1242
1099	1243
1099	1255
1099	1256
1099	1257
1099	1272
1099	1273
1099	1301
1099	1356
1099	1357
1099	1359
1099	1361
1099	1362
1099	1365
1099	1393
1099	1394
1099	1395
1099	1396
1099	1411
1099	1419
1099	1422
1099	1431
1099	1432
1099	1440
1099	1441
1099	1449
1099	1460
1099	1498
1099	1499
1099	1500
1099	1515
1099	1516
1099	1535
1099	1536
1099	1558
1099	1559
1099	1560
1099	1570
1099	1571
1099	1574
1099	1575
1099	1576
1099	1577
1099	1593
1099	1620
1099	1621
1099	1622
1099	1627
1099	1631
1099	1632
1099	1642
1099	1643
1099	1644
1100	1113
1100	1119
1100	1193
1100	1194
1100	1195
1100	1242
1100	1243
1100	1255
1100	1256
1100	1257
1100	1272
1100	1273
1100	1356
1100	1357
1100	1361
1100	1362
1100	1393
1100	1394
1100	1395
1100	1396
1100	1422
1100	1431
1100	1432
1100	1440
1100	1441
1100	1498
1100	1499
1100	1500
1100	1517
1100	1518
1100	1535
1100	1536
1100	1558
1100	1559
1100	1560
1100	1570
1100	1571
1100	1578
1100	1579
1100	1620
1100	1621
1100	1622
1100	1628
1100	1631
1100	1632
1100	1645
1100	1646
1100	1647
1101	1102
1101	1103
1101	1104
1101	1106
1101	1111
1101	1112
1101	1113
1101	1216
1101	1217
1101	1218
1101	1219
1101	1246
1101	1247
1101	1274
1101	1275
1101	1367
1101	1397
1101	1398
1101	1445
1101	1446
1101	1447
1101	1452
1101	1453
1101	1454
1101	1461
1101	1519
1101	1522
1101	1549
1101	1550
1101	1580
1101	1583
1101	1584
1101	1636
1101	1637
1101	1638
1101	1642
1101	1648
1102	1103
1102	1105
1102	1107
1102	1111
1102	1112
1102	1113
1102	1216
1102	1217
1102	1218
1102	1219
1102	1235
1102	1246
1102	1247
1102	1266
1102	1274
1102	1275
1102	1306
1102	1307
1102	1353
1102	1367
1102	1373
1102	1390
1102	1397
1102	1398
1102	1414
1102	1415
1102	1428
1102	1444
1102	1445
1102	1446
1102	1447
1102	1452
1102	1453
1102	1454
1102	1462
1102	1493
1102	1494
1102	1519
1102	1523
1102	1549
1102	1550
1102	1554
1102	1580
1102	1583
1102	1584
1102	1585
1102	1586
1102	1587
1102	1597
1102	1615
1102	1636
1102	1637
1102	1638
1102	1643
1102	1648
1103	1110
1103	1111
1103	1112
1103	1113
1103	1185
1103	1208
1103	1210
1103	1211
1103	1216
1103	1217
1103	1218
1103	1219
1103	1246
1103	1247
1103	1250
1103	1268
1103	1274
1103	1275
1103	1292
1103	1308
1103	1324
1103	1326
1103	1327
1103	1333
1103	1367
1103	1392
1103	1397
1103	1398
1103	1416
1103	1445
1103	1446
1103	1447
1103	1452
1103	1453
1103	1454
1103	1463
1103	1474
1103	1495
1103	1496
1103	1510
1103	1512
1103	1519
1103	1545
1103	1549
1103	1550
1103	1569
1103	1580
1103	1583
1103	1584
1103	1598
1103	1607
1103	1617
1103	1636
1103	1637
1103	1638
1103	1644
1103	1648
1104	1105
1104	1108
1104	1109
1104	1110
1104	1114
1104	1184
1104	1185
1104	1246
1104	1247
1104	1248
1104	1274
1104	1275
1104	1348
1104	1349
1104	1363
1104	1364
1104	1386
1104	1399
1104	1400
1104	1448
1104	1454
1104	1455
1104	1465
1104	1466
1104	1483
1104	1484
1104	1524
1104	1525
1104	1529
1104	1545
1104	1546
1104	1566
1104	1590
1104	1591
1104	1592
1104	1607
1104	1608
1104	1639
1104	1640
1104	1641
1104	1645
1105	1108
1105	1109
1105	1115
1105	1184
1105	1185
1105	1246
1105	1247
1105	1274
1105	1275
1105	1310
1105	1311
1105	1348
1105	1349
1105	1363
1105	1364
1105	1379
1105	1385
1105	1386
1105	1399
1105	1400
1105	1448
1105	1454
1105	1456
1105	1467
1105	1468
1105	1469
1105	1470
1105	1483
1105	1484
1105	1526
1105	1527
1105	1528
1105	1529
1105	1545
1105	1546
1105	1566
1105	1600
1105	1607
1105	1608
1105	1617
1105	1639
1105	1640
1105	1641
1105	1646
1106	1107
1106	1108
1106	1114
1106	1115
1106	1116
1106	1117
1106	1200
1106	1201
1106	1202
1106	1203
1106	1260
1106	1261
1106	1276
1106	1277
1106	1359
1106	1365
1106	1368
1106	1401
1106	1423
1106	1436
1106	1437
1106	1438
1106	1449
1106	1450
1106	1451
1106	1455
1106	1456
1106	1458
1106	1476
1106	1477
1106	1501
1106	1502
1106	1533
1106	1534
1106	1539
1106	1540
1106	1562
1106	1563
1106	1574
1106	1575
1106	1597
1106	1598
1106	1599
1106	1620
1106	1626
1106	1627
1106	1628
1106	1642
1107	1109
1107	1114
1107	1115
1107	1118
1107	1200
1107	1201
1107	1202
1107	1203
1107	1233
1107	1260
1107	1261
1107	1264
1107	1276
1107	1277
1107	1359
1107	1365
1107	1401
1107	1411
1107	1419
1107	1423
1107	1431
1107	1436
1107	1437
1107	1438
1107	1441
1107	1449
1107	1450
1107	1451
1107	1455
1107	1456
1107	1459
1107	1478
1107	1479
1107	1501
1107	1502
1107	1535
1107	1536
1107	1537
1107	1538
1107	1539
1107	1540
1107	1562
1107	1563
1107	1574
1107	1575
1107	1600
1107	1601
1107	1602
1107	1621
1107	1626
1107	1627
1107	1628
1107	1636
1107	1643
1108	1109
1108	1110
1108	1172
1108	1173
1108	1229
1108	1230
1108	1248
1108	1249
1108	1274
1108	1341
1108	1363
1108	1366
1108	1378
1108	1399
1108	1402
1108	1424
1108	1448
1108	1457
1108	1465
1108	1466
1108	1483
1108	1484
1108	1524
1108	1525
1108	1545
1108	1546
1108	1558
1108	1559
1108	1590
1108	1591
1108	1592
1108	1607
1108	1608
1108	1623
1108	1639
1108	1645
1109	1110
1109	1172
1109	1173
1109	1229
1109	1230
1109	1248
1109	1249
1109	1341
1109	1366
1109	1378
1109	1402
1109	1422
1109	1424
1109	1433
1109	1438
1109	1457
1109	1465
1109	1466
1109	1485
1109	1486
1109	1487
1109	1488
1109	1524
1109	1525
1109	1547
1109	1548
1109	1558
1109	1559
1109	1590
1109	1591
1109	1592
1109	1609
1109	1610
1109	1611
1109	1624
1109	1639
1109	1646
1110	1172
1110	1173
1110	1229
1110	1230
1110	1248
1110	1249
1110	1341
1110	1366
1110	1378
1110	1402
1110	1424
1110	1434
1110	1457
1110	1465
1110	1466
1110	1489
1110	1490
1110	1491
1110	1524
1110	1525
1110	1549
1110	1550
1110	1551
1110	1552
1110	1558
1110	1559
1110	1590
1110	1591
1110	1592
1110	1612
1110	1613
1110	1614
1110	1625
1110	1640
1110	1647
1111	1112
1111	1113
1111	1114
1111	1117
1111	1118
1111	1119
1111	1210
1111	1211
1111	1250
1111	1267
1111	1268
1111	1278
1111	1367
1111	1397
1111	1398
1111	1425
1111	1426
1111	1436
1111	1452
1111	1458
1111	1459
1111	1493
1111	1494
1111	1512
1111	1545
1111	1554
1111	1569
1111	1580
1111	1615
1111	1616
1111	1636
1111	1637
1111	1638
1111	1648
1111	1649
1112	1113
1112	1115
1112	1117
1112	1118
1112	1210
1112	1211
1112	1234
1112	1250
1112	1265
1112	1267
1112	1268
1112	1278
1112	1326
1112	1327
1112	1352
1112	1367
1112	1389
1112	1392
1112	1397
1112	1398
1112	1425
1112	1426
1112	1437
1112	1445
1112	1453
1112	1458
1112	1459
1112	1495
1112	1496
1112	1497
1112	1512
1112	1545
1112	1555
1112	1556
1112	1557
1112	1569
1112	1580
1112	1607
1112	1617
1112	1618
1112	1619
1112	1626
1112	1636
1112	1637
1112	1638
1112	1648
1112	1650
1113	1116
1113	1117
1113	1119
1113	1207
1113	1210
1113	1211
1113	1250
1113	1267
1113	1268
1113	1278
1113	1302
1113	1328
1113	1329
1113	1367
1113	1397
1113	1398
1113	1425
1113	1426
1113	1438
1113	1446
1113	1448
1113	1454
1113	1458
1113	1459
1113	1498
1113	1499
1113	1500
1113	1512
1113	1513
1113	1519
1113	1545
1113	1558
1113	1559
1113	1560
1113	1569
1113	1580
1113	1608
1113	1620
1113	1621
1113	1622
1113	1627
1113	1636
1113	1637
1113	1638
1113	1639
1113	1648
1114	1115
1114	1116
1114	1177
1114	1178
1114	1236
1114	1237
1114	1251
1114	1276
1114	1279
1114	1368
1114	1369
1114	1383
1114	1384
1114	1427
1114	1439
1114	1449
1114	1455
1114	1460
1114	1476
1114	1477
1114	1501
1114	1502
1114	1524
1114	1533
1114	1534
1114	1562
1114	1563
1114	1597
1114	1598
1114	1599
1114	1626
1114	1627
1114	1628
1115	1116
1115	1177
1115	1178
1115	1236
1115	1237
1115	1251
1115	1279
1115	1330
1115	1368
1115	1369
1115	1383
1115	1384
1115	1427
1115	1448
1115	1456
1115	1460
1115	1476
1115	1477
1115	1503
1115	1504
1115	1505
1115	1506
1115	1524
1115	1533
1115	1534
1115	1562
1115	1564
1115	1565
1115	1597
1115	1598
1115	1599
1115	1609
1115	1629
1115	1630
1116	1177
1116	1178
1116	1236
1116	1237
1116	1251
1116	1279
1116	1331
1116	1368
1116	1369
1116	1383
1116	1384
1116	1427
1116	1457
1116	1460
1116	1476
1116	1477
1116	1507
1116	1508
1116	1509
1116	1524
1116	1533
1116	1534
1116	1562
1116	1566
1116	1567
1116	1597
1116	1598
1116	1599
1116	1610
1116	1630
1116	1631
1116	1632
1117	1118
1117	1119
1117	1190
1117	1252
1117	1280
1117	1354
1117	1367
1117	1370
1117	1391
1117	1403
1117	1425
1117	1440
1117	1458
1117	1493
1117	1494
1117	1512
1117	1533
1117	1554
1117	1569
1117	1615
1117	1616
1117	1636
1117	1637
1117	1638
1117	1648
1117	1649
1118	1119
1118	1190
1118	1252
1118	1263
1118	1280
1118	1354
1118	1370
1118	1391
1118	1403
1118	1449
1118	1459
1118	1493
1118	1494
1118	1513
1118	1514
1118	1519
1118	1533
1118	1554
1118	1570
1118	1571
1118	1572
1118	1573
1118	1615
1118	1616
1118	1631
1118	1639
1118	1640
1118	1641
1118	1648
1118	1650
1119	1190
1119	1252
1119	1280
1119	1354
1119	1370
1119	1391
1119	1403
1119	1441
1119	1450
1119	1460
1119	1493
1119	1494
1119	1515
1119	1516
1119	1520
1119	1533
1119	1554
1119	1574
1119	1575
1119	1576
1119	1577
1119	1615
1119	1616
1119	1632
1119	1642
1119	1643
1119	1644
1120	1125
1120	1130
1120	1133
1120	1134
1120	1135
1120	1144
1120	1169
1120	1175
1120	1181
1120	1183
1120	1223
1120	1225
1120	1226
1120	1244
1120	1245
1120	1266
1120	1285
1120	1297
1120	1343
1120	1358
1120	1375
1120	1462
1120	1468
1120	1470
1120	1481
1120	1482
1120	1493
1120	1506
1120	1538
1120	1542
1120	1544
1120	1556
1121	1125
1121	1129
1121	1130
1121	1145
1121	1149
1121	1150
1121	1168
1121	1179
1121	1197
1121	1199
1121	1224
1121	1227
1121	1228
1121	1235
1121	1257
1121	1258
1121	1259
1121	1286
1121	1309
1121	1313
1121	1315
1121	1339
1121	1340
1121	1344
1121	1377
1121	1381
1121	1382
1121	1461
1121	1469
1121	1494
1121	1497
1121	1514
1121	1523
1121	1527
1121	1561
1121	1616
1122	1124
1122	1125
1122	1130
1122	1138
1122	1139
1122	1140
1122	1147
1122	1170
1122	1173
1122	1186
1122	1188
1122	1228
1122	1229
1122	1230
1122	1248
1122	1249
1122	1256
1122	1283
1122	1285
1122	1290
1122	1297
1122	1300
1122	1301
1122	1341
1122	1358
1122	1364
1122	1366
1122	1463
1122	1472
1122	1473
1122	1486
1122	1488
1122	1495
1122	1509
1122	1538
1122	1547
1122	1548
1122	1559
1123	1124
1123	1132
1123	1133
1123	1145
1123	1148
1123	1153
1123	1154
1123	1195
1123	1203
1123	1205
1123	1225
1123	1226
1123	1231
1123	1232
1123	1244
1123	1245
1123	1262
1123	1282
1123	1319
1123	1342
1123	1344
1123	1350
1123	1377
1123	1385
1123	1462
1123	1481
1123	1496
1123	1500
1123	1504
1123	1506
1123	1516
1123	1530
1123	1556
1123	1565
1124	1133
1124	1140
1124	1149
1124	1154
1124	1167
1124	1170
1124	1173
1124	1175
1124	1225
1124	1226
1124	1230
1124	1244
1124	1245
1124	1257
1124	1281
1124	1283
1124	1288
1124	1311
1124	1338
1124	1340
1124	1342
1124	1347
1124	1461
1124	1462
1124	1463
1124	1468
1124	1470
1124	1473
1124	1496
1124	1522
1124	1527
1124	1528
1124	1531
1124	1556
1125	1129
1125	1130
1125	1135
1125	1140
1125	1150
1125	1168
1125	1170
1125	1171
1125	1173
1125	1176
1125	1178
1125	1179
1125	1191
1125	1197
1125	1198
1125	1199
1125	1203
1125	1227
1125	1228
1125	1233
1125	1237
1125	1239
1125	1258
1125	1259
1125	1284
1125	1285
1125	1288
1125	1293
1125	1295
1125	1297
1125	1313
1125	1319
1125	1343
1125	1355
1125	1358
1125	1406
1125	1464
1125	1466
1125	1475
1125	1477
1125	1479
1125	1488
1125	1497
1125	1502
1125	1514
1125	1523
1125	1534
1125	1537
1125	1538
1125	1548
1125	1557
1125	1561
1125	1573
1125	1586
1125	1592
1125	1618
1125	1625
1125	1628
1126	1133
1126	1138
1126	1141
1126	1142
1126	1152
1126	1172
1126	1173
1126	1175
1126	1189
1126	1232
1126	1237
1126	1251
1126	1261
1126	1287
1126	1288
1126	1290
1126	1300
1126	1302
1126	1304
1126	1349
1126	1364
1126	1368
1126	1369
1126	1384
1126	1466
1126	1468
1126	1472
1126	1475
1126	1481
1126	1489
1126	1491
1126	1498
1126	1511
1126	1524
1126	1542
1126	1551
1126	1552
1127	1137
1127	1149
1127	1156
1127	1173
1127	1181
1127	1202
1127	1203
1127	1229
1127	1230
1127	1238
1127	1248
1127	1249
1127	1257
1127	1264
1127	1288
1127	1318
1127	1319
1127	1322
1127	1323
1127	1346
1127	1347
1127	1350
1127	1387
1127	1388
1127	1463
1127	1465
1127	1482
1127	1499
1127	1508
1127	1509
1127	1518
1127	1525
1127	1527
1127	1530
1127	1559
1127	1567
1127	1621
1128	1129
1128	1160
1128	1181
1128	1202
1128	1214
1128	1238
1128	1242
1128	1255
1128	1256
1128	1264
1128	1272
1128	1273
1128	1296
1128	1299
1128	1318
1128	1329
1128	1331
1128	1356
1128	1357
1128	1361
1128	1394
1128	1395
1128	1396
1128	1465
1128	1478
1128	1485
1128	1487
1128	1501
1128	1518
1128	1535
1128	1536
1128	1547
1128	1571
1128	1575
1128	1578
1128	1610
1129	1130
1129	1134
1129	1139
1129	1144
1129	1147
1129	1150
1129	1157
1129	1160
1129	1173
1129	1177
1129	1194
1129	1196
1129	1197
1129	1199
1129	1203
1129	1209
1129	1233
1129	1239
1129	1244
1129	1248
1129	1256
1129	1285
1129	1288
1129	1294
1129	1296
1129	1297
1129	1312
1129	1313
1129	1315
1129	1319
1129	1325
1129	1358
1129	1375
1129	1380
1129	1433
1129	1466
1129	1476
1129	1478
1129	1487
1129	1502
1129	1511
1129	1537
1129	1538
1129	1547
1129	1556
1129	1559
1129	1572
1129	1592
1129	1601
1129	1628
1129	1640
1130	1135
1130	1140
1130	1150
1130	1168
1130	1170
1130	1171
1130	1173
1130	1176
1130	1178
1130	1179
1130	1191
1130	1197
1130	1198
1130	1199
1130	1203
1130	1227
1130	1228
1130	1233
1130	1237
1130	1239
1130	1258
1130	1259
1130	1284
1130	1285
1130	1288
1130	1293
1130	1295
1130	1297
1130	1313
1130	1319
1130	1343
1130	1355
1130	1358
1130	1406
1130	1464
1130	1466
1130	1475
1130	1477
1130	1479
1130	1488
1130	1497
1130	1502
1130	1514
1130	1523
1130	1534
1130	1537
1130	1538
1130	1548
1130	1557
1130	1561
1130	1573
1130	1586
1130	1592
1130	1618
1130	1625
1130	1628
1131	1132
1131	1158
1131	1159
1131	1163
1131	1180
1131	1186
1131	1217
1131	1220
1131	1240
1131	1241
1131	1242
1131	1260
1131	1261
1131	1270
1131	1271
1131	1276
1131	1277
1131	1298
1131	1299
1131	1320
1131	1336
1131	1359
1131	1361
1131	1367
1131	1394
1131	1398
1131	1401
1131	1467
1131	1480
1131	1486
1131	1490
1131	1503
1131	1520
1131	1539
1131	1540
1131	1549
1131	1551
1131	1571
1131	1581
1131	1582
1132	1133
1132	1134
1132	1141
1132	1144
1132	1152
1132	1154
1132	1159
1132	1163
1132	1175
1132	1177
1132	1180
1132	1182
1132	1201
1132	1204
1132	1205
1132	1209
1132	1244
1132	1261
1132	1294
1132	1298
1132	1325
1132	1330
1132	1360
1132	1368
1132	1375
1132	1384
1132	1468
1132	1476
1132	1480
1132	1481
1132	1490
1132	1496
1132	1503
1132	1504
1132	1506
1132	1511
1132	1541
1132	1542
1132	1551
1132	1556
1132	1564
1132	1576
1132	1629
1133	1135
1133	1142
1133	1148
1133	1153
1133	1154
1133	1172
1133	1174
1133	1175
1133	1176
1133	1178
1133	1183
1133	1205
1133	1206
1133	1213
1133	1231
1133	1232
1133	1237
1133	1245
1133	1262
1133	1271
1133	1282
1133	1293
1133	1295
1133	1310
1133	1355
1133	1360
1133	1385
1133	1462
1133	1467
1133	1468
1133	1470
1133	1475
1133	1477
1133	1481
1133	1491
1133	1500
1133	1504
1133	1516
1133	1526
1133	1534
1133	1541
1133	1542
1133	1552
1133	1560
1133	1577
1134	1135
1134	1143
1134	1144
1134	1145
1134	1161
1134	1182
1134	1192
1134	1197
1134	1205
1134	1225
1134	1226
1134	1244
1134	1245
1134	1252
1134	1253
1134	1265
1134	1299
1134	1313
1134	1371
1134	1372
1134	1374
1134	1375
1134	1380
1134	1470
1134	1476
1134	1496
1134	1504
1134	1506
1134	1512
1134	1544
1134	1555
1134	1556
1135	1144
1135	1169
1135	1175
1135	1181
1135	1183
1135	1223
1135	1225
1135	1226
1135	1244
1135	1245
1135	1266
1135	1285
1135	1297
1135	1343
1135	1358
1135	1375
1135	1462
1135	1468
1135	1470
1135	1481
1135	1482
1135	1493
1135	1506
1135	1538
1135	1542
1135	1544
1135	1556
1136	1137
1136	1155
1136	1162
1136	1165
1136	1184
1136	1207
1136	1222
1136	1246
1136	1247
1136	1267
1136	1274
1136	1275
1136	1278
1136	1302
1136	1333
1136	1367
1136	1398
1136	1471
1136	1483
1136	1485
1136	1489
1136	1507
1136	1521
1136	1545
1136	1549
1136	1575
1136	1583
1136	1584
1137	1138
1137	1139
1137	1141
1137	1147
1137	1152
1137	1155
1137	1156
1137	1162
1137	1165
1137	1177
1137	1184
1137	1187
1137	1209
1137	1214
1137	1218
1137	1248
1137	1256
1137	1261
1137	1263
1137	1269
1137	1290
1137	1294
1137	1299
1137	1300
1137	1303
1137	1317
1137	1321
1137	1322
1137	1323
1137	1325
1137	1331
1137	1334
1137	1363
1137	1364
1137	1368
1137	1384
1137	1386
1137	1472
1137	1476
1137	1483
1137	1499
1137	1507
1137	1508
1137	1509
1137	1511
1137	1517
1137	1546
1137	1547
1137	1551
1137	1559
1137	1566
1137	1631
1137	1645
1138	1140
1138	1142
1138	1171
1138	1176
1138	1178
1138	1185
1138	1188
1138	1196
1138	1219
1138	1237
1138	1249
1138	1275
1138	1284
1138	1287
1138	1289
1138	1290
1138	1291
1138	1293
1138	1295
1138	1300
1138	1304
1138	1312
1138	1322
1138	1335
1138	1348
1138	1349
1138	1355
1138	1363
1138	1364
1138	1369
1138	1400
1138	1463
1138	1471
1138	1472
1138	1473
1138	1475
1138	1477
1138	1484
1138	1508
1138	1529
1138	1534
1138	1546
1138	1588
1138	1623
1138	1631
1139	1140
1139	1146
1139	1147
1139	1149
1139	1164
1139	1173
1139	1187
1139	1194
1139	1197
1139	1214
1139	1229
1139	1230
1139	1248
1139	1249
1139	1252
1139	1255
1139	1256
1139	1272
1139	1273
1139	1311
1139	1313
1139	1322
1139	1366
1139	1371
1139	1372
1139	1378
1139	1473
1139	1478
1139	1485
1139	1487
1139	1499
1139	1508
1139	1509
1139	1513
1139	1537
1139	1547
1139	1548
1139	1558
1139	1559
1140	1147
1140	1170
1140	1173
1140	1186
1140	1188
1140	1228
1140	1229
1140	1230
1140	1248
1140	1249
1140	1256
1140	1283
1140	1285
1140	1290
1140	1297
1140	1300
1140	1301
1140	1341
1140	1358
1140	1364
1140	1366
1140	1463
1140	1472
1140	1473
1140	1486
1140	1488
1140	1495
1140	1509
1140	1538
1140	1547
1140	1548
1140	1559
1141	1142
1141	1151
1141	1152
1141	1166
1141	1201
1141	1203
1141	1205
1141	1220
1141	1237
1141	1251
1141	1252
1141	1260
1141	1261
1141	1276
1141	1277
1141	1303
1141	1317
1141	1319
1141	1322
1141	1363
1141	1368
1141	1369
1141	1371
1141	1372
1141	1383
1141	1384
1141	1475
1141	1480
1141	1490
1141	1502
1141	1504
1141	1508
1141	1511
1141	1515
1141	1541
1141	1551
1141	1552
1141	1562
1142	1152
1142	1172
1142	1173
1142	1175
1142	1189
1142	1232
1142	1237
1142	1251
1142	1261
1142	1287
1142	1288
1142	1290
1142	1300
1142	1302
1142	1304
1142	1349
1142	1364
1142	1368
1142	1369
1142	1384
1142	1466
1142	1468
1142	1472
1142	1475
1142	1481
1142	1489
1142	1491
1142	1498
1142	1511
1142	1524
1142	1542
1142	1551
1142	1552
1143	1144
1143	1157
1143	1159
1143	1161
1143	1191
1143	1196
1143	1204
1143	1214
1143	1215
1143	1244
1143	1253
1143	1265
1143	1270
1143	1308
1143	1309
1143	1312
1143	1331
1143	1332
1143	1374
1143	1375
1143	1476
1143	1488
1143	1495
1143	1497
1143	1503
1143	1512
1143	1517
1143	1555
1143	1556
1143	1564
1143	1579
1144	1145
1144	1161
1144	1182
1144	1192
1144	1197
1144	1205
1144	1225
1144	1226
1144	1244
1144	1245
1144	1252
1144	1253
1144	1265
1144	1299
1144	1313
1144	1371
1144	1372
1144	1374
1144	1375
1144	1380
1144	1470
1144	1476
1144	1496
1144	1504
1144	1506
1144	1512
1144	1544
1144	1555
1144	1556
1145	1150
1145	1154
1145	1169
1145	1171
1145	1190
1145	1192
1145	1225
1145	1234
1145	1235
1145	1254
1145	1258
1145	1284
1145	1286
1145	1307
1145	1309
1145	1315
1145	1339
1145	1340
1145	1344
1145	1345
1145	1353
1145	1373
1145	1376
1145	1377
1145	1381
1145	1382
1145	1477
1145	1494
1145	1496
1145	1497
1145	1506
1145	1554
1145	1557
1145	1565
1145	1599
1145	1638
1146	1147
1146	1148
1146	1153
1146	1155
1146	1157
1146	1158
1146	1162
1146	1164
1146	1193
1146	1195
1146	1196
1146	1214
1146	1218
1146	1220
1146	1221
1146	1248
1146	1255
1146	1256
1146	1272
1146	1273
1146	1274
1146	1310
1146	1312
1146	1321
1146	1334
1146	1378
1146	1386
1146	1402
1146	1478
1146	1491
1146	1498
1146	1500
1146	1507
1146	1513
1146	1520
1146	1547
1146	1558
1146	1559
1146	1566
1146	1572
1147	1149
1147	1164
1147	1173
1147	1187
1147	1194
1147	1197
1147	1214
1147	1229
1147	1230
1147	1248
1147	1249
1147	1252
1147	1255
1147	1256
1147	1272
1147	1273
1147	1311
1147	1313
1147	1322
1147	1366
1147	1371
1147	1372
1147	1378
1147	1473
1147	1478
1147	1485
1147	1487
1147	1499
1147	1508
1147	1509
1147	1513
1147	1537
1147	1547
1147	1548
1147	1558
1147	1559
1148	1149
1148	1153
1148	1154
1148	1159
1148	1164
1148	1181
1148	1193
1148	1195
1148	1198
1148	1202
1148	1204
1148	1206
1148	1231
1148	1232
1148	1242
1148	1243
1148	1257
1148	1258
1148	1262
1148	1266
1148	1306
1148	1309
1148	1310
1148	1318
1148	1320
1148	1379
1148	1381
1148	1385
1148	1387
1148	1390
1148	1422
1148	1479
1148	1481
1148	1493
1148	1497
1148	1498
1148	1500
1148	1503
1148	1505
1148	1516
1148	1527
1148	1536
1148	1557
1148	1560
1148	1565
1148	1571
1148	1622
1149	1150
1149	1153
1149	1156
1149	1174
1149	1181
1149	1190
1149	1194
1149	1195
1149	1199
1149	1226
1149	1229
1149	1235
1149	1242
1149	1243
1149	1257
1149	1259
1149	1262
1149	1283
1149	1307
1149	1311
1149	1353
1149	1373
1149	1379
1149	1422
1149	1467
1149	1469
1149	1479
1149	1494
1149	1499
1149	1500
1149	1509
1149	1523
1149	1527
1149	1528
1149	1536
1149	1554
1149	1560
1149	1567
1149	1571
1149	1622
1150	1168
1150	1179
1150	1197
1150	1199
1150	1224
1150	1227
1150	1228
1150	1235
1150	1257
1150	1258
1150	1259
1150	1286
1150	1309
1150	1313
1150	1315
1150	1339
1150	1340
1150	1344
1150	1377
1150	1381
1150	1382
1150	1461
1150	1469
1150	1494
1150	1497
1150	1514
1150	1523
1150	1527
1150	1561
1150	1616
1151	1152
1151	1155
1151	1159
1151	1162
1151	1166
1151	1200
1151	1202
1151	1204
1151	1218
1151	1220
1151	1236
1151	1260
1151	1261
1151	1276
1151	1277
1151	1279
1151	1316
1151	1318
1151	1321
1151	1334
1151	1337
1151	1368
1151	1383
1151	1384
1151	1386
1151	1399
1151	1480
1151	1492
1151	1501
1151	1503
1151	1507
1151	1515
1151	1521
1151	1551
1151	1562
1151	1564
1151	1566
1151	1576
1152	1166
1152	1201
1152	1203
1152	1205
1152	1220
1152	1237
1152	1251
1152	1252
1152	1260
1152	1261
1152	1276
1152	1277
1152	1303
1152	1317
1152	1319
1152	1322
1152	1363
1152	1368
1152	1369
1152	1371
1152	1372
1152	1383
1152	1384
1152	1475
1152	1480
1152	1490
1152	1502
1152	1504
1152	1508
1152	1511
1152	1515
1152	1541
1152	1551
1152	1552
1152	1562
1153	1154
1153	1159
1153	1164
1153	1181
1153	1193
1153	1195
1153	1198
1153	1202
1153	1204
1153	1206
1153	1231
1153	1232
1153	1242
1153	1243
1153	1257
1153	1258
1153	1262
1153	1266
1153	1306
1153	1309
1153	1310
1153	1318
1153	1320
1153	1379
1153	1381
1153	1385
1153	1387
1153	1390
1153	1422
1153	1479
1153	1481
1153	1493
1153	1497
1153	1498
1153	1500
1153	1503
1153	1505
1153	1516
1153	1527
1153	1536
1153	1557
1153	1560
1153	1565
1153	1571
1153	1622
1154	1195
1154	1203
1154	1205
1154	1225
1154	1226
1154	1231
1154	1232
1154	1244
1154	1245
1154	1262
1154	1282
1154	1319
1154	1342
1154	1344
1154	1350
1154	1377
1154	1385
1154	1462
1154	1481
1154	1496
1154	1500
1154	1504
1154	1506
1154	1516
1154	1530
1154	1556
1154	1565
1155	1162
1155	1164
1155	1165
1155	1166
1155	1184
1155	1185
1155	1189
1155	1207
1155	1208
1155	1210
1155	1214
1155	1216
1155	1218
1155	1219
1155	1221
1155	1222
1155	1246
1155	1247
1155	1263
1155	1265
1155	1269
1155	1274
1155	1275
1155	1289
1155	1299
1155	1316
1155	1321
1155	1322
1155	1324
1155	1326
1155	1331
1155	1334
1155	1335
1155	1337
1155	1348
1155	1383
1155	1386
1155	1389
1155	1399
1155	1400
1155	1454
1155	1471
1155	1489
1155	1498
1155	1507
1155	1508
1155	1510
1155	1512
1155	1517
1155	1519
1155	1529
1155	1545
1155	1550
1155	1558
1155	1566
1155	1568
1155	1584
1155	1607
1155	1613
1155	1645
1155	1650
1156	1173
1156	1181
1156	1202
1156	1203
1156	1229
1156	1230
1156	1238
1156	1248
1156	1249
1156	1257
1156	1264
1156	1288
1156	1318
1156	1319
1156	1322
1156	1323
1156	1346
1156	1347
1156	1350
1156	1387
1156	1388
1156	1463
1156	1465
1156	1482
1156	1499
1156	1508
1156	1509
1156	1518
1156	1525
1156	1527
1156	1530
1156	1559
1156	1567
1156	1621
1157	1161
1157	1164
1157	1171
1157	1193
1157	1196
1157	1197
1157	1198
1157	1208
1157	1210
1157	1219
1157	1227
1157	1255
1157	1265
1157	1284
1157	1300
1157	1308
1157	1312
1157	1313
1157	1314
1157	1324
1157	1326
1157	1328
1157	1332
1157	1335
1157	1374
1157	1380
1157	1389
1157	1433
1157	1484
1157	1510
1157	1512
1157	1513
1157	1514
1157	1537
1157	1568
1157	1572
1157	1573
1157	1601
1157	1640
1158	1159
1158	1163
1158	1164
1158	1212
1158	1214
1158	1216
1158	1220
1158	1221
1158	1260
1158	1261
1158	1272
1158	1276
1158	1277
1158	1280
1158	1330
1158	1331
1158	1395
1158	1401
1158	1403
1158	1449
1158	1485
1158	1490
1158	1513
1158	1515
1158	1520
1158	1521
1158	1551
1158	1570
1158	1574
1158	1575
1158	1581
1158	1582
1158	1583
1159	1161
1159	1163
1159	1166
1159	1174
1159	1180
1159	1200
1159	1204
1159	1205
1159	1206
1159	1208
1159	1210
1159	1212
1159	1213
1159	1215
1159	1231
1159	1240
1159	1241
1159	1260
1159	1265
1159	1270
1159	1271
1159	1298
1159	1301
1159	1320
1159	1324
1159	1326
1159	1330
1159	1336
1159	1359
1159	1389
1159	1419
1159	1467
1159	1486
1159	1495
1159	1503
1159	1504
1159	1505
1159	1510
1159	1512
1159	1515
1159	1516
1159	1526
1159	1541
1159	1555
1159	1564
1159	1568
1159	1576
1159	1577
1159	1582
1159	1629
1159	1644
1160	1181
1160	1202
1160	1214
1160	1238
1160	1242
1160	1255
1160	1256
1160	1264
1160	1272
1160	1273
1160	1296
1160	1299
1160	1318
1160	1329
1160	1331
1160	1356
1160	1357
1160	1361
1160	1394
1160	1395
1160	1396
1160	1465
1160	1478
1160	1485
1160	1487
1160	1501
1160	1518
1160	1535
1160	1536
1160	1547
1160	1571
1160	1575
1160	1578
1160	1610
1161	1191
1161	1196
1161	1204
1161	1214
1161	1215
1161	1244
1161	1253
1161	1265
1161	1270
1161	1308
1161	1309
1161	1312
1161	1331
1161	1332
1161	1374
1161	1375
1161	1476
1161	1488
1161	1495
1161	1497
1161	1503
1161	1512
1161	1517
1161	1555
1161	1556
1161	1564
1161	1579
1162	1164
1162	1165
1162	1166
1162	1184
1162	1185
1162	1189
1162	1207
1162	1208
1162	1210
1162	1214
1162	1216
1162	1218
1162	1219
1162	1221
1162	1222
1162	1246
1162	1247
1162	1263
1162	1265
1162	1269
1162	1274
1162	1275
1162	1289
1162	1299
1162	1316
1162	1321
1162	1322
1162	1324
1162	1326
1162	1331
1162	1334
1162	1335
1162	1337
1162	1348
1162	1383
1162	1386
1162	1389
1162	1399
1162	1400
1162	1454
1162	1471
1162	1489
1162	1498
1162	1507
1162	1508
1162	1510
1162	1512
1162	1517
1162	1519
1162	1529
1162	1545
1162	1550
1162	1558
1162	1566
1162	1568
1162	1584
1162	1607
1162	1613
1162	1645
1162	1650
1163	1180
1163	1186
1163	1217
1163	1220
1163	1240
1163	1241
1163	1242
1163	1260
1163	1261
1163	1270
1163	1271
1163	1276
1163	1277
1163	1298
1163	1299
1163	1320
1163	1336
1163	1359
1163	1361
1163	1367
1163	1394
1163	1398
1163	1401
1163	1467
1163	1480
1163	1486
1163	1490
1163	1503
1163	1520
1163	1539
1163	1540
1163	1549
1163	1551
1163	1571
1163	1581
1163	1582
1164	1193
1164	1195
1164	1196
1164	1214
1164	1218
1164	1220
1164	1221
1164	1248
1164	1255
1164	1256
1164	1272
1164	1273
1164	1274
1164	1310
1164	1312
1164	1321
1164	1334
1164	1378
1164	1386
1164	1402
1164	1478
1164	1491
1164	1498
1164	1500
1164	1507
1164	1513
1164	1520
1164	1547
1164	1558
1164	1559
1164	1566
1164	1572
1165	1184
1165	1207
1165	1222
1165	1246
1165	1247
1165	1267
1165	1274
1165	1275
1165	1278
1165	1302
1165	1333
1165	1367
1165	1398
1165	1471
1165	1483
1165	1485
1165	1489
1165	1507
1165	1521
1165	1545
1165	1549
1165	1575
1165	1583
1165	1584
1166	1200
1166	1202
1166	1204
1166	1218
1166	1220
1166	1236
1166	1260
1166	1261
1166	1276
1166	1277
1166	1279
1166	1316
1166	1318
1166	1321
1166	1334
1166	1337
1166	1368
1166	1383
1166	1384
1166	1386
1166	1399
1166	1480
1166	1492
1166	1501
1166	1503
1166	1507
1166	1515
1166	1521
1166	1551
1166	1562
1166	1564
1166	1566
1166	1576
1167	1169
1167	1173
1167	1178
1167	1190
1167	1281
1167	1283
1167	1315
1167	1339
1167	1340
1167	1429
1167	1461
1167	1466
1167	1470
1167	1473
1167	1475
1167	1528
1167	1531
1167	1592
1167	1616
1168	1169
1168	1179
1168	1191
1168	1223
1168	1224
1168	1235
1168	1266
1168	1286
1168	1297
1168	1309
1168	1343
1168	1407
1168	1469
1168	1497
1168	1522
1168	1554
1168	1561
1168	1585
1168	1586
1168	1587
1168	1616
1169	1179
1169	1192
1169	1223
1169	1224
1169	1235
1169	1266
1169	1281
1169	1286
1169	1344
1169	1345
1169	1408
1169	1461
1169	1462
1169	1464
1169	1470
1169	1522
1169	1554
1169	1585
1169	1586
1169	1587
1169	1616
1169	1619
1170	1194
1170	1225
1170	1226
1170	1244
1170	1245
1170	1256
1170	1283
1170	1285
1170	1288
1170	1290
1170	1291
1170	1323
1170	1346
1170	1347
1170	1404
1170	1405
1170	1442
1170	1443
1170	1444
1170	1463
1170	1464
1170	1470
1170	1472
1170	1486
1170	1488
1170	1528
1170	1547
1170	1548
1170	1555
1170	1556
1170	1621
1171	1196
1171	1227
1171	1228
1171	1258
1171	1259
1171	1284
1171	1300
1171	1335
1171	1348
1171	1349
1171	1406
1171	1407
1171	1408
1171	1412
1171	1413
1171	1414
1171	1464
1171	1474
1171	1484
1171	1497
1171	1514
1171	1523
1171	1557
1171	1572
1171	1573
1171	1588
1171	1589
1171	1594
1172	1173
1172	1175
1172	1185
1172	1201
1172	1229
1172	1230
1172	1248
1172	1249
1172	1261
1172	1287
1172	1290
1172	1293
1172	1325
1172	1355
1172	1437
1172	1466
1172	1468
1172	1472
1172	1473
1172	1489
1172	1491
1172	1531
1172	1551
1172	1552
1172	1558
1172	1559
1172	1590
1172	1591
1172	1592
1173	1187
1173	1188
1173	1203
1173	1229
1173	1230
1173	1233
1173	1239
1173	1248
1173	1249
1173	1285
1173	1288
1173	1291
1173	1313
1173	1341
1173	1343
1173	1358
1173	1366
1173	1378
1173	1380
1173	1424
1173	1461
1173	1463
1173	1464
1173	1465
1173	1466
1173	1470
1173	1472
1173	1473
1173	1491
1173	1499
1173	1502
1173	1509
1173	1525
1173	1530
1173	1531
1173	1552
1173	1558
1173	1559
1173	1567
1173	1590
1173	1591
1173	1592
1173	1593
1174	1175
1174	1186
1174	1204
1174	1231
1174	1232
1174	1262
1174	1292
1174	1301
1174	1320
1174	1336
1174	1359
1174	1409
1174	1412
1174	1422
1174	1467
1174	1486
1174	1500
1174	1516
1174	1560
1174	1576
1174	1577
1174	1594
1174	1622
1175	1176
1175	1186
1175	1205
1175	1223
1175	1231
1175	1232
1175	1262
1175	1287
1175	1293
1175	1360
1175	1409
1175	1413
1175	1422
1175	1462
1175	1468
1175	1481
1175	1500
1175	1504
1175	1541
1175	1542
1175	1560
1175	1585
1175	1622
1176	1209
1176	1224
1176	1228
1176	1232
1176	1234
1176	1235
1176	1254
1176	1258
1176	1287
1176	1290
1176	1293
1176	1317
1176	1344
1176	1368
1176	1369
1176	1381
1176	1384
1176	1406
1176	1407
1176	1408
1176	1412
1176	1413
1176	1414
1176	1437
1176	1461
1176	1464
1176	1472
1176	1475
1176	1477
1176	1522
1176	1534
1176	1561
1176	1589
1176	1594
1176	1595
1176	1596
1177	1178
1177	1210
1177	1236
1177	1237
1177	1251
1177	1261
1177	1279
1177	1294
1177	1298
1177	1332
1177	1374
1177	1375
1177	1384
1177	1415
1177	1416
1177	1417
1177	1420
1177	1455
1177	1456
1177	1457
1177	1476
1177	1483
1177	1511
1177	1524
1177	1562
1177	1568
1177	1597
1177	1598
1177	1599
1177	1608
1178	1179
1178	1211
1178	1236
1178	1237
1178	1251
1178	1261
1178	1279
1178	1286
1178	1295
1178	1297
1178	1309
1178	1314
1178	1344
1178	1376
1178	1377
1178	1381
1178	1384
1178	1407
1178	1415
1178	1416
1178	1417
1178	1421
1178	1434
1178	1447
1178	1455
1178	1456
1178	1457
1178	1475
1178	1477
1178	1484
1178	1492
1178	1524
1178	1532
1178	1562
1178	1597
1178	1598
1178	1599
1178	1638
1179	1183
1179	1188
1179	1191
1179	1230
1179	1233
1179	1238
1179	1239
1179	1264
1179	1295
1179	1297
1179	1309
1179	1314
1179	1315
1179	1339
1179	1347
1179	1376
1179	1381
1179	1382
1179	1418
1179	1423
1179	1424
1179	1430
1179	1464
1179	1477
1179	1479
1179	1482
1179	1488
1179	1514
1179	1525
1179	1561
1179	1563
1179	1592
1179	1600
1179	1601
1179	1602
1179	1611
1179	1628
1179	1641
1180	1212
1180	1240
1180	1241
1180	1270
1180	1271
1180	1298
1180	1299
1180	1303
1180	1337
1180	1368
1180	1383
1180	1384
1180	1419
1180	1420
1180	1421
1180	1425
1180	1439
1180	1480
1180	1486
1180	1504
1180	1520
1180	1526
1180	1564
1180	1581
1180	1582
1180	1603
1180	1604
1180	1612
1181	1182
1181	1183
1181	1225
1181	1226
1181	1238
1181	1242
1181	1243
1181	1244
1181	1245
1181	1257
1181	1264
1181	1273
1181	1318
1181	1323
1181	1346
1181	1379
1181	1385
1181	1387
1181	1388
1181	1409
1181	1422
1181	1441
1181	1462
1181	1465
1181	1469
1181	1478
1181	1479
1181	1482
1181	1492
1181	1501
1181	1505
1181	1518
1181	1527
1181	1528
1181	1535
1181	1536
1181	1543
1181	1565
1181	1600
1181	1605
1181	1606
1181	1646
1182	1183
1182	1215
1182	1225
1182	1226
1182	1242
1182	1243
1182	1244
1182	1245
1182	1257
1182	1294
1182	1298
1182	1326
1182	1389
1182	1409
1182	1422
1182	1496
1182	1527
1182	1528
1182	1555
1182	1556
1182	1565
1182	1571
1182	1605
1182	1606
1183	1225
1183	1226
1183	1242
1183	1243
1183	1244
1183	1245
1183	1257
1183	1297
1183	1306
1183	1390
1183	1409
1183	1418
1183	1422
1183	1462
1183	1479
1183	1481
1183	1482
1183	1527
1183	1528
1183	1536
1183	1556
1183	1565
1183	1602
1183	1605
1183	1606
1184	1185
1184	1216
1184	1246
1184	1247
1184	1263
1184	1274
1184	1275
1184	1391
1184	1425
1184	1448
1184	1483
1184	1485
1184	1489
1184	1508
1184	1521
1184	1529
1184	1566
1184	1583
1184	1584
1184	1607
1184	1608
1184	1612
1185	1186
1185	1189
1185	1217
1185	1236
1185	1246
1185	1247
1185	1263
1185	1274
1185	1275
1185	1292
1185	1301
1185	1302
1185	1324
1185	1392
1185	1412
1185	1415
1185	1426
1185	1442
1185	1448
1185	1453
1185	1472
1185	1484
1185	1486
1185	1489
1185	1491
1185	1492
1185	1529
1185	1549
1185	1550
1185	1566
1185	1597
1185	1607
1185	1608
1186	1187
1186	1188
1186	1204
1186	1229
1186	1230
1186	1233
1186	1238
1186	1248
1186	1249
1186	1264
1186	1277
1186	1301
1186	1305
1186	1320
1186	1336
1186	1359
1186	1365
1186	1409
1186	1418
1186	1423
1186	1424
1186	1439
1186	1456
1186	1463
1186	1467
1186	1479
1186	1480
1186	1481
1186	1482
1186	1486
1186	1503
1186	1530
1186	1531
1186	1539
1186	1540
1186	1563
1186	1567
1186	1593
1186	1600
1186	1609
1186	1610
1186	1611
1186	1632
1187	1188
1187	1221
1187	1229
1187	1230
1187	1248
1187	1249
1187	1296
1187	1328
1187	1331
1187	1395
1187	1396
1187	1418
1187	1423
1187	1424
1187	1483
1187	1487
1187	1499
1187	1530
1187	1531
1187	1558
1187	1559
1187	1567
1187	1575
1187	1601
1187	1609
1187	1610
1187	1611
1188	1229
1188	1230
1188	1248
1188	1249
1188	1297
1188	1300
1188	1301
1188	1308
1188	1418
1188	1423
1188	1424
1188	1463
1188	1484
1188	1488
1188	1530
1188	1531
1188	1540
1188	1559
1188	1567
1188	1602
1188	1609
1188	1610
1188	1611
1189	1207
1189	1222
1189	1237
1189	1241
1189	1247
1189	1250
1189	1251
1189	1268
1189	1289
1189	1302
1189	1304
1189	1305
1189	1321
1189	1399
1189	1400
1189	1425
1189	1426
1189	1427
1189	1430
1189	1484
1189	1486
1189	1489
1189	1491
1189	1492
1189	1524
1189	1532
1189	1545
1189	1568
1189	1594
1189	1604
1189	1612
1189	1613
1189	1614
1189	1633
1190	1192
1190	1203
1190	1211
1190	1252
1190	1280
1190	1307
1190	1311
1190	1315
1190	1339
1190	1340
1190	1428
1190	1429
1190	1458
1190	1459
1190	1460
1190	1469
1190	1474
1190	1494
1190	1502
1190	1533
1190	1615
1190	1616
1190	1628
1191	1192
1191	1198
1191	1206
1191	1234
1191	1253
1191	1254
1191	1258
1191	1262
1191	1265
1191	1297
1191	1306
1191	1308
1191	1309
1191	1314
1191	1343
1191	1425
1191	1426
1191	1427
1191	1430
1191	1434
1191	1493
1191	1495
1191	1497
1191	1500
1191	1505
1191	1534
1191	1561
1191	1569
1191	1579
1191	1599
1191	1617
1191	1618
1191	1619
1191	1630
1191	1638
1192	1199
1192	1234
1192	1253
1192	1254
1192	1265
1192	1286
1192	1307
1192	1309
1192	1315
1192	1344
1192	1345
1192	1425
1192	1426
1192	1427
1192	1430
1192	1435
1192	1494
1192	1496
1192	1497
1192	1506
1192	1534
1192	1544
1192	1569
1192	1587
1192	1599
1192	1617
1192	1618
1192	1619
1192	1638
1193	1194
1193	1195
1193	1196
1193	1207
1193	1212
1193	1214
1193	1242
1193	1243
1193	1255
1193	1256
1193	1257
1193	1272
1193	1273
1193	1304
1193	1310
1193	1312
1193	1321
1193	1431
1193	1432
1193	1440
1193	1441
1193	1498
1193	1505
1193	1507
1193	1520
1193	1535
1193	1536
1193	1547
1193	1570
1193	1571
1193	1620
1193	1621
1193	1622
1194	1195
1194	1197
1194	1214
1194	1242
1194	1243
1194	1252
1194	1255
1194	1256
1194	1257
1194	1272
1194	1273
1194	1288
1194	1291
1194	1311
1194	1313
1194	1322
1194	1323
1194	1346
1194	1347
1194	1428
1194	1431
1194	1432
1194	1440
1194	1441
1194	1469
1194	1485
1194	1487
1194	1499
1194	1508
1194	1527
1194	1535
1194	1536
1194	1547
1194	1548
1194	1570
1194	1571
1194	1615
1194	1620
1194	1621
1194	1622
1194	1631
1195	1198
1195	1213
1195	1225
1195	1238
1195	1242
1195	1243
1195	1255
1195	1256
1195	1257
1195	1264
1195	1269
1195	1272
1195	1273
1195	1282
1195	1306
1195	1310
1195	1311
1195	1314
1195	1379
1195	1385
1195	1405
1195	1421
1195	1431
1195	1432
1195	1440
1195	1441
1195	1451
1195	1469
1195	1479
1195	1481
1195	1500
1195	1501
1195	1503
1195	1505
1195	1506
1195	1516
1195	1535
1195	1536
1195	1543
1195	1565
1195	1570
1195	1571
1195	1600
1195	1620
1195	1621
1195	1622
1195	1632
1195	1639
1196	1197
1196	1198
1196	1199
1196	1208
1196	1214
1196	1227
1196	1228
1196	1258
1196	1259
1196	1300
1196	1308
1196	1312
1196	1335
1196	1348
1196	1349
1196	1410
1196	1411
1196	1433
1196	1434
1196	1435
1196	1442
1196	1484
1196	1495
1196	1497
1196	1498
1196	1510
1196	1513
1196	1537
1196	1538
1196	1557
1196	1572
1196	1573
1196	1579
1196	1623
1196	1624
1196	1625
1196	1633
1197	1198
1197	1199
1197	1209
1197	1227
1197	1228
1197	1233
1197	1239
1197	1253
1197	1258
1197	1259
1197	1288
1197	1291
1197	1313
1197	1319
1197	1350
1197	1351
1197	1410
1197	1411
1197	1433
1197	1434
1197	1435
1197	1464
1197	1466
1197	1478
1197	1496
1197	1499
1197	1502
1197	1511
1197	1523
1197	1537
1197	1538
1197	1544
1197	1572
1197	1573
1197	1589
1197	1617
1197	1623
1197	1624
1197	1625
1197	1634
1198	1199
1198	1215
1198	1227
1198	1228
1198	1239
1198	1258
1198	1259
1198	1266
1198	1295
1198	1309
1198	1310
1198	1314
1198	1327
1198	1352
1198	1407
1198	1410
1198	1411
1198	1417
1198	1430
1198	1433
1198	1434
1198	1435
1198	1444
1198	1447
1198	1493
1198	1495
1198	1497
1198	1500
1198	1537
1198	1538
1198	1557
1198	1572
1198	1573
1198	1623
1198	1624
1198	1625
1198	1635
1199	1227
1199	1228
1199	1239
1199	1258
1199	1259
1199	1281
1199	1307
1199	1311
1199	1315
1199	1353
1199	1410
1199	1411
1199	1429
1199	1433
1199	1434
1199	1435
1199	1497
1199	1523
1199	1537
1199	1538
1199	1572
1199	1573
1199	1619
1199	1623
1199	1624
1199	1625
1200	1201
1200	1202
1200	1203
1200	1204
1200	1207
1200	1216
1200	1220
1200	1260
1200	1261
1200	1276
1200	1277
1200	1305
1200	1316
1200	1320
1200	1321
1200	1354
1200	1436
1200	1437
1200	1438
1200	1440
1200	1449
1200	1450
1200	1451
1200	1501
1200	1503
1200	1507
1200	1521
1200	1539
1200	1540
1200	1551
1200	1574
1200	1575
1200	1626
1200	1627
1200	1628
1201	1202
1201	1203
1201	1205
1201	1217
1201	1220
1201	1252
1201	1260
1201	1261
1201	1276
1201	1277
1201	1293
1201	1317
1201	1322
1201	1325
1201	1355
1201	1428
1201	1436
1201	1437
1201	1438
1201	1449
1201	1450
1201	1451
1201	1490
1201	1502
1201	1504
1201	1508
1201	1530
1201	1539
1201	1540
1201	1551
1201	1552
1201	1574
1201	1575
1201	1615
1201	1626
1201	1627
1201	1628
1202	1203
1202	1206
1202	1218
1202	1229
1202	1238
1202	1260
1202	1261
1202	1264
1202	1276
1202	1277
1202	1296
1202	1318
1202	1356
1202	1357
1202	1359
1202	1362
1202	1365
1202	1396
1202	1436
1202	1437
1202	1438
1202	1441
1202	1449
1202	1450
1202	1451
1202	1465
1202	1482
1202	1493
1202	1501
1202	1502
1202	1505
1202	1507
1202	1509
1202	1518
1202	1539
1202	1540
1202	1563
1202	1567
1202	1574
1202	1575
1202	1591
1202	1626
1202	1627
1202	1628
1202	1632
1203	1219
1203	1233
1203	1239
1203	1260
1203	1261
1203	1276
1203	1277
1203	1285
1203	1313
1203	1319
1203	1323
1203	1343
1203	1358
1203	1359
1203	1365
1203	1380
1203	1429
1203	1436
1203	1437
1203	1438
1203	1449
1203	1450
1203	1451
1203	1464
1203	1465
1203	1466
1203	1471
1203	1473
1203	1490
1203	1494
1203	1501
1203	1502
1203	1506
1203	1509
1203	1530
1203	1531
1203	1539
1203	1540
1203	1551
1203	1563
1203	1574
1203	1575
1203	1593
1203	1616
1203	1626
1203	1627
1203	1628
1204	1205
1204	1206
1204	1208
1204	1220
1204	1231
1204	1232
1204	1262
1204	1301
1204	1308
1204	1316
1204	1320
1204	1324
1204	1336
1204	1359
1204	1419
1204	1420
1204	1421
1204	1439
1204	1442
1204	1486
1204	1495
1204	1500
1204	1503
1204	1515
1204	1541
1204	1542
1204	1560
1204	1576
1204	1577
1204	1579
1204	1629
1204	1630
1204	1633
1204	1644
1205	1206
1205	1209
1205	1231
1205	1232
1205	1253
1205	1262
1205	1317
1205	1320
1205	1325
1205	1360
1205	1419
1205	1420
1205	1421
1205	1439
1205	1443
1205	1468
1205	1480
1205	1496
1205	1504
1205	1541
1205	1542
1205	1544
1205	1576
1205	1577
1205	1617
1205	1629
1205	1630
1205	1644
1206	1221
1206	1231
1206	1232
1206	1262
1206	1266
1206	1299
1206	1309
1206	1318
1206	1320
1206	1329
1206	1357
1206	1360
1206	1361
1206	1362
1206	1394
1206	1419
1206	1420
1206	1421
1206	1422
1206	1439
1206	1444
1206	1493
1206	1497
1206	1498
1206	1500
1206	1501
1206	1505
1206	1541
1206	1542
1206	1560
1206	1576
1206	1577
1206	1618
1206	1622
1206	1629
1206	1630
1206	1635
1207	1208
1207	1222
1207	1238
1207	1242
1207	1263
1207	1264
1207	1269
1207	1272
1207	1289
1207	1302
1207	1316
1207	1321
1207	1322
1207	1324
1207	1361
1207	1395
1207	1410
1207	1426
1207	1431
1207	1432
1207	1436
1207	1440
1207	1441
1207	1459
1207	1471
1207	1498
1207	1501
1207	1507
1207	1508
1207	1510
1207	1519
1207	1543
1207	1545
1207	1578
1207	1620
1207	1631
1207	1632
1207	1645
1208	1209
1208	1223
1208	1244
1208	1253
1208	1265
1208	1266
1208	1302
1208	1320
1208	1321
1208	1324
1208	1333
1208	1367
1208	1398
1208	1404
1208	1405
1208	1412
1208	1439
1208	1442
1208	1443
1208	1444
1208	1453
1208	1493
1208	1507
1208	1510
1208	1512
1208	1544
1208	1569
1208	1572
1208	1576
1208	1579
1208	1594
1208	1623
1208	1633
1208	1634
1208	1635
1209	1223
1209	1244
1209	1253
1209	1265
1209	1266
1209	1287
1209	1317
1209	1322
1209	1325
1209	1368
1209	1369
1209	1384
1209	1404
1209	1405
1209	1437
1209	1442
1209	1443
1209	1444
1209	1476
1209	1508
1209	1511
1209	1534
1209	1537
1209	1541
1209	1544
1209	1579
1209	1624
1209	1633
1209	1634
1209	1635
1210	1211
1210	1218
1210	1247
1210	1250
1210	1267
1210	1268
1210	1270
1210	1274
1210	1278
1210	1326
1210	1330
1210	1332
1210	1374
1210	1375
1210	1398
1210	1445
1210	1446
1210	1447
1210	1450
1210	1452
1210	1453
1210	1454
1210	1510
1210	1512
1210	1519
1210	1545
1210	1568
1210	1580
1210	1636
1210	1637
1210	1638
1211	1213
1211	1219
1211	1247
1211	1250
1211	1267
1211	1268
1211	1278
1211	1286
1211	1309
1211	1314
1211	1327
1211	1344
1211	1376
1211	1377
1211	1381
1211	1398
1211	1407
1211	1417
1211	1434
1211	1445
1211	1446
1211	1447
1211	1451
1211	1452
1211	1453
1211	1454
1211	1474
1211	1514
1211	1532
1211	1545
1211	1553
1211	1580
1211	1599
1211	1636
1211	1637
1211	1638
1212	1213
1212	1214
1212	1240
1212	1241
1212	1270
1212	1271
1212	1303
1212	1330
1212	1331
1212	1337
1212	1365
1212	1368
1212	1383
1212	1384
1212	1401
1212	1436
1212	1437
1212	1438
1212	1449
1212	1450
1212	1451
1212	1458
1212	1485
1212	1503
1212	1515
1212	1517
1212	1520
1212	1521
1212	1564
1212	1581
1212	1582
1212	1642
1212	1643
1212	1644
1212	1649
1213	1240
1213	1241
1213	1270
1213	1271
1213	1282
1213	1310
1213	1327
1213	1330
1213	1385
1213	1436
1213	1437
1213	1438
1213	1447
1213	1449
1213	1450
1213	1451
1213	1467
1213	1469
1213	1485
1213	1486
1213	1500
1213	1516
1213	1526
1213	1581
1213	1582
1213	1609
1213	1638
1213	1642
1213	1643
1213	1644
1214	1215
1214	1255
1214	1256
1214	1263
1214	1269
1214	1272
1214	1273
1214	1328
1214	1331
1214	1334
1214	1363
1214	1366
1214	1378
1214	1386
1214	1399
1214	1402
1214	1431
1214	1478
1214	1483
1214	1487
1214	1495
1214	1513
1214	1515
1214	1517
1214	1518
1214	1519
1214	1535
1214	1547
1214	1548
1214	1555
1214	1570
1214	1571
1214	1578
1214	1639
1214	1645
1214	1646
1214	1647
1215	1244
1215	1255
1215	1256
1215	1272
1215	1273
1215	1294
1215	1326
1215	1330
1215	1332
1215	1389
1215	1495
1215	1497
1215	1513
1215	1517
1215	1547
1215	1548
1215	1555
1215	1556
1215	1570
1215	1645
1215	1646
1215	1647
1216	1217
1216	1218
1216	1219
1216	1220
1216	1246
1216	1247
1216	1250
1216	1274
1216	1275
1216	1278
1216	1391
1216	1445
1216	1446
1216	1447
1216	1452
1216	1453
1216	1454
1216	1458
1216	1507
1216	1519
1216	1520
1216	1521
1216	1549
1216	1550
1216	1566
1216	1580
1216	1583
1216	1584
1216	1648
1216	1649
1217	1218
1217	1219
1217	1222
1217	1246
1217	1247
1217	1250
1217	1267
1217	1274
1217	1275
1217	1278
1217	1292
1217	1324
1217	1333
1217	1336
1217	1392
1217	1412
1217	1442
1217	1445
1217	1446
1217	1447
1217	1452
1217	1453
1217	1454
1217	1459
1217	1471
1217	1489
1217	1490
1217	1521
1217	1529
1217	1549
1217	1550
1217	1553
1217	1580
1217	1583
1217	1584
1217	1636
1217	1648
1218	1219
1218	1221
1218	1246
1218	1247
1218	1263
1218	1269
1218	1274
1218	1275
1218	1279
1218	1299
1218	1328
1218	1329
1218	1331
1218	1334
1218	1337
1218	1393
1218	1394
1218	1445
1218	1446
1218	1447
1218	1448
1218	1452
1218	1453
1218	1454
1218	1460
1218	1483
1218	1489
1218	1507
1218	1512
1218	1517
1218	1519
1218	1521
1218	1549
1218	1550
1218	1566
1218	1583
1218	1584
1218	1608
1218	1637
1218	1648
1219	1246
1219	1247
1219	1274
1219	1275
1219	1284
1219	1312
1219	1335
1219	1445
1219	1446
1219	1447
1219	1452
1219	1453
1219	1454
1219	1471
1219	1484
1219	1489
1219	1519
1219	1529
1219	1549
1219	1550
1219	1583
1219	1584
1219	1638
1219	1648
1220	1221
1220	1251
1220	1260
1220	1261
1220	1276
1220	1277
1220	1279
1220	1328
1220	1336
1220	1401
1220	1415
1220	1416
1220	1417
1220	1455
1220	1456
1220	1457
1220	1480
1220	1485
1220	1490
1220	1498
1220	1513
1220	1515
1220	1517
1220	1520
1220	1539
1220	1551
1220	1552
1220	1558
1220	1562
1220	1574
1220	1575
1220	1578
1220	1614
1220	1626
1221	1248
1221	1260
1221	1261
1221	1276
1221	1277
1221	1296
1221	1328
1221	1331
1221	1334
1221	1395
1221	1396
1221	1415
1221	1416
1221	1417
1221	1455
1221	1456
1221	1457
1221	1498
1221	1500
1221	1515
1221	1519
1221	1551
1221	1552
1221	1558
1221	1559
1221	1574
1221	1610
1221	1640
1222	1236
1222	1267
1222	1278
1222	1279
1222	1289
1222	1302
1222	1321
1222	1333
1222	1399
1222	1400
1222	1428
1222	1429
1222	1453
1222	1458
1222	1459
1222	1460
1222	1483
1222	1485
1222	1489
1222	1521
1222	1545
1222	1549
1222	1553
1222	1643
1222	1649
1222	1650
1223	1224
1223	1228
1223	1232
1223	1235
1223	1238
1223	1253
1223	1265
1223	1266
1223	1343
1223	1375
1223	1404
1223	1405
1223	1406
1223	1442
1223	1443
1223	1444
1223	1481
1223	1482
1223	1493
1223	1522
1223	1538
1223	1542
1223	1544
1223	1554
1223	1556
1223	1579
1223	1585
1223	1586
1223	1587
1223	1633
1223	1634
1223	1635
1224	1234
1224	1235
1224	1239
1224	1254
1224	1266
1224	1286
1224	1338
1224	1339
1224	1340
1224	1345
1224	1377
1224	1406
1224	1407
1224	1408
1224	1412
1224	1413
1224	1414
1224	1461
1224	1464
1224	1494
1224	1522
1224	1523
1224	1528
1224	1554
1224	1561
1224	1585
1224	1586
1224	1587
1224	1594
1224	1595
1224	1596
1224	1616
1224	1619
1225	1226
1225	1233
1225	1242
1225	1243
1225	1244
1225	1245
1225	1257
1225	1342
1225	1344
1225	1350
1225	1404
1225	1405
1225	1409
1225	1422
1225	1442
1225	1443
1225	1444
1225	1462
1225	1470
1225	1496
1225	1504
1225	1506
1225	1527
1225	1528
1225	1530
1225	1544
1225	1555
1225	1556
1225	1565
1225	1593
1225	1605
1225	1606
1225	1622
1226	1242
1226	1243
1226	1244
1226	1245
1226	1257
1226	1338
1226	1342
1226	1345
1226	1351
1226	1379
1226	1404
1226	1405
1226	1409
1226	1422
1226	1442
1226	1443
1226	1444
1226	1462
1226	1466
1226	1468
1226	1469
1226	1470
1226	1496
1226	1506
1226	1525
1226	1527
1226	1528
1226	1531
1226	1544
1226	1555
1226	1556
1226	1565
1226	1605
1226	1606
1227	1228
1227	1234
1227	1242
1227	1258
1227	1259
1227	1406
1227	1407
1227	1408
1227	1410
1227	1411
1227	1412
1227	1413
1227	1414
1227	1433
1227	1434
1227	1435
1227	1484
1227	1497
1227	1514
1227	1523
1227	1532
1227	1537
1227	1538
1227	1557
1227	1561
1227	1572
1227	1573
1227	1588
1227	1589
1227	1594
1227	1623
1227	1624
1227	1625
1228	1243
1228	1258
1228	1259
1228	1288
1228	1319
1228	1341
1228	1343
1228	1406
1228	1407
1228	1408
1228	1410
1228	1411
1228	1412
1228	1413
1228	1414
1228	1433
1228	1434
1228	1435
1228	1477
1228	1479
1228	1497
1228	1514
1228	1523
1228	1534
1228	1537
1228	1538
1228	1557
1228	1561
1228	1572
1228	1573
1228	1588
1228	1589
1228	1595
1228	1623
1228	1624
1228	1625
1229	1230
1229	1233
1229	1248
1229	1249
1229	1346
1229	1350
1229	1366
1229	1411
1229	1418
1229	1423
1229	1424
1229	1438
1229	1463
1229	1473
1229	1499
1229	1508
1229	1509
1229	1525
1229	1527
1229	1530
1229	1531
1229	1558
1229	1559
1229	1567
1229	1590
1229	1591
1229	1592
1229	1609
1229	1610
1229	1611
1230	1233
1230	1239
1230	1248
1230	1249
1230	1347
1230	1351
1230	1366
1230	1418
1230	1423
1230	1424
1230	1463
1230	1464
1230	1466
1230	1472
1230	1473
1230	1499
1230	1509
1230	1522
1230	1525
1230	1528
1230	1530
1230	1531
1230	1558
1230	1559
1230	1563
1230	1567
1230	1590
1230	1591
1230	1592
1230	1593
1230	1609
1230	1610
1230	1611
1231	1232
1231	1234
1231	1262
1231	1352
1231	1385
1231	1409
1231	1412
1231	1419
1231	1420
1231	1421
1231	1422
1231	1439
1231	1481
1231	1486
1231	1500
1231	1516
1231	1526
1231	1541
1231	1542
1231	1560
1231	1576
1231	1577
1231	1594
1231	1629
1231	1630
1232	1262
1232	1298
1232	1360
1232	1385
1232	1409
1232	1413
1232	1419
1232	1420
1232	1421
1232	1422
1232	1439
1232	1477
1232	1481
1232	1500
1232	1516
1232	1524
1232	1534
1232	1541
1232	1542
1232	1560
1232	1576
1232	1577
1232	1585
1232	1595
1232	1629
1232	1630
1233	1235
1233	1238
1233	1239
1233	1251
1233	1264
1233	1285
1233	1288
1233	1297
1233	1313
1233	1319
1233	1346
1233	1347
1233	1350
1233	1351
1233	1353
1233	1358
1233	1387
1233	1410
1233	1411
1233	1418
1233	1423
1233	1424
1233	1433
1233	1434
1233	1435
1233	1464
1233	1466
1233	1502
1233	1525
1233	1530
1233	1531
1233	1537
1233	1538
1233	1563
1233	1592
1233	1593
1233	1600
1233	1601
1233	1602
1233	1609
1233	1628
1234	1235
1234	1253
1234	1254
1234	1258
1234	1265
1234	1302
1234	1309
1234	1344
1234	1348
1234	1352
1234	1376
1234	1377
1234	1381
1234	1406
1234	1407
1234	1408
1234	1409
1234	1412
1234	1413
1234	1414
1234	1425
1234	1426
1234	1427
1234	1430
1234	1442
1234	1477
1234	1497
1234	1529
1234	1532
1234	1534
1234	1557
1234	1561
1234	1569
1234	1588
1234	1594
1234	1595
1234	1596
1234	1599
1234	1617
1234	1618
1234	1619
1234	1633
1234	1638
1235	1254
1235	1266
1235	1339
1235	1340
1235	1350
1235	1353
1235	1406
1235	1407
1235	1408
1235	1412
1235	1413
1235	1414
1235	1461
1235	1494
1235	1522
1235	1523
1235	1530
1235	1554
1235	1561
1235	1585
1235	1586
1235	1587
1235	1594
1235	1595
1235	1596
1235	1616
1236	1237
1236	1238
1236	1241
1236	1247
1236	1251
1236	1267
1236	1278
1236	1279
1236	1354
1236	1357
1236	1359
1236	1415
1236	1416
1236	1417
1236	1419
1236	1428
1236	1429
1236	1455
1236	1456
1236	1457
1236	1458
1236	1459
1236	1460
1236	1492
1236	1524
1236	1533
1236	1536
1236	1545
1236	1550
1236	1553
1236	1562
1236	1597
1236	1598
1236	1599
1236	1607
1236	1649
1236	1650
1237	1239
1237	1250
1237	1251
1237	1261
1237	1268
1237	1279
1237	1309
1237	1355
1237	1358
1237	1360
1237	1368
1237	1369
1237	1384
1237	1415
1237	1416
1237	1417
1237	1421
1237	1425
1237	1426
1237	1427
1237	1430
1237	1447
1237	1455
1237	1456
1237	1457
1237	1475
1237	1511
1237	1524
1237	1532
1237	1534
1237	1538
1237	1546
1237	1551
1237	1552
1237	1562
1237	1568
1237	1597
1237	1598
1237	1599
1237	1612
1237	1613
1237	1614
1237	1638
1238	1239
1238	1243
1238	1263
1238	1264
1238	1269
1238	1318
1238	1354
1238	1356
1238	1357
1238	1362
1238	1387
1238	1388
1238	1394
1238	1418
1238	1422
1238	1423
1238	1424
1238	1431
1238	1432
1238	1440
1238	1441
1238	1465
1238	1482
1238	1501
1238	1518
1238	1525
1238	1533
1238	1535
1238	1536
1238	1540
1238	1543
1238	1563
1238	1567
1238	1571
1238	1578
1238	1600
1238	1601
1238	1602
1238	1609
1238	1622
1238	1631
1238	1632
1239	1245
1239	1249
1239	1264
1239	1285
1239	1288
1239	1297
1239	1313
1239	1314
1239	1315
1239	1319
1239	1347
1239	1350
1239	1351
1239	1355
1239	1358
1239	1410
1239	1411
1239	1418
1239	1423
1239	1424
1239	1433
1239	1434
1239	1435
1239	1464
1239	1466
1239	1502
1239	1525
1239	1530
1239	1531
1239	1534
1239	1537
1239	1538
1239	1548
1239	1563
1239	1573
1239	1592
1239	1593
1239	1600
1239	1601
1239	1602
1239	1611
1239	1625
1239	1628
1239	1641
1240	1241
1240	1242
1240	1250
1240	1270
1240	1271
1240	1359
1240	1361
1240	1367
1240	1419
1240	1420
1240	1421
1240	1425
1240	1436
1240	1437
1240	1438
1240	1439
1240	1449
1240	1450
1240	1451
1240	1467
1240	1486
1240	1503
1240	1520
1240	1526
1240	1539
1240	1543
1240	1549
1240	1564
1240	1581
1240	1582
1240	1603
1240	1604
1240	1612
1240	1642
1240	1643
1240	1644
1241	1243
1241	1270
1241	1271
1241	1354
1241	1359
1241	1362
1241	1365
1241	1415
1241	1419
1241	1420
1241	1421
1241	1426
1241	1436
1241	1437
1241	1438
1241	1439
1241	1449
1241	1450
1241	1451
1241	1467
1241	1486
1241	1488
1241	1503
1241	1526
1241	1540
1241	1545
1241	1550
1241	1564
1241	1581
1241	1582
1241	1603
1241	1604
1241	1613
1241	1642
1241	1643
1241	1644
1242	1243
1242	1244
1242	1245
1242	1255
1242	1256
1242	1257
1242	1263
1242	1269
1242	1272
1242	1273
1242	1356
1242	1361
1242	1379
1242	1409
1242	1422
1242	1431
1242	1432
1242	1440
1242	1441
1242	1469
1242	1479
1242	1483
1242	1505
1242	1513
1242	1514
1242	1518
1242	1519
1242	1527
1242	1528
1242	1535
1242	1536
1242	1539
1242	1543
1242	1553
1242	1565
1242	1570
1242	1571
1242	1578
1242	1605
1242	1606
1242	1620
1242	1621
1242	1622
1242	1639
1243	1244
1243	1245
1243	1255
1243	1256
1243	1257
1243	1272
1243	1273
1243	1318
1243	1357
1243	1359
1243	1362
1243	1379
1243	1409
1243	1422
1243	1431
1243	1432
1243	1440
1243	1441
1243	1469
1243	1479
1243	1505
1243	1527
1243	1528
1243	1533
1243	1535
1243	1536
1243	1540
1243	1543
1243	1565
1243	1570
1243	1571
1243	1605
1243	1606
1243	1620
1243	1621
1243	1622
1244	1245
1244	1253
1244	1257
1244	1265
1244	1294
1244	1324
1244	1325
1244	1326
1244	1342
1244	1389
1244	1404
1244	1405
1244	1409
1244	1422
1244	1442
1244	1443
1244	1444
1244	1462
1244	1470
1244	1476
1244	1495
1244	1496
1244	1506
1244	1512
1244	1527
1244	1528
1244	1537
1244	1541
1244	1544
1244	1555
1244	1556
1244	1565
1244	1579
1244	1601
1244	1605
1244	1606
1244	1617
1244	1647
1245	1257
1245	1342
1245	1358
1245	1360
1245	1404
1245	1405
1245	1409
1245	1418
1245	1422
1245	1442
1245	1443
1245	1444
1245	1462
1245	1470
1245	1496
1245	1506
1245	1527
1245	1528
1245	1538
1245	1542
1245	1544
1245	1555
1245	1556
1245	1565
1245	1602
1245	1605
1245	1606
1246	1247
1246	1250
1246	1274
1246	1275
1246	1365
1246	1367
1246	1425
1246	1445
1246	1446
1246	1447
1246	1448
1246	1452
1246	1453
1246	1454
1246	1471
1246	1489
1246	1507
1246	1521
1246	1529
1246	1545
1246	1549
1246	1550
1246	1566
1246	1583
1246	1584
1246	1607
1246	1608
1246	1612
1246	1648
1247	1250
1247	1268
1247	1274
1247	1275
1247	1292
1247	1324
1247	1326
1247	1327
1247	1392
1247	1426
1247	1445
1247	1446
1247	1447
1247	1448
1247	1452
1247	1453
1247	1454
1247	1471
1247	1474
1247	1489
1247	1491
1247	1507
1247	1510
1247	1529
1247	1533
1247	1545
1247	1549
1247	1550
1247	1566
1247	1580
1247	1583
1247	1584
1247	1597
1247	1607
1247	1608
1247	1613
1247	1648
1248	1249
1248	1296
1248	1328
1248	1363
1248	1366
1248	1371
1248	1378
1248	1402
1248	1418
1248	1423
1248	1424
1248	1457
1248	1463
1248	1473
1248	1478
1248	1498
1248	1499
1248	1509
1248	1513
1248	1525
1248	1530
1248	1531
1248	1537
1248	1547
1248	1558
1248	1559
1248	1567
1248	1590
1248	1591
1248	1592
1248	1601
1248	1609
1248	1610
1248	1611
1249	1358
1249	1364
1249	1366
1249	1418
1249	1423
1249	1424
1249	1463
1249	1473
1249	1499
1249	1509
1249	1525
1249	1530
1249	1531
1249	1538
1249	1546
1249	1548
1249	1558
1249	1559
1249	1567
1249	1590
1249	1591
1249	1592
1249	1602
1249	1609
1249	1610
1249	1611
1250	1251
1250	1267
1250	1268
1250	1278
1250	1302
1250	1333
1250	1367
1250	1370
1250	1398
1250	1425
1250	1426
1250	1427
1250	1430
1250	1445
1250	1446
1250	1447
1250	1452
1250	1453
1250	1454
1250	1458
1250	1474
1250	1489
1250	1510
1250	1532
1250	1539
1250	1545
1250	1549
1250	1550
1250	1553
1250	1568
1250	1580
1250	1583
1250	1594
1250	1603
1250	1612
1250	1613
1250	1614
1250	1633
1250	1636
1250	1637
1250	1638
1250	1648
1250	1649
1251	1261
1251	1268
1251	1279
1251	1363
1251	1368
1251	1369
1251	1371
1251	1384
1251	1415
1251	1416
1251	1417
1251	1425
1251	1426
1251	1427
1251	1430
1251	1455
1251	1456
1251	1457
1251	1475
1251	1502
1251	1504
1251	1508
1251	1511
1251	1524
1251	1532
1251	1541
1251	1551
1251	1552
1251	1562
1251	1568
1251	1597
1251	1598
1251	1599
1251	1612
1251	1613
1251	1614
1252	1253
1252	1256
1252	1261
1252	1267
1252	1280
1252	1372
1252	1375
1252	1378
1252	1428
1252	1429
1252	1431
1252	1458
1252	1459
1252	1460
1252	1487
1252	1490
1252	1533
1252	1556
1252	1562
1252	1615
1252	1616
1252	1626
1253	1254
1253	1265
1253	1266
1253	1269
1253	1372
1253	1374
1253	1375
1253	1380
1253	1404
1253	1405
1253	1425
1253	1426
1253	1427
1253	1430
1253	1433
1253	1442
1253	1443
1253	1444
1253	1476
1253	1512
1253	1534
1253	1544
1253	1555
1253	1556
1253	1569
1253	1579
1253	1617
1253	1618
1253	1619
1253	1629
1253	1633
1253	1634
1253	1635
1254	1258
1254	1259
1254	1265
1254	1286
1254	1309
1254	1340
1254	1344
1254	1373
1254	1376
1254	1377
1254	1381
1254	1382
1254	1406
1254	1407
1254	1408
1254	1412
1254	1413
1254	1414
1254	1425
1254	1426
1254	1427
1254	1430
1254	1435
1254	1477
1254	1497
1254	1534
1254	1554
1254	1557
1254	1561
1254	1565
1254	1569
1254	1587
1254	1594
1254	1595
1254	1596
1254	1599
1254	1617
1254	1618
1254	1619
1254	1638
1255	1256
1255	1257
1255	1263
1255	1272
1255	1273
1255	1378
1255	1386
1255	1431
1255	1432
1255	1440
1255	1441
1255	1478
1255	1487
1255	1513
1255	1520
1255	1535
1255	1536
1255	1547
1255	1548
1255	1558
1255	1566
1255	1570
1255	1571
1255	1578
1255	1620
1255	1621
1255	1622
1255	1645
1255	1646
1255	1647
1256	1257
1256	1272
1256	1273
1256	1291
1256	1323
1256	1341
1256	1366
1256	1372
1256	1378
1256	1380
1256	1404
1256	1428
1256	1431
1256	1432
1256	1440
1256	1441
1256	1473
1256	1478
1256	1483
1256	1485
1256	1487
1256	1488
1256	1509
1256	1513
1256	1535
1256	1536
1256	1547
1256	1548
1256	1559
1256	1570
1256	1571
1256	1578
1256	1620
1256	1621
1256	1622
1256	1631
1256	1645
1256	1646
1256	1647
1257	1259
1257	1271
1257	1272
1257	1273
1257	1342
1257	1373
1257	1379
1257	1382
1257	1388
1257	1409
1257	1422
1257	1429
1257	1431
1257	1432
1257	1440
1257	1441
1257	1465
1257	1467
1257	1469
1257	1470
1257	1479
1257	1505
1257	1527
1257	1528
1257	1535
1257	1536
1257	1543
1257	1565
1257	1567
1257	1570
1257	1571
1257	1605
1257	1606
1257	1616
1257	1620
1257	1621
1257	1622
1258	1259
1258	1266
1258	1292
1258	1293
1258	1295
1258	1327
1258	1352
1258	1376
1258	1381
1258	1406
1258	1407
1258	1408
1258	1410
1258	1411
1258	1412
1258	1413
1258	1414
1258	1430
1258	1433
1258	1434
1258	1435
1258	1477
1258	1495
1258	1497
1258	1514
1258	1523
1258	1537
1258	1538
1258	1557
1258	1560
1258	1561
1258	1572
1258	1573
1258	1588
1258	1589
1258	1618
1258	1623
1258	1624
1258	1625
1258	1635
1259	1377
1259	1379
1259	1382
1259	1406
1259	1407
1259	1408
1259	1410
1259	1411
1259	1412
1259	1413
1259	1414
1259	1433
1259	1434
1259	1435
1259	1497
1259	1514
1259	1523
1259	1537
1259	1538
1259	1557
1259	1561
1259	1572
1259	1573
1259	1588
1259	1589
1259	1619
1259	1623
1259	1624
1259	1625
1260	1261
1260	1263
1260	1276
1260	1277
1260	1383
1260	1386
1260	1401
1260	1415
1260	1416
1260	1417
1260	1436
1260	1437
1260	1438
1260	1440
1260	1449
1260	1450
1260	1451
1260	1455
1260	1456
1260	1457
1260	1480
1260	1490
1260	1515
1260	1521
1260	1539
1260	1540
1260	1551
1260	1552
1260	1562
1260	1564
1260	1566
1260	1574
1260	1575
1260	1626
1260	1627
1260	1628
1261	1276
1261	1277
1261	1293
1261	1294
1261	1295
1261	1325
1261	1355
1261	1384
1261	1401
1261	1415
1261	1416
1261	1417
1261	1436
1261	1437
1261	1438
1261	1449
1261	1450
1261	1451
1261	1455
1261	1456
1261	1457
1261	1475
1261	1480
1261	1483
1261	1490
1261	1491
1261	1511
1261	1515
1261	1524
1261	1539
1261	1540
1261	1551
1261	1552
1261	1562
1261	1574
1261	1575
1261	1590
1261	1614
1261	1615
1261	1626
1261	1627
1261	1628
1261	1631
1262	1266
1262	1329
1262	1376
1262	1379
1262	1385
1262	1390
1262	1409
1262	1419
1262	1420
1262	1421
1262	1422
1262	1430
1262	1439
1262	1444
1262	1479
1262	1481
1262	1498
1262	1500
1262	1516
1262	1541
1262	1542
1262	1557
1262	1560
1262	1561
1262	1576
1262	1577
1262	1618
1262	1629
1262	1630
1263	1264
1263	1265
1263	1269
1263	1272
1263	1278
1263	1299
1263	1321
1263	1322
1263	1331
1263	1334
1263	1348
1263	1361
1263	1383
1263	1386
1263	1389
1263	1393
1263	1394
1263	1395
1263	1410
1263	1431
1263	1432
1263	1436
1263	1440
1263	1441
1263	1448
1263	1483
1263	1507
1263	1508
1263	1517
1263	1519
1263	1529
1263	1543
1263	1546
1263	1558
1263	1566
1263	1568
1263	1570
1263	1571
1263	1578
1263	1607
1263	1620
1263	1631
1263	1632
1263	1639
1263	1640
1263	1641
1263	1645
1264	1266
1264	1269
1264	1279
1264	1318
1264	1350
1264	1356
1264	1357
1264	1387
1264	1388
1264	1390
1264	1418
1264	1423
1264	1424
1264	1431
1264	1432
1264	1438
1264	1440
1264	1441
1264	1465
1264	1482
1264	1501
1264	1518
1264	1525
1264	1530
1264	1535
1264	1536
1264	1543
1264	1560
1264	1563
1264	1567
1264	1578
1264	1600
1264	1601
1264	1602
1264	1609
1264	1622
1264	1631
1264	1632
1265	1266
1265	1280
1265	1302
1265	1374
1265	1375
1265	1386
1265	1389
1265	1404
1265	1405
1265	1412
1265	1425
1265	1426
1265	1427
1265	1430
1265	1439
1265	1442
1265	1443
1265	1444
1265	1476
1265	1512
1265	1534
1265	1544
1265	1555
1265	1556
1265	1566
1265	1568
1265	1569
1265	1572
1265	1576
1265	1579
1265	1594
1265	1617
1265	1618
1265	1619
1265	1623
1265	1633
1265	1634
1265	1635
1266	1385
1266	1387
1266	1390
1266	1404
1266	1405
1266	1442
1266	1443
1266	1444
1266	1493
1266	1522
1266	1544
1266	1554
1266	1557
1266	1560
1266	1561
1266	1579
1266	1585
1266	1586
1266	1587
1266	1625
1266	1633
1266	1634
1266	1635
1267	1268
1267	1269
1267	1278
1267	1279
1267	1391
1267	1394
1267	1428
1267	1429
1267	1445
1267	1446
1267	1447
1267	1449
1267	1452
1267	1453
1267	1454
1267	1458
1267	1459
1267	1460
1267	1521
1267	1545
1267	1553
1267	1571
1267	1580
1267	1583
1267	1584
1267	1636
1267	1637
1267	1638
1267	1648
1267	1649
1267	1650
1268	1271
1268	1275
1268	1278
1268	1302
1268	1309
1268	1367
1268	1392
1268	1398
1268	1417
1268	1425
1268	1426
1268	1427
1268	1430
1268	1445
1268	1446
1268	1447
1268	1451
1268	1452
1268	1453
1268	1454
1268	1474
1268	1489
1268	1510
1268	1532
1268	1545
1268	1549
1268	1550
1268	1568
1268	1569
1268	1573
1268	1580
1268	1594
1268	1599
1268	1612
1268	1613
1268	1614
1268	1633
1268	1636
1268	1637
1268	1638
1269	1272
1269	1273
1269	1277
1269	1299
1269	1321
1269	1322
1269	1331
1269	1334
1269	1357
1269	1361
1269	1386
1269	1391
1269	1393
1269	1394
1269	1395
1269	1396
1269	1431
1269	1432
1269	1440
1269	1441
1269	1448
1269	1483
1269	1507
1269	1508
1269	1517
1269	1519
1269	1536
1269	1543
1269	1546
1269	1566
1269	1570
1269	1571
1269	1578
1269	1582
1269	1622
1269	1631
1269	1632
1269	1639
1269	1640
1269	1641
1269	1645
1270	1271
1270	1279
1270	1298
1270	1320
1270	1330
1270	1359
1270	1419
1270	1420
1270	1421
1270	1436
1270	1437
1270	1438
1270	1439
1270	1446
1270	1449
1270	1450
1270	1451
1270	1467
1270	1486
1270	1503
1270	1504
1270	1505
1270	1510
1270	1526
1270	1564
1270	1568
1270	1576
1270	1579
1270	1581
1270	1582
1270	1603
1270	1604
1270	1629
1270	1637
1270	1642
1270	1643
1270	1644
1271	1359
1271	1360
1271	1392
1271	1419
1271	1420
1271	1421
1271	1436
1271	1437
1271	1438
1271	1439
1271	1447
1271	1449
1271	1450
1271	1451
1271	1467
1271	1469
1271	1486
1271	1500
1271	1503
1271	1526
1271	1564
1271	1577
1271	1581
1271	1582
1271	1603
1271	1604
1271	1638
1271	1642
1271	1643
1271	1644
1272	1273
1272	1280
1272	1378
1272	1393
1272	1395
1272	1431
1272	1432
1272	1440
1272	1441
1272	1478
1272	1483
1272	1487
1272	1513
1272	1517
1272	1519
1272	1535
1272	1536
1272	1543
1272	1547
1272	1548
1272	1570
1272	1571
1272	1574
1272	1578
1272	1620
1272	1621
1272	1622
1272	1639
1272	1645
1272	1646
1272	1647
1273	1318
1273	1378
1273	1394
1273	1396
1273	1422
1273	1431
1273	1432
1273	1440
1273	1441
1273	1448
1273	1478
1273	1487
1273	1513
1273	1535
1273	1536
1273	1547
1273	1548
1273	1570
1273	1571
1273	1575
1273	1578
1273	1620
1273	1621
1273	1622
1273	1645
1273	1646
1273	1647
1274	1275
1274	1279
1274	1299
1274	1331
1274	1399
1274	1402
1274	1445
1274	1446
1274	1447
1274	1448
1274	1452
1274	1453
1274	1454
1274	1460
1274	1471
1274	1489
1274	1507
1274	1508
1274	1510
1274	1529
1274	1545
1274	1549
1274	1550
1274	1566
1274	1568
1274	1583
1274	1584
1274	1607
1274	1608
1274	1637
1274	1648
1275	1400
1275	1445
1275	1446
1275	1447
1275	1448
1275	1452
1275	1453
1275	1454
1275	1471
1275	1489
1275	1507
1275	1529
1275	1545
1275	1546
1275	1549
1275	1550
1275	1566
1275	1569
1275	1583
1275	1584
1275	1607
1275	1608
1275	1638
1275	1648
1276	1277
1276	1280
1276	1365
1276	1393
1276	1397
1276	1401
1276	1403
1276	1415
1276	1416
1276	1417
1276	1436
1276	1437
1276	1438
1276	1449
1276	1450
1276	1451
1276	1455
1276	1456
1276	1457
1276	1480
1276	1485
1276	1490
1276	1515
1276	1517
1276	1520
1276	1539
1276	1540
1276	1551
1276	1552
1276	1562
1276	1570
1276	1574
1276	1575
1276	1578
1276	1581
1276	1626
1276	1627
1276	1628
1277	1320
1277	1330
1277	1394
1277	1398
1277	1401
1277	1415
1277	1416
1277	1417
1277	1436
1277	1437
1277	1438
1277	1449
1277	1450
1277	1451
1277	1455
1277	1456
1277	1457
1277	1480
1277	1490
1277	1515
1277	1539
1277	1540
1277	1551
1277	1552
1277	1562
1277	1571
1277	1574
1277	1575
1277	1580
1277	1582
1277	1609
1277	1626
1277	1627
1277	1628
1277	1639
1278	1279
1278	1280
1278	1333
1278	1367
1278	1397
1278	1403
1278	1425
1278	1428
1278	1429
1278	1445
1278	1446
1278	1447
1278	1452
1278	1453
1278	1454
1278	1458
1278	1459
1278	1460
1278	1519
1278	1520
1278	1521
1278	1545
1278	1549
1278	1553
1278	1574
1278	1580
1278	1581
1278	1583
1278	1584
1278	1612
1278	1636
1278	1637
1278	1638
1278	1642
1278	1648
1278	1649
1278	1650
1279	1368
1279	1399
1279	1415
1279	1416
1279	1417
1279	1428
1279	1429
1279	1454
1279	1455
1279	1456
1279	1457
1279	1458
1279	1459
1279	1460
1279	1492
1279	1501
1279	1503
1279	1507
1279	1524
1279	1551
1279	1553
1279	1562
1279	1564
1279	1566
1279	1576
1279	1597
1279	1598
1279	1599
1279	1644
1279	1649
1279	1650
1280	1401
1280	1403
1280	1428
1280	1429
1280	1455
1280	1458
1280	1459
1280	1460
1280	1512
1280	1513
1280	1515
1280	1533
1280	1570
1280	1574
1280	1578
1280	1583
1280	1615
1280	1616
1280	1645
1281	1283
1281	1288
1281	1291
1281	1293
1281	1295
1281	1307
1281	1338
1281	1345
1281	1351
1281	1353
1281	1429
1281	1461
1281	1466
1281	1523
1281	1615
1282	1283
1282	1284
1282	1286
1282	1298
1282	1310
1282	1319
1282	1341
1282	1342
1282	1344
1282	1350
1282	1377
1282	1385
1282	1404
1282	1405
1282	1407
1282	1442
1282	1443
1282	1444
1282	1500
1282	1526
1282	1556
1282	1585
1282	1617
1283	1285
1283	1288
1283	1291
1283	1311
1283	1340
1283	1341
1283	1342
1283	1347
1283	1404
1283	1405
1283	1408
1283	1442
1283	1443
1283	1444
1283	1461
1283	1463
1283	1469
1283	1470
1283	1473
1283	1527
1283	1528
1283	1556
1283	1585
1283	1617
1284	1285
1284	1286
1284	1292
1284	1299
1284	1312
1284	1329
1284	1343
1284	1344
1284	1345
1284	1377
1284	1406
1284	1407
1284	1408
1284	1412
1284	1413
1284	1414
1284	1464
1284	1474
1284	1484
1284	1497
1284	1529
1284	1586
1284	1587
1284	1618
1284	1619
1285	1286
1285	1293
1285	1297
1285	1313
1285	1340
1285	1341
1285	1343
1285	1344
1285	1345
1285	1358
1285	1380
1285	1404
1285	1406
1285	1407
1285	1408
1285	1412
1285	1413
1285	1414
1285	1462
1285	1463
1285	1464
1285	1466
1285	1473
1285	1475
1285	1497
1285	1502
1285	1530
1285	1531
1285	1586
1285	1587
1285	1593
1285	1618
1285	1619
1286	1307
1286	1309
1286	1314
1286	1340
1286	1343
1286	1344
1286	1345
1286	1353
1286	1373
1286	1376
1286	1377
1286	1381
1286	1405
1286	1406
1286	1407
1286	1408
1286	1412
1286	1413
1286	1414
1286	1417
1286	1434
1286	1447
1286	1532
1286	1586
1286	1587
1286	1599
1286	1618
1286	1619
1286	1638
1287	1288
1287	1290
1287	1291
1287	1302
1287	1304
1287	1317
1287	1346
1287	1347
1287	1351
1287	1368
1287	1369
1287	1384
1287	1437
1287	1466
1287	1468
1287	1472
1287	1534
1287	1620
1287	1621
1288	1290
1288	1291
1288	1300
1288	1304
1288	1319
1288	1323
1288	1342
1288	1346
1288	1347
1288	1350
1288	1351
1288	1369
1288	1388
1288	1404
1288	1411
1288	1431
1288	1461
1288	1463
1288	1464
1288	1465
1288	1466
1288	1470
1288	1473
1288	1499
1288	1502
1288	1525
1288	1537
1288	1538
1288	1589
1288	1620
1288	1621
1288	1624
1289	1290
1289	1291
1289	1292
1289	1302
1289	1319
1289	1321
1289	1333
1289	1335
1289	1348
1289	1349
1289	1350
1289	1351
1289	1399
1289	1400
1289	1410
1289	1411
1289	1412
1289	1433
1289	1434
1289	1435
1289	1471
1289	1489
1289	1545
1289	1588
1289	1589
1289	1623
1289	1624
1290	1291
1290	1293
1290	1300
1290	1302
1290	1322
1290	1341
1290	1347
1290	1348
1290	1349
1290	1350
1290	1351
1290	1363
1290	1364
1290	1404
1290	1410
1290	1411
1290	1413
1290	1433
1290	1434
1290	1435
1290	1463
1290	1472
1290	1508
1290	1546
1290	1588
1290	1589
1290	1623
1290	1624
1291	1293
1291	1300
1291	1304
1291	1319
1291	1323
1291	1338
1291	1346
1291	1347
1291	1348
1291	1349
1291	1350
1291	1351
1291	1364
1291	1406
1291	1410
1291	1411
1291	1433
1291	1434
1291	1435
1291	1466
1291	1473
1291	1547
1291	1548
1291	1588
1291	1589
1291	1621
1291	1623
1291	1624
1292	1293
1292	1307
1292	1324
1292	1327
1292	1352
1292	1353
1292	1373
1292	1392
1292	1406
1292	1407
1292	1408
1292	1410
1292	1412
1292	1413
1292	1414
1292	1434
1292	1442
1292	1453
1292	1467
1292	1474
1292	1489
1292	1549
1292	1550
1292	1625
1293	1295
1293	1305
1293	1325
1293	1338
1293	1343
1293	1349
1293	1352
1293	1353
1293	1355
1293	1406
1293	1407
1293	1408
1293	1412
1293	1413
1293	1414
1293	1434
1293	1437
1293	1464
1293	1468
1293	1475
1293	1551
1293	1552
1293	1625
1294	1295
1294	1296
1294	1298
1294	1325
1294	1326
1294	1354
1294	1355
1294	1363
1294	1380
1294	1389
1294	1415
1294	1416
1294	1417
1294	1437
1294	1455
1294	1456
1294	1457
1294	1476
1294	1483
1294	1555
1294	1556
1294	1590
1294	1626
1295	1297
1295	1300
1295	1305
1295	1327
1295	1343
1295	1349
1295	1352
1295	1354
1295	1355
1295	1407
1295	1415
1295	1416
1295	1417
1295	1418
1295	1434
1295	1437
1295	1447
1295	1455
1295	1456
1295	1457
1295	1477
1295	1481
1295	1484
1295	1497
1295	1557
1295	1590
1295	1626
1296	1297
1296	1299
1296	1313
1296	1328
1296	1331
1296	1356
1296	1357
1296	1358
1296	1380
1296	1395
1296	1396
1296	1418
1296	1423
1296	1424
1296	1438
1296	1478
1296	1485
1296	1558
1296	1559
1296	1591
1296	1592
1296	1610
1296	1627
1296	1628
1297	1309
1297	1341
1297	1343
1297	1356
1297	1357
1297	1358
1297	1362
1297	1380
1297	1417
1297	1418
1297	1423
1297	1424
1297	1466
1297	1488
1297	1497
1297	1502
1297	1525
1297	1561
1297	1563
1297	1591
1297	1592
1297	1593
1297	1627
1297	1628
1298	1299
1298	1303
1298	1330
1298	1336
1298	1359
1298	1360
1298	1368
1298	1375
1298	1384
1298	1419
1298	1420
1298	1421
1298	1439
1298	1450
1298	1476
1298	1480
1298	1481
1298	1490
1298	1564
1298	1629
1299	1328
1299	1329
1299	1331
1299	1336
1299	1361
1299	1362
1299	1375
1299	1393
1299	1394
1299	1409
1299	1422
1299	1448
1299	1469
1299	1478
1299	1480
1299	1482
1299	1483
1299	1505
1299	1517
1299	1519
1299	1543
1299	1566
1299	1608
1299	1630
1300	1301
1300	1302
1300	1304
1300	1335
1300	1341
1300	1348
1300	1349
1300	1363
1300	1364
1300	1417
1300	1448
1300	1472
1300	1477
1300	1483
1300	1484
1300	1488
1300	1491
1300	1508
1300	1546
1300	1572
1300	1573
1300	1631
1301	1302
1301	1305
1301	1320
1301	1336
1301	1341
1301	1357
1301	1359
1301	1365
1301	1366
1301	1418
1301	1423
1301	1424
1301	1479
1301	1485
1301	1486
1301	1488
1301	1492
1301	1530
1301	1576
1301	1577
1301	1593
1301	1609
1301	1632
1302	1303
1302	1304
1302	1305
1302	1321
1302	1333
1302	1359
1302	1367
1302	1368
1302	1369
1302	1410
1302	1419
1302	1425
1302	1426
1302	1427
1302	1430
1302	1440
1302	1459
1302	1471
1302	1474
1302	1489
1302	1507
1302	1510
1302	1532
1302	1545
1302	1568
1302	1569
1302	1594
1302	1595
1302	1633
1302	1634
1303	1304
1303	1317
1303	1319
1303	1333
1303	1337
1303	1367
1303	1368
1303	1369
1303	1371
1303	1372
1303	1383
1303	1384
1303	1398
1303	1425
1303	1426
1303	1427
1303	1430
1303	1483
1303	1490
1303	1520
1303	1581
1303	1582
1303	1594
1303	1595
1303	1633
1303	1634
1304	1305
1304	1367
1304	1368
1304	1369
1304	1384
1304	1421
1304	1425
1304	1426
1304	1427
1304	1430
1304	1481
1304	1484
1304	1491
1304	1594
1304	1595
1304	1633
1304	1634
1305	1354
1305	1362
1305	1370
1305	1371
1305	1426
1305	1482
1305	1486
1305	1492
1305	1596
1305	1635
1306	1307
1306	1308
1306	1309
1306	1310
1306	1314
1306	1318
1306	1324
1306	1326
1306	1372
1306	1373
1306	1376
1306	1390
1306	1428
1306	1429
1306	1430
1306	1458
1306	1459
1306	1460
1306	1493
1306	1500
1306	1501
1306	1597
1306	1636
1307	1311
1307	1319
1307	1327
1307	1353
1307	1371
1307	1372
1307	1373
1307	1428
1307	1429
1307	1458
1307	1459
1307	1460
1307	1494
1307	1502
1307	1523
1307	1597
1307	1636
1308	1309
1308	1312
1308	1314
1308	1320
1308	1328
1308	1331
1308	1332
1308	1374
1308	1375
1308	1376
1308	1377
1308	1381
1308	1425
1308	1426
1308	1427
1308	1430
1308	1439
1308	1495
1308	1503
1308	1598
1308	1599
1308	1637
1308	1638
1309	1310
1309	1312
1309	1314
1309	1315
1309	1332
1309	1339
1309	1374
1309	1375
1309	1376
1309	1377
1309	1381
1309	1382
1309	1385
1309	1418
1309	1425
1309	1426
1309	1427
1309	1430
1309	1477
1309	1497
1309	1505
1309	1514
1309	1532
1309	1534
1309	1561
1309	1569
1309	1598
1309	1599
1309	1602
1309	1637
1309	1638
1309	1641
1310	1311
1310	1312
1310	1314
1310	1318
1310	1320
1310	1330
1310	1378
1310	1379
1310	1381
1310	1385
1310	1387
1310	1402
1310	1431
1310	1432
1310	1434
1310	1440
1310	1441
1310	1493
1310	1498
1310	1500
1310	1526
1310	1536
1310	1571
1310	1600
1310	1622
1310	1639
1311	1313
1311	1315
1311	1323
1311	1366
1311	1378
1311	1379
1311	1431
1311	1432
1311	1435
1311	1440
1311	1441
1311	1469
1311	1470
1311	1494
1311	1499
1311	1500
1311	1509
1311	1527
1311	1528
1311	1536
1311	1571
1311	1600
1311	1622
1311	1639
1312	1313
1312	1314
1312	1315
1312	1324
1312	1328
1312	1331
1312	1376
1312	1380
1312	1381
1312	1382
1312	1402
1312	1410
1312	1411
1312	1433
1312	1434
1312	1435
1312	1442
1312	1484
1312	1495
1312	1498
1312	1510
1312	1529
1312	1601
1312	1602
1312	1640
1312	1641
1313	1314
1313	1315
1313	1325
1313	1339
1313	1343
1313	1358
1313	1366
1313	1378
1313	1380
1313	1381
1313	1382
1313	1410
1313	1411
1313	1431
1313	1433
1313	1434
1313	1435
1313	1464
1313	1466
1313	1473
1313	1496
1313	1499
1313	1502
1313	1511
1313	1530
1313	1531
1313	1593
1313	1601
1313	1602
1313	1640
1313	1641
1314	1315
1314	1332
1314	1344
1314	1376
1314	1377
1314	1380
1314	1381
1314	1382
1314	1390
1314	1407
1314	1410
1314	1411
1314	1417
1314	1432
1314	1433
1314	1434
1314	1435
1314	1444
1314	1447
1314	1497
1314	1500
1314	1532
1314	1599
1314	1601
1314	1602
1314	1638
1314	1640
1314	1641
1315	1339
1315	1340
1315	1380
1315	1381
1315	1382
1315	1410
1315	1411
1315	1429
1315	1433
1315	1434
1315	1435
1315	1601
1315	1602
1315	1616
1315	1640
1315	1641
1316	1317
1316	1318
1316	1319
1316	1320
1316	1321
1316	1337
1316	1368
1316	1383
1316	1384
1316	1387
1316	1436
1316	1437
1316	1438
1316	1439
1316	1449
1316	1450
1316	1451
1316	1501
1316	1503
1316	1507
1316	1533
1316	1603
1316	1604
1316	1642
1316	1643
1317	1318
1317	1319
1317	1322
1317	1333
1317	1350
1317	1368
1317	1369
1317	1371
1317	1372
1317	1383
1317	1384
1317	1428
1317	1436
1317	1437
1317	1438
1317	1449
1317	1450
1317	1451
1317	1502
1317	1504
1317	1508
1317	1534
1317	1603
1317	1604
1317	1642
1317	1643
1318	1319
1318	1320
1318	1321
1318	1323
1318	1334
1318	1337
1318	1346
1318	1383
1318	1384
1318	1385
1318	1387
1318	1388
1318	1419
1318	1436
1318	1437
1318	1438
1318	1441
1318	1449
1318	1450
1318	1451
1318	1465
1318	1478
1318	1479
1318	1482
1318	1493
1318	1501
1318	1502
1318	1505
1318	1518
1318	1535
1318	1536
1318	1563
1318	1600
1318	1603
1318	1604
1318	1605
1318	1642
1318	1643
1318	1646
1319	1323
1319	1335
1319	1350
1319	1351
1319	1368
1319	1383
1319	1384
1319	1411
1319	1419
1319	1429
1319	1436
1319	1437
1319	1438
1319	1449
1319	1450
1319	1451
1319	1464
1319	1466
1319	1494
1319	1501
1319	1502
1319	1506
1319	1509
1319	1537
1319	1538
1319	1563
1319	1589
1319	1603
1319	1604
1319	1624
1319	1642
1319	1643
1320	1324
1320	1330
1320	1336
1320	1359
1320	1385
1320	1409
1320	1419
1320	1420
1320	1421
1320	1423
1320	1436
1320	1439
1320	1450
1320	1456
1320	1467
1320	1480
1320	1495
1320	1503
1320	1504
1320	1505
1320	1510
1320	1539
1320	1540
1320	1541
1320	1576
1320	1629
1320	1644
1321	1322
1321	1323
1321	1324
1321	1334
1321	1363
1321	1386
1321	1387
1321	1388
1321	1399
1321	1400
1321	1402
1321	1431
1321	1432
1321	1440
1321	1441
1321	1442
1321	1489
1321	1498
1321	1507
1321	1517
1321	1543
1321	1545
1321	1578
1321	1605
1321	1639
1321	1645
1321	1646
1322	1323
1322	1325
1322	1346
1322	1349
1322	1363
1322	1364
1322	1366
1322	1378
1322	1386
1322	1387
1322	1388
1322	1399
1322	1431
1322	1432
1322	1440
1322	1441
1322	1443
1322	1472
1322	1499
1322	1508
1322	1517
1322	1543
1322	1546
1322	1578
1322	1605
1322	1639
1322	1645
1322	1646
1323	1325
1323	1346
1323	1347
1323	1363
1323	1386
1323	1387
1323	1388
1323	1422
1323	1431
1323	1432
1323	1440
1323	1441
1323	1502
1323	1509
1323	1547
1323	1548
1323	1605
1323	1621
1323	1645
1323	1646
1324	1325
1324	1326
1324	1389
1324	1390
1324	1392
1324	1399
1324	1404
1324	1405
1324	1412
1324	1440
1324	1442
1324	1443
1324	1444
1324	1453
1324	1489
1324	1503
1324	1510
1324	1549
1324	1550
1324	1606
1324	1647
1325	1355
1325	1363
1325	1380
1325	1389
1325	1390
1325	1404
1325	1405
1325	1437
1325	1442
1325	1443
1325	1444
1325	1504
1325	1511
1325	1551
1325	1552
1325	1606
1325	1647
1326	1327
1326	1328
1326	1330
1326	1334
1326	1389
1326	1391
1326	1392
1326	1399
1326	1403
1326	1445
1326	1446
1326	1447
1326	1452
1326	1453
1326	1454
1326	1512
1326	1519
1326	1555
1326	1556
1326	1607
1326	1648
1327	1329
1327	1335
1327	1352
1327	1370
1327	1391
1327	1392
1327	1407
1327	1417
1327	1434
1327	1445
1327	1446
1327	1447
1327	1452
1327	1453
1327	1454
1327	1497
1327	1516
1327	1557
1327	1607
1327	1648
1328	1329
1328	1331
1328	1332
1328	1361
1328	1393
1328	1394
1328	1395
1328	1396
1328	1403
1328	1448
1328	1454
1328	1455
1328	1513
1328	1517
1328	1520
1328	1558
1328	1559
1328	1608
1328	1610
1329	1331
1329	1336
1329	1357
1329	1361
1329	1362
1329	1370
1329	1391
1329	1393
1329	1394
1329	1395
1329	1422
1329	1445
1329	1448
1329	1454
1329	1500
1329	1518
1329	1560
1329	1608
1329	1622
1329	1630
1330	1331
1330	1332
1330	1337
1330	1401
1330	1420
1330	1423
1330	1436
1330	1437
1330	1438
1330	1449
1330	1450
1330	1451
1330	1456
1330	1512
1330	1515
1330	1516
1330	1564
1330	1582
1330	1609
1330	1644
1331	1332
1331	1356
1331	1374
1331	1393
1331	1394
1331	1395
1331	1396
1331	1401
1331	1424
1331	1448
1331	1457
1331	1483
1331	1487
1331	1513
1331	1515
1331	1517
1331	1518
1331	1519
1331	1566
1331	1578
1331	1608
1331	1610
1331	1611
1332	1374
1332	1375
1332	1393
1332	1395
1332	1396
1332	1450
1332	1517
1332	1568
1332	1610
1332	1611
1333	1334
1333	1335
1333	1336
1333	1348
1333	1367
1333	1370
1333	1391
1333	1397
1333	1398
1333	1399
1333	1400
1333	1412
1333	1442
1333	1445
1333	1446
1333	1447
1333	1452
1333	1453
1333	1454
1333	1456
1333	1569
1333	1580
1333	1594
1333	1612
1333	1613
1333	1633
1333	1648
1333	1649
1333	1650
1334	1335
1334	1337
1334	1363
1334	1386
1334	1397
1334	1398
1334	1399
1334	1400
1334	1402
1334	1445
1334	1446
1334	1447
1334	1452
1334	1453
1334	1454
1334	1457
1334	1483
1334	1489
1334	1512
1334	1513
1334	1517
1334	1519
1334	1570
1334	1571
1334	1612
1334	1613
1334	1639
1334	1649
1334	1650
1335	1336
1335	1348
1335	1349
1335	1367
1335	1397
1335	1398
1335	1399
1335	1400
1335	1445
1335	1446
1335	1447
1335	1452
1335	1453
1335	1454
1335	1484
1335	1489
1335	1519
1335	1572
1335	1573
1335	1612
1335	1613
1335	1649
1335	1650
1336	1359
1336	1361
1336	1367
1336	1394
1336	1398
1336	1401
1336	1402
1336	1415
1336	1416
1336	1417
1336	1453
1336	1455
1336	1456
1336	1457
1336	1486
1336	1520
1336	1551
1336	1576
1336	1577
1336	1614
1337	1368
1337	1383
1337	1384
1337	1397
1337	1428
1337	1429
1337	1458
1337	1459
1337	1460
1337	1519
1337	1520
1337	1581
1337	1582
1338	1339
1338	1340
1338	1342
1338	1345
1338	1347
1338	1351
1338	1353
1338	1355
1338	1373
1338	1390
1338	1429
1338	1522
1338	1525
1338	1585
1338	1586
1338	1587
1338	1615
1339	1340
1339	1344
1339	1345
1339	1376
1339	1377
1339	1381
1339	1382
1339	1461
1339	1464
1339	1494
1339	1523
1339	1527
1339	1588
1339	1589
1339	1594
1339	1595
1339	1596
1339	1616
1340	1342
1340	1344
1340	1345
1340	1358
1340	1376
1340	1377
1340	1381
1340	1382
1340	1461
1340	1494
1340	1528
1340	1587
1340	1588
1340	1589
1340	1594
1340	1595
1340	1596
1340	1616
1340	1619
1341	1342
1341	1343
1341	1349
1341	1358
1341	1359
1341	1364
1341	1366
1341	1378
1341	1402
1341	1404
1341	1405
1341	1406
1341	1442
1341	1443
1341	1444
1341	1495
1341	1559
1341	1585
1341	1590
1341	1591
1341	1592
1341	1617
1341	1645
1341	1646
1341	1647
1342	1344
1342	1345
1342	1347
1342	1351
1342	1360
1342	1379
1342	1385
1342	1404
1342	1405
1342	1408
1342	1442
1342	1443
1342	1444
1342	1462
1342	1469
1342	1470
1342	1496
1342	1522
1342	1531
1342	1556
1342	1585
1342	1605
1342	1606
1342	1617
1343	1344
1343	1345
1343	1355
1343	1358
1343	1362
1343	1380
1343	1404
1343	1406
1343	1407
1343	1408
1343	1412
1343	1413
1343	1414
1343	1433
1343	1497
1343	1561
1343	1586
1343	1587
1343	1592
1343	1593
1343	1618
1343	1619
1343	1623
1343	1624
1343	1625
1343	1628
1344	1345
1344	1353
1344	1376
1344	1377
1344	1381
1344	1382
1344	1405
1344	1406
1344	1407
1344	1408
1344	1412
1344	1413
1344	1414
1344	1474
1344	1475
1344	1477
1344	1523
1344	1532
1344	1561
1344	1586
1344	1587
1344	1588
1344	1589
1344	1594
1344	1595
1344	1596
1344	1618
1344	1619
1345	1376
1345	1377
1345	1381
1345	1382
1345	1406
1345	1407
1345	1408
1345	1412
1345	1413
1345	1414
1345	1586
1345	1587
1345	1588
1345	1589
1345	1594
1345	1595
1345	1596
1345	1616
1345	1618
1345	1619
1346	1347
1346	1350
1346	1351
1346	1363
1346	1387
1346	1388
1346	1438
1346	1463
1346	1499
1346	1525
1346	1527
1346	1530
1346	1600
1346	1601
1346	1602
1346	1609
1346	1610
1346	1611
1346	1620
1346	1621
1347	1350
1347	1351
1347	1364
1347	1387
1347	1388
1347	1411
1347	1463
1347	1464
1347	1499
1347	1522
1347	1525
1347	1528
1347	1531
1347	1563
1347	1589
1347	1600
1347	1601
1347	1602
1347	1609
1347	1610
1347	1611
1347	1620
1347	1621
1347	1624
1348	1349
1348	1350
1348	1351
1348	1352
1348	1363
1348	1364
1348	1367
1348	1386
1348	1399
1348	1400
1348	1410
1348	1411
1348	1412
1348	1433
1348	1434
1348	1435
1348	1489
1348	1529
1348	1588
1348	1589
1348	1607
1348	1608
1348	1623
1348	1624
1348	1639
1348	1640
1348	1641
1349	1350
1349	1351
1349	1352
1349	1355
1349	1363
1349	1364
1349	1386
1349	1399
1349	1400
1349	1410
1349	1411
1349	1413
1349	1433
1349	1434
1349	1435
1349	1483
1349	1484
1349	1524
1349	1546
1349	1588
1349	1589
1349	1607
1349	1608
1349	1623
1349	1624
1349	1631
1349	1639
1349	1640
1349	1641
1350	1351
1350	1353
1350	1368
1350	1387
1350	1388
1350	1405
1350	1410
1350	1411
1350	1414
1350	1433
1350	1434
1350	1435
1350	1441
1350	1464
1350	1530
1350	1563
1350	1588
1350	1589
1350	1600
1350	1601
1350	1602
1350	1609
1350	1610
1350	1611
1350	1623
1350	1624
1351	1353
1351	1369
1351	1387
1351	1388
1351	1410
1351	1411
1351	1433
1351	1434
1351	1435
1351	1464
1351	1525
1351	1531
1351	1588
1351	1589
1351	1600
1351	1601
1351	1602
1351	1609
1351	1610
1351	1611
1351	1621
1351	1623
1351	1624
1352	1353
1352	1355
1352	1370
1352	1389
1352	1392
1352	1406
1352	1407
1352	1408
1352	1410
1352	1412
1352	1413
1352	1414
1352	1417
1352	1434
1352	1442
1352	1447
1352	1489
1352	1497
1352	1526
1352	1532
1352	1557
1352	1612
1352	1613
1352	1614
1352	1617
1352	1618
1352	1619
1352	1625
1353	1371
1353	1373
1353	1390
1353	1406
1353	1407
1353	1408
1353	1411
1353	1412
1353	1413
1353	1414
1353	1429
1353	1523
1353	1527
1353	1585
1353	1586
1353	1587
1353	1625
1354	1355
1354	1356
1354	1357
1354	1359
1354	1362
1354	1370
1354	1391
1354	1403
1354	1415
1354	1416
1354	1417
1354	1455
1354	1456
1354	1457
1354	1533
1354	1540
1354	1545
1354	1590
1354	1615
1354	1616
1354	1626
1354	1649
1354	1650
1355	1358
1355	1360
1355	1364
1355	1389
1355	1392
1355	1415
1355	1416
1355	1417
1355	1418
1355	1437
1355	1447
1355	1455
1355	1456
1355	1457
1355	1497
1355	1534
1355	1542
1355	1546
1355	1551
1355	1552
1355	1590
1355	1612
1355	1613
1355	1614
1355	1617
1355	1618
1355	1619
1355	1626
1356	1357
1356	1358
1356	1361
1356	1362
1356	1365
1356	1393
1356	1394
1356	1395
1356	1396
1356	1418
1356	1423
1356	1424
1356	1465
1356	1501
1356	1535
1356	1543
1356	1591
1356	1592
1356	1610
1356	1620
1356	1621
1356	1622
1356	1627
1356	1628
1356	1631
1356	1632
1357	1358
1357	1359
1357	1361
1357	1362
1357	1393
1357	1394
1357	1395
1357	1396
1357	1415
1357	1418
1357	1423
1357	1424
1357	1448
1357	1465
1357	1469
1357	1501
1357	1505
1357	1536
1357	1543
1357	1591
1357	1592
1357	1620
1357	1621
1357	1622
1357	1627
1357	1628
1357	1631
1357	1632
1358	1380
1358	1417
1358	1418
1358	1423
1358	1424
1358	1466
1358	1497
1358	1502
1358	1538
1358	1548
1358	1591
1358	1592
1358	1593
1358	1623
1358	1624
1358	1625
1358	1627
1358	1628
1359	1360
1359	1361
1359	1362
1359	1365
1359	1401
1359	1419
1359	1420
1359	1421
1359	1422
1359	1438
1359	1439
1359	1467
1359	1486
1359	1503
1359	1533
1359	1539
1359	1540
1359	1550
1359	1575
1359	1576
1359	1577
1359	1626
1359	1627
1359	1628
1359	1629
1359	1642
1359	1643
1359	1644
1360	1369
1360	1419
1360	1420
1360	1421
1360	1439
1360	1451
1360	1468
1360	1481
1360	1504
1360	1505
1360	1506
1360	1534
1360	1541
1360	1542
1360	1552
1360	1577
1360	1603
1360	1604
1360	1629
1360	1630
1361	1362
1361	1370
1361	1393
1361	1394
1361	1395
1361	1396
1361	1409
1361	1422
1361	1448
1361	1469
1361	1483
1361	1505
1361	1519
1361	1535
1361	1539
1361	1543
1361	1553
1361	1578
1361	1608
1361	1620
1361	1621
1361	1622
1361	1630
1361	1631
1361	1632
1362	1393
1362	1394
1362	1395
1362	1396
1362	1409
1362	1419
1362	1422
1362	1469
1362	1505
1362	1536
1362	1540
1362	1543
1362	1620
1362	1621
1362	1622
1362	1630
1362	1631
1362	1632
1363	1364
1363	1366
1363	1368
1363	1386
1363	1399
1363	1400
1363	1416
1363	1424
1363	1448
1363	1454
1363	1472
1363	1508
1363	1546
1363	1547
1363	1551
1363	1607
1363	1608
1363	1631
1363	1639
1363	1640
1363	1641
1363	1645
1364	1366
1364	1369
1364	1386
1364	1399
1364	1400
1364	1417
1364	1448
1364	1472
1364	1508
1364	1534
1364	1546
1364	1548
1364	1552
1364	1607
1364	1608
1364	1631
1364	1639
1364	1640
1364	1641
1365	1366
1365	1370
1365	1401
1365	1418
1365	1423
1365	1424
1365	1438
1365	1449
1365	1455
1365	1485
1365	1486
1365	1515
1365	1530
1365	1535
1365	1540
1365	1553
1365	1575
1365	1581
1365	1593
1365	1609
1365	1626
1365	1627
1365	1628
1365	1632
1365	1642
1365	1643
1365	1644
1366	1371
1366	1378
1366	1402
1366	1418
1366	1423
1366	1424
1366	1473
1366	1509
1366	1537
1366	1547
1366	1548
1366	1559
1366	1590
1366	1591
1366	1592
1366	1593
1366	1632
1366	1645
1366	1646
1366	1647
1367	1368
1367	1369
1367	1370
1367	1397
1367	1398
1367	1425
1367	1426
1367	1427
1367	1430
1367	1474
1367	1510
1367	1521
1367	1539
1367	1549
1367	1569
1367	1580
1367	1594
1367	1595
1367	1612
1367	1633
1367	1634
1367	1636
1367	1637
1367	1638
1367	1648
1367	1649
1368	1369
1368	1371
1368	1383
1368	1384
1368	1420
1368	1425
1368	1426
1368	1427
1368	1430
1368	1460
1368	1475
1368	1480
1368	1511
1368	1515
1368	1534
1368	1541
1368	1551
1368	1562
1368	1594
1368	1595
1368	1597
1368	1598
1368	1599
1368	1603
1368	1633
1368	1634
1368	1642
1369	1371
1369	1383
1369	1384
1369	1421
1369	1425
1369	1426
1369	1427
1369	1430
1369	1475
1369	1511
1369	1534
1369	1542
1369	1546
1369	1552
1369	1594
1369	1595
1369	1597
1369	1598
1369	1599
1369	1633
1369	1634
1370	1371
1370	1391
1370	1403
1370	1425
1370	1521
1370	1543
1370	1553
1370	1596
1370	1615
1370	1616
1370	1635
1370	1649
1370	1650
1371	1372
1371	1427
1371	1544
1371	1547
1371	1596
1371	1635
1372	1373
1372	1374
1372	1375
1372	1378
1372	1384
1372	1391
1372	1428
1372	1429
1372	1458
1372	1459
1372	1460
1372	1559
1372	1562
1372	1597
1372	1636
1373	1376
1373	1377
1373	1379
1373	1390
1373	1392
1373	1428
1373	1429
1373	1458
1373	1459
1373	1460
1373	1554
1373	1563
1373	1585
1373	1586
1373	1587
1373	1597
1373	1636
1374	1375
1374	1376
1374	1377
1374	1393
1374	1425
1374	1426
1374	1427
1374	1430
1374	1439
1374	1476
1374	1512
1374	1555
1374	1564
1374	1568
1374	1598
1374	1599
1374	1633
1374	1634
1374	1635
1374	1637
1374	1638
1375	1376
1375	1377
1375	1380
1375	1394
1375	1425
1375	1426
1375	1427
1375	1428
1375	1430
1375	1470
1375	1476
1375	1506
1375	1512
1375	1544
1375	1556
1375	1568
1375	1598
1375	1599
1375	1633
1375	1634
1375	1635
1375	1637
1375	1638
1376	1377
1376	1381
1376	1382
1376	1385
1376	1390
1376	1425
1376	1426
1376	1427
1376	1430
1376	1464
1376	1477
1376	1532
1376	1557
1376	1561
1376	1588
1376	1589
1376	1594
1376	1595
1376	1596
1376	1598
1376	1599
1376	1637
1376	1638
1377	1381
1377	1382
1377	1425
1377	1426
1377	1427
1377	1429
1377	1430
1377	1477
1377	1532
1377	1565
1377	1587
1377	1588
1377	1589
1377	1594
1377	1595
1377	1596
1377	1598
1377	1599
1377	1619
1377	1637
1377	1638
1378	1379
1378	1380
1378	1402
1378	1431
1378	1432
1378	1433
1378	1440
1378	1441
1378	1478
1378	1513
1378	1547
1378	1558
1378	1559
1378	1590
1378	1591
1378	1592
1378	1600
1378	1639
1378	1645
1378	1646
1378	1647
1379	1381
1379	1382
1379	1385
1379	1388
1379	1422
1379	1431
1379	1432
1379	1435
1379	1440
1379	1441
1379	1469
1379	1470
1379	1479
1379	1500
1379	1527
1379	1536
1379	1554
1379	1560
1379	1567
1379	1571
1379	1600
1379	1605
1379	1606
1379	1622
1379	1639
1380	1381
1380	1382
1380	1396
1380	1406
1380	1410
1380	1411
1380	1431
1380	1433
1380	1434
1380	1435
1380	1443
1380	1556
1380	1559
1380	1592
1380	1593
1380	1601
1380	1602
1380	1623
1380	1624
1380	1625
1380	1628
1380	1640
1380	1641
1381	1382
1381	1385
1381	1390
1381	1410
1381	1411
1381	1432
1381	1433
1381	1434
1381	1435
1381	1474
1381	1475
1381	1477
1381	1514
1381	1532
1381	1557
1381	1560
1381	1561
1381	1588
1381	1589
1381	1594
1381	1595
1381	1596
1381	1601
1381	1602
1381	1640
1381	1641
1382	1410
1382	1411
1382	1433
1382	1434
1382	1435
1382	1514
1382	1561
1382	1588
1382	1589
1382	1594
1382	1595
1382	1596
1382	1601
1382	1602
1382	1616
1382	1640
1382	1641
1383	1384
1383	1386
1383	1397
1383	1436
1383	1437
1383	1438
1383	1439
1383	1449
1383	1450
1383	1451
1383	1480
1383	1515
1383	1562
1383	1564
1383	1566
1383	1597
1383	1598
1383	1599
1383	1603
1383	1604
1383	1642
1383	1643
1384	1398
1384	1427
1384	1436
1384	1437
1384	1438
1384	1449
1384	1450
1384	1451
1384	1475
1384	1476
1384	1477
1384	1480
1384	1511
1384	1515
1384	1524
1384	1534
1384	1562
1384	1595
1384	1597
1384	1598
1384	1599
1384	1603
1384	1604
1384	1634
1384	1642
1384	1643
1385	1387
1385	1390
1385	1402
1385	1419
1385	1420
1385	1421
1385	1422
1385	1438
1385	1439
1385	1481
1385	1500
1385	1516
1385	1526
1385	1527
1385	1557
1385	1565
1385	1605
1385	1606
1385	1644
1386	1387
1386	1388
1386	1389
1386	1399
1386	1400
1386	1402
1386	1431
1386	1432
1386	1440
1386	1441
1386	1442
1386	1489
1386	1517
1386	1558
1386	1566
1386	1605
1386	1607
1386	1608
1386	1639
1386	1640
1386	1641
1386	1645
1386	1646
1387	1388
1387	1390
1387	1411
1387	1431
1387	1432
1387	1440
1387	1441
1387	1444
1387	1482
1387	1518
1387	1560
1387	1563
1387	1600
1387	1601
1387	1602
1387	1605
1387	1609
1387	1610
1387	1611
1387	1645
1387	1646
1388	1390
1388	1431
1388	1432
1388	1440
1388	1441
1388	1482
1388	1518
1388	1563
1388	1567
1388	1600
1388	1601
1388	1602
1388	1605
1388	1609
1388	1610
1388	1611
1388	1621
1388	1645
1388	1646
1389	1390
1389	1392
1389	1399
1389	1403
1389	1404
1389	1405
1389	1412
1389	1440
1389	1442
1389	1443
1389	1444
1389	1489
1389	1555
1389	1556
1389	1564
1389	1568
1389	1606
1389	1612
1389	1613
1389	1614
1389	1617
1389	1618
1389	1619
1389	1647
1390	1404
1390	1405
1390	1441
1390	1442
1390	1443
1390	1444
1390	1561
1390	1585
1390	1586
1390	1587
1390	1606
1390	1647
1391	1392
1391	1393
1391	1394
1391	1398
1391	1403
1391	1445
1391	1446
1391	1447
1391	1448
1391	1452
1391	1453
1391	1454
1391	1521
1391	1575
1391	1580
1391	1583
1391	1584
1391	1607
1391	1615
1391	1616
1391	1648
1391	1649
1391	1650
1392	1400
1392	1412
1392	1417
1392	1442
1392	1445
1392	1446
1392	1447
1392	1452
1392	1453
1392	1454
1392	1489
1392	1497
1392	1549
1392	1550
1392	1569
1392	1577
1392	1607
1392	1612
1392	1613
1392	1614
1392	1617
1392	1618
1392	1619
1392	1648
1393	1394
1393	1395
1393	1396
1393	1401
1393	1403
1393	1448
1393	1455
1393	1483
1393	1519
1393	1570
1393	1578
1393	1581
1393	1608
1393	1610
1393	1620
1393	1621
1393	1622
1393	1631
1393	1632
1394	1395
1394	1396
1394	1445
1394	1448
1394	1456
1394	1469
1394	1483
1394	1505
1394	1519
1394	1543
1394	1571
1394	1582
1394	1608
1394	1620
1394	1621
1394	1622
1394	1631
1394	1632
1395	1396
1395	1401
1395	1403
1395	1448
1395	1483
1395	1487
1395	1519
1395	1543
1395	1570
1395	1574
1395	1578
1395	1608
1395	1610
1395	1611
1395	1620
1395	1621
1395	1622
1395	1631
1395	1632
1396	1422
1396	1449
1396	1487
1396	1571
1396	1575
1396	1578
1396	1610
1396	1611
1396	1620
1396	1621
1396	1622
1396	1631
1396	1632
1397	1398
1397	1399
1397	1400
1397	1401
1397	1403
1397	1445
1397	1446
1397	1447
1397	1452
1397	1453
1397	1454
1397	1455
1397	1521
1397	1580
1397	1581
1397	1583
1397	1612
1397	1613
1397	1636
1397	1637
1397	1638
1397	1648
1397	1649
1397	1650
1398	1399
1398	1400
1398	1401
1398	1445
1398	1446
1398	1447
1398	1452
1398	1453
1398	1454
1398	1456
1398	1474
1398	1510
1398	1512
1398	1521
1398	1545
1398	1569
1398	1580
1398	1582
1398	1584
1398	1612
1398	1613
1398	1636
1398	1637
1398	1638
1398	1648
1398	1649
1398	1650
1399	1400
1399	1402
1399	1445
1399	1446
1399	1447
1399	1452
1399	1453
1399	1454
1399	1457
1399	1489
1399	1545
1399	1607
1399	1608
1399	1612
1399	1613
1399	1639
1399	1640
1399	1641
1399	1645
1399	1649
1399	1650
1400	1402
1400	1445
1400	1446
1400	1447
1400	1452
1400	1453
1400	1454
1400	1489
1400	1545
1400	1546
1400	1569
1400	1607
1400	1608
1400	1612
1400	1613
1400	1639
1400	1640
1400	1641
1400	1649
1400	1650
1401	1402
1401	1403
1401	1415
1401	1416
1401	1417
1401	1449
1401	1452
1401	1455
1401	1456
1401	1457
1401	1490
1401	1515
1401	1520
1401	1551
1401	1570
1401	1581
1401	1582
1401	1614
1401	1626
1401	1627
1401	1628
1401	1642
1401	1643
1401	1644
1402	1415
1402	1416
1402	1417
1402	1454
1402	1455
1402	1456
1402	1457
1402	1491
1402	1547
1402	1572
1402	1590
1402	1591
1402	1592
1402	1614
1402	1645
1402	1646
1402	1647
1403	1458
1403	1521
1403	1578
1403	1581
1403	1615
1403	1616
1403	1649
1403	1650
1404	1405
1404	1406
1404	1419
1404	1431
1404	1442
1404	1443
1404	1444
1404	1544
1404	1555
1404	1556
1404	1579
1404	1585
1404	1606
1404	1617
1404	1621
1404	1645
1404	1646
1404	1647
1405	1407
1405	1411
1405	1420
1405	1432
1405	1442
1405	1443
1405	1444
1405	1544
1405	1555
1405	1556
1405	1579
1405	1585
1405	1593
1405	1605
1405	1606
1405	1617
1405	1622
1405	1647
1406	1407
1406	1408
1406	1411
1406	1412
1406	1413
1406	1414
1406	1422
1406	1433
1406	1464
1406	1473
1406	1497
1406	1523
1406	1557
1406	1561
1406	1585
1406	1586
1406	1587
1406	1588
1406	1589
1406	1593
1406	1595
1406	1618
1406	1619
1406	1623
1406	1624
1406	1625
1407	1408
1407	1412
1407	1413
1407	1414
1407	1434
1407	1435
1407	1474
1407	1475
1407	1523
1407	1532
1407	1557
1407	1561
1407	1586
1407	1587
1407	1588
1407	1589
1407	1596
1407	1618
1407	1619
1407	1625
1408	1412
1408	1413
1408	1414
1408	1429
1408	1434
1408	1435
1408	1523
1408	1557
1408	1561
1408	1586
1408	1587
1408	1588
1408	1589
1408	1618
1408	1619
1408	1625
1409	1412
1409	1422
1409	1439
1409	1527
1409	1528
1409	1560
1409	1565
1409	1594
1409	1605
1409	1606
1409	1622
1409	1629
1409	1630
1410	1411
1410	1412
1410	1425
1410	1433
1410	1434
1410	1435
1410	1440
1410	1537
1410	1538
1410	1572
1410	1573
1410	1588
1410	1589
1410	1601
1410	1602
1410	1623
1410	1624
1410	1625
1410	1639
1410	1640
1410	1641
1411	1414
1411	1427
1411	1433
1411	1434
1411	1435
1411	1441
1411	1485
1411	1486
1411	1537
1411	1538
1411	1572
1411	1573
1411	1588
1411	1589
1411	1591
1411	1593
1411	1600
1411	1601
1411	1602
1411	1609
1411	1623
1411	1624
1411	1625
1411	1640
1411	1641
1412	1413
1412	1414
1412	1442
1412	1443
1412	1523
1412	1557
1412	1561
1412	1569
1412	1586
1412	1587
1412	1588
1412	1589
1412	1594
1412	1617
1412	1618
1412	1619
1412	1625
1413	1414
1413	1437
1413	1442
1413	1443
1413	1523
1413	1557
1413	1561
1413	1586
1413	1587
1413	1588
1413	1589
1413	1595
1413	1617
1413	1618
1413	1619
1413	1625
1414	1444
1414	1523
1414	1557
1414	1561
1414	1585
1414	1586
1414	1587
1414	1588
1414	1589
1414	1596
1414	1618
1414	1619
1414	1625
1415	1416
1415	1417
1415	1419
1415	1445
1415	1455
1415	1456
1415	1457
1415	1524
1415	1551
1415	1552
1415	1562
1415	1590
1415	1597
1415	1604
1415	1607
1415	1614
1415	1626
1415	1649
1415	1650
1416	1417
1416	1420
1416	1446
1416	1447
1416	1455
1416	1456
1416	1457
1416	1524
1416	1551
1416	1552
1416	1562
1416	1590
1416	1598
1416	1608
1416	1612
1416	1613
1416	1614
1416	1626
1417	1418
1417	1421
1417	1446
1417	1447
1417	1455
1417	1456
1417	1457
1417	1524
1417	1532
1417	1551
1417	1552
1417	1562
1417	1590
1417	1599
1417	1612
1417	1613
1417	1614
1417	1626
1418	1423
1418	1424
1418	1525
1418	1530
1418	1531
1418	1563
1418	1567
1418	1591
1418	1592
1418	1593
1418	1602
1418	1609
1418	1610
1418	1611
1418	1627
1418	1628
1418	1632
1419	1420
1419	1421
1419	1422
1419	1426
1419	1438
1419	1439
1419	1449
1419	1486
1419	1526
1419	1541
1419	1542
1419	1564
1419	1576
1419	1577
1419	1597
1419	1603
1419	1604
1419	1613
1419	1629
1419	1630
1419	1642
1419	1643
1419	1644
1420	1421
1420	1427
1420	1439
1420	1450
1420	1451
1420	1526
1420	1541
1420	1542
1420	1564
1420	1576
1420	1577
1420	1598
1420	1603
1420	1604
1420	1614
1420	1629
1420	1630
1420	1644
1421	1439
1421	1450
1421	1451
1421	1526
1421	1541
1421	1542
1421	1564
1421	1576
1421	1577
1421	1599
1421	1603
1421	1604
1421	1629
1421	1630
1421	1644
1422	1441
1422	1469
1422	1479
1422	1482
1422	1505
1422	1509
1422	1527
1422	1528
1422	1543
1422	1560
1422	1565
1422	1600
1422	1605
1422	1606
1422	1620
1422	1621
1422	1622
1422	1630
1422	1632
1422	1646
1423	1424
1423	1455
1423	1456
1423	1525
1423	1530
1423	1531
1423	1563
1423	1567
1423	1591
1423	1592
1423	1593
1423	1600
1423	1609
1423	1610
1423	1611
1423	1626
1423	1627
1423	1628
1423	1632
1424	1457
1424	1525
1424	1530
1424	1531
1424	1559
1424	1563
1424	1567
1424	1590
1424	1591
1424	1592
1424	1593
1424	1601
1424	1609
1424	1610
1424	1611
1424	1627
1424	1628
1424	1632
1425	1426
1425	1427
1425	1430
1425	1458
1425	1459
1425	1532
1425	1534
1425	1568
1425	1569
1425	1580
1425	1594
1425	1595
1425	1598
1425	1599
1425	1603
1425	1612
1425	1633
1425	1634
1425	1636
1425	1637
1425	1638
1426	1427
1426	1430
1426	1458
1426	1459
1426	1519
1426	1532
1426	1534
1426	1568
1426	1569
1426	1594
1426	1595
1426	1598
1426	1599
1426	1604
1426	1607
1426	1613
1426	1633
1426	1634
1426	1636
1426	1637
1426	1638
1427	1430
1427	1460
1427	1520
1427	1532
1427	1534
1427	1568
1427	1569
1427	1594
1427	1595
1427	1597
1427	1598
1427	1599
1427	1608
1427	1614
1427	1633
1427	1634
1427	1637
1427	1638
1428	1429
1428	1431
1428	1437
1428	1445
1428	1458
1428	1459
1428	1460
1428	1533
1428	1553
1428	1597
1428	1615
1428	1621
1428	1626
1428	1636
1429	1435
1429	1447
1429	1458
1429	1459
1429	1460
1429	1533
1429	1553
1429	1597
1429	1616
1429	1628
1429	1636
1430	1434
1430	1464
1430	1532
1430	1534
1430	1568
1430	1569
1430	1594
1430	1595
1430	1596
1430	1598
1430	1599
1430	1618
1430	1625
1430	1630
1430	1633
1430	1634
1430	1637
1430	1638
1431	1432
1431	1433
1431	1440
1431	1441
1431	1449
1431	1535
1431	1536
1431	1543
1431	1547
1431	1570
1431	1571
1431	1578
1431	1600
1431	1605
1431	1615
1431	1620
1431	1621
1431	1622
1431	1631
1431	1639
1431	1645
1431	1646
1431	1647
1432	1434
1432	1440
1432	1441
1432	1450
1432	1535
1432	1536
1432	1543
1432	1570
1432	1571
1432	1578
1432	1600
1432	1605
1432	1606
1432	1620
1432	1621
1432	1622
1432	1632
1432	1639
1432	1645
1432	1646
1433	1434
1433	1435
1433	1443
1433	1473
1433	1537
1433	1538
1433	1572
1433	1573
1433	1588
1433	1589
1433	1593
1433	1601
1433	1602
1433	1617
1433	1623
1433	1624
1433	1625
1433	1634
1433	1640
1433	1641
1434	1435
1434	1444
1434	1474
1434	1475
1434	1532
1434	1537
1434	1538
1434	1572
1434	1573
1434	1588
1434	1589
1434	1601
1434	1602
1434	1618
1434	1623
1434	1624
1434	1625
1434	1635
1434	1640
1434	1641
1435	1537
1435	1538
1435	1572
1435	1573
1435	1588
1435	1589
1435	1601
1435	1602
1435	1619
1435	1623
1435	1624
1435	1625
1435	1640
1435	1641
1436	1437
1436	1438
1436	1439
1436	1440
1436	1449
1436	1450
1436	1451
1436	1452
1436	1539
1436	1540
1436	1574
1436	1575
1436	1581
1436	1582
1436	1603
1436	1604
1436	1609
1436	1626
1436	1627
1436	1628
1436	1642
1436	1643
1436	1644
1437	1438
1437	1443
1437	1449
1437	1450
1437	1451
1437	1453
1437	1476
1437	1477
1437	1534
1437	1539
1437	1540
1437	1574
1437	1575
1437	1581
1437	1582
1437	1590
1437	1603
1437	1604
1437	1609
1437	1615
1437	1626
1437	1627
1437	1628
1437	1631
1437	1642
1437	1643
1437	1644
1438	1441
1438	1449
1438	1450
1438	1451
1438	1454
1438	1478
1438	1479
1438	1501
1438	1502
1438	1539
1438	1540
1438	1563
1438	1574
1438	1575
1438	1581
1438	1582
1438	1591
1438	1600
1438	1603
1438	1604
1438	1609
1438	1610
1438	1611
1438	1626
1438	1627
1438	1628
1438	1632
1438	1642
1438	1643
1438	1644
1439	1442
1439	1455
1439	1526
1439	1541
1439	1542
1439	1564
1439	1576
1439	1577
1439	1603
1439	1604
1439	1629
1439	1630
1439	1633
1439	1644
1440	1441
1440	1442
1440	1458
1440	1535
1440	1536
1440	1543
1440	1570
1440	1571
1440	1578
1440	1600
1440	1605
1440	1620
1440	1621
1440	1622
1440	1639
1440	1640
1440	1641
1440	1645
1440	1646
1441	1444
1441	1460
1441	1485
1441	1486
1441	1535
1441	1536
1441	1543
1441	1570
1441	1571
1441	1578
1441	1600
1441	1601
1441	1602
1441	1605
1441	1609
1441	1620
1441	1621
1441	1622
1441	1627
1441	1632
1441	1639
1441	1645
1441	1646
1442	1443
1442	1444
1442	1544
1442	1555
1442	1556
1442	1569
1442	1579
1442	1585
1442	1606
1442	1617
1442	1618
1442	1619
1442	1623
1442	1633
1442	1647
1443	1444
1443	1544
1443	1555
1443	1556
1443	1579
1443	1585
1443	1606
1443	1617
1443	1618
1443	1619
1443	1624
1443	1629
1443	1634
1443	1647
1444	1544
1444	1555
1444	1556
1444	1579
1444	1585
1444	1586
1444	1587
1444	1606
1444	1617
1444	1625
1444	1630
1444	1635
1444	1647
1445	1446
1445	1447
1445	1448
1445	1449
1445	1452
1445	1453
1445	1454
1445	1521
1445	1545
1445	1549
1445	1550
1445	1580
1445	1583
1445	1584
1445	1607
1445	1612
1445	1613
1445	1636
1445	1643
1445	1648
1445	1649
1445	1650
1446	1447
1446	1450
1446	1452
1446	1453
1446	1454
1446	1545
1446	1549
1446	1550
1446	1580
1446	1583
1446	1584
1446	1607
1446	1612
1446	1613
1446	1614
1446	1637
1446	1644
1446	1648
1446	1649
1446	1650
1447	1451
1447	1452
1447	1453
1447	1454
1447	1532
1447	1545
1447	1549
1447	1550
1447	1580
1447	1583
1447	1584
1447	1607
1447	1612
1447	1613
1447	1614
1447	1638
1447	1648
1447	1649
1447	1650
1448	1454
1448	1456
1448	1500
1448	1507
1448	1508
1448	1529
1448	1546
1448	1566
1448	1607
1448	1608
1448	1622
1448	1631
1448	1632
1448	1639
1448	1646
1449	1450
1449	1451
1449	1459
1449	1485
1449	1515
1449	1520
1449	1539
1449	1540
1449	1574
1449	1575
1449	1581
1449	1582
1449	1603
1449	1604
1449	1609
1449	1626
1449	1627
1449	1628
1449	1636
1449	1642
1449	1643
1449	1644
1449	1650
1450	1451
1450	1460
1450	1539
1450	1540
1450	1574
1450	1575
1450	1581
1450	1582
1450	1603
1450	1604
1450	1609
1450	1626
1450	1627
1450	1628
1450	1637
1450	1642
1450	1643
1450	1644
1451	1539
1451	1540
1451	1574
1451	1575
1451	1581
1451	1582
1451	1603
1451	1604
1451	1609
1451	1626
1451	1627
1451	1628
1451	1638
1451	1642
1451	1643
1451	1644
1452	1453
1452	1454
1452	1455
1452	1458
1452	1545
1452	1549
1452	1550
1452	1580
1452	1583
1452	1584
1452	1607
1452	1612
1452	1613
1452	1648
1452	1649
1452	1650
1453	1454
1453	1456
1453	1459
1453	1512
1453	1545
1453	1549
1453	1550
1453	1569
1453	1580
1453	1583
1453	1584
1453	1607
1453	1612
1453	1613
1453	1636
1453	1648
1453	1649
1453	1650
1454	1457
1454	1460
1454	1489
1454	1513
1454	1519
1454	1545
1454	1549
1454	1550
1454	1580
1454	1583
1454	1584
1454	1607
1454	1608
1454	1612
1454	1613
1454	1637
1454	1639
1454	1648
1454	1649
1454	1650
1455	1456
1455	1457
1455	1524
1455	1551
1455	1552
1455	1562
1455	1590
1455	1614
1455	1626
1455	1627
1455	1628
1456	1457
1456	1524
1456	1551
1456	1552
1456	1562
1456	1590
1456	1609
1456	1614
1456	1626
1456	1627
1456	1628
1456	1639
1457	1524
1457	1551
1457	1552
1457	1562
1457	1590
1457	1591
1457	1592
1457	1610
1457	1614
1457	1626
1457	1640
1458	1459
1458	1460
1458	1533
1458	1553
1458	1580
1458	1597
1458	1636
1458	1637
1458	1638
1458	1642
1458	1649
1459	1460
1459	1519
1459	1533
1459	1553
1459	1597
1459	1636
1459	1637
1459	1638
1459	1643
1459	1648
1459	1650
1460	1520
1460	1533
1460	1553
1460	1597
1460	1598
1460	1599
1460	1636
1460	1644
1461	1462
1461	1466
1461	1477
1461	1494
1461	1522
1461	1523
1461	1587
1461	1616
1462	1464
1462	1468
1462	1479
1462	1496
1462	1523
1462	1556
1462	1585
1462	1586
1462	1587
1463	1464
1463	1472
1463	1499
1463	1525
1463	1559
1463	1589
1463	1621
1464	1475
1464	1482
1464	1523
1464	1530
1464	1531
1464	1557
1464	1586
1464	1588
1464	1589
1464	1618
1465	1466
1465	1467
1465	1469
1465	1483
1465	1501
1465	1524
1465	1525
1465	1527
1465	1530
1465	1535
1465	1536
1465	1559
1465	1590
1465	1591
1465	1592
1465	1621
1466	1468
1466	1470
1466	1473
1466	1484
1466	1502
1466	1524
1466	1525
1466	1537
1466	1538
1466	1559
1466	1590
1466	1591
1466	1592
1466	1621
1466	1628
1467	1468
1467	1469
1467	1470
1467	1474
1467	1485
1467	1486
1467	1500
1467	1503
1467	1526
1467	1527
1467	1528
1467	1539
1467	1540
1467	1594
1467	1622
1468	1469
1468	1470
1468	1475
1468	1481
1468	1486
1468	1500
1468	1504
1468	1524
1468	1526
1468	1527
1468	1528
1468	1541
1468	1542
1468	1590
1468	1622
1469	1470
1469	1487
1469	1505
1469	1526
1469	1527
1469	1528
1469	1536
1469	1543
1469	1571
1469	1591
1469	1596
1469	1622
1469	1630
1470	1488
1470	1506
1470	1526
1470	1527
1470	1528
1470	1544
1470	1556
1470	1592
1471	1472
1471	1473
1471	1474
1471	1489
1471	1507
1471	1529
1471	1530
1471	1531
1471	1545
1471	1593
1471	1594
1472	1473
1472	1475
1472	1489
1472	1508
1472	1524
1472	1529
1472	1530
1472	1531
1472	1546
1472	1590
1472	1593
1472	1595
1472	1631
1473	1475
1473	1491
1473	1509
1473	1529
1473	1530
1473	1531
1473	1547
1473	1548
1473	1559
1473	1592
1473	1593
1474	1475
1474	1489
1474	1510
1474	1532
1474	1549
1474	1550
1474	1594
1474	1595
1474	1596
1474	1633
1475	1492
1475	1511
1475	1532
1475	1551
1475	1552
1475	1594
1475	1595
1475	1596
1476	1477
1476	1478
1476	1483
1476	1512
1476	1533
1476	1534
1476	1537
1476	1541
1476	1555
1476	1556
1476	1597
1476	1598
1476	1599
1476	1601
1477	1479
1477	1481
1477	1484
1477	1497
1477	1533
1477	1534
1477	1557
1477	1597
1477	1598
1477	1599
1477	1602
1477	1638
1478	1479
1478	1485
1478	1513
1478	1535
1478	1536
1478	1537
1478	1538
1478	1547
1478	1558
1478	1559
1478	1600
1478	1601
1478	1602
1479	1482
1479	1486
1479	1500
1479	1527
1479	1533
1479	1535
1479	1536
1479	1537
1479	1538
1479	1560
1479	1571
1479	1597
1479	1600
1479	1601
1479	1602
1479	1622
1480	1481
1480	1515
1480	1539
1480	1540
1480	1541
1480	1542
1480	1551
1480	1562
1480	1603
1480	1604
1481	1482
1481	1491
1481	1500
1481	1504
1481	1516
1481	1539
1481	1540
1481	1541
1481	1542
1481	1565
1481	1599
1481	1603
1481	1604
1481	1629
1482	1492
1482	1518
1482	1527
1482	1536
1482	1540
1482	1543
1482	1544
1482	1567
1482	1604
1482	1605
1482	1606
1482	1630
1483	1484
1483	1485
1483	1487
1483	1490
1483	1519
1483	1545
1483	1546
1483	1547
1483	1551
1483	1570
1483	1571
1483	1607
1483	1608
1483	1610
1483	1631
1484	1486
1484	1488
1484	1491
1484	1514
1484	1545
1484	1546
1484	1572
1484	1573
1484	1607
1484	1608
1484	1611
1484	1631
1485	1486
1485	1487
1485	1488
1485	1520
1485	1547
1485	1548
1485	1574
1485	1575
1485	1581
1485	1593
1485	1609
1485	1610
1485	1611
1485	1632
1486	1487
1486	1488
1486	1492
1486	1503
1486	1516
1486	1526
1486	1545
1486	1547
1486	1548
1486	1564
1486	1576
1486	1577
1486	1582
1486	1593
1486	1607
1486	1609
1486	1610
1486	1611
1486	1632
1486	1644
1487	1488
1487	1547
1487	1548
1487	1578
1487	1608
1487	1609
1487	1610
1487	1611
1488	1547
1488	1548
1488	1579
1488	1609
1488	1610
1488	1611
1489	1490
1489	1491
1489	1492
1489	1507
1489	1510
1489	1529
1489	1532
1489	1545
1489	1549
1489	1550
1489	1551
1489	1552
1489	1566
1489	1568
1489	1584
1489	1607
1489	1612
1489	1613
1489	1614
1489	1650
1490	1491
1490	1520
1490	1549
1490	1550
1490	1551
1490	1552
1490	1581
1490	1582
1490	1612
1490	1613
1490	1614
1491	1492
1491	1549
1491	1550
1491	1551
1491	1552
1491	1612
1491	1613
1491	1614
1492	1550
1492	1553
1492	1613
1493	1494
1493	1495
1493	1497
1493	1500
1493	1501
1493	1512
1493	1554
1493	1557
1493	1560
1493	1615
1493	1616
1493	1618
1494	1496
1494	1502
1494	1523
1494	1554
1494	1615
1494	1616
1494	1619
1495	1496
1495	1497
1495	1503
1495	1513
1495	1555
1495	1556
1495	1557
1495	1617
1495	1618
1495	1619
1495	1623
1496	1497
1496	1504
1496	1555
1496	1556
1496	1557
1496	1615
1496	1617
1496	1618
1496	1619
1497	1505
1497	1514
1497	1523
1497	1534
1497	1538
1497	1555
1497	1556
1497	1557
1497	1561
1497	1569
1497	1573
1497	1586
1497	1617
1497	1618
1497	1619
1497	1625
1498	1499
1498	1500
1498	1507
1498	1515
1498	1524
1498	1558
1498	1559
1498	1560
1498	1620
1498	1621
1498	1622
1498	1623
1499	1500
1499	1508
1499	1525
1499	1558
1499	1559
1499	1560
1499	1615
1499	1620
1499	1621
1499	1622
1499	1624
1500	1516
1500	1526
1500	1542
1500	1558
1500	1559
1500	1560
1500	1561
1500	1577
1500	1600
1500	1620
1500	1621
1500	1622
1500	1625
1500	1639
1501	1502
1501	1503
1501	1505
1501	1519
1501	1535
1501	1536
1501	1540
1501	1562
1501	1563
1501	1575
1501	1604
1501	1626
1501	1627
1501	1628
1501	1630
1501	1643
1502	1504
1502	1506
1502	1509
1502	1537
1502	1538
1502	1540
1502	1562
1502	1563
1502	1575
1502	1592
1502	1604
1502	1626
1502	1627
1502	1628
1502	1643
1503	1504
1503	1505
1503	1506
1503	1510
1503	1520
1503	1539
1503	1540
1503	1564
1503	1565
1503	1629
1503	1630
1503	1633
1503	1644
1504	1505
1504	1506
1504	1511
1504	1541
1504	1542
1504	1562
1504	1564
1504	1565
1504	1626
1504	1629
1504	1630
1504	1644
1505	1506
1505	1527
1505	1536
1505	1543
1505	1564
1505	1565
1505	1571
1505	1622
1505	1627
1505	1629
1505	1630
1505	1635
1506	1544
1506	1556
1506	1564
1506	1565
1506	1628
1506	1629
1506	1630
1507	1508
1507	1509
1507	1510
1507	1517
1507	1521
1507	1543
1507	1545
1507	1566
1507	1567
1507	1578
1507	1631
1507	1632
1507	1633
1508	1509
1508	1511
1508	1517
1508	1543
1508	1546
1508	1562
1508	1566
1508	1567
1508	1578
1508	1626
1508	1631
1508	1632
1508	1634
1509	1511
1509	1547
1509	1548
1509	1559
1509	1566
1509	1567
1509	1628
1509	1631
1509	1632
1510	1511
1510	1549
1510	1550
1510	1568
1510	1594
1510	1633
1510	1634
1510	1635
1511	1551
1511	1552
1511	1568
1511	1631
1511	1633
1511	1634
1511	1635
1512	1513
1512	1519
1512	1555
1512	1556
1512	1569
1512	1572
1512	1576
1512	1636
1512	1637
1512	1638
1512	1640
1513	1514
1513	1517
1513	1520
1513	1547
1513	1558
1513	1559
1513	1570
1513	1571
1513	1572
1513	1573
1513	1639
1513	1640
1513	1641
1513	1645
1514	1546
1514	1561
1514	1570
1514	1571
1514	1572
1514	1573
1514	1638
1514	1639
1514	1640
1514	1641
1515	1516
1515	1517
1515	1521
1515	1551
1515	1562
1515	1574
1515	1575
1515	1576
1515	1577
1515	1642
1515	1643
1515	1644
1515	1645
1516	1518
1516	1565
1516	1574
1516	1575
1516	1576
1516	1577
1516	1609
1516	1638
1516	1642
1516	1643
1516	1644
1517	1518
1517	1547
1517	1566
1517	1578
1517	1579
1517	1610
1517	1642
1517	1645
1517	1646
1517	1647
1518	1547
1518	1567
1518	1571
1518	1575
1518	1578
1518	1579
1518	1610
1518	1643
1518	1645
1518	1646
1518	1647
1519	1520
1519	1550
1519	1570
1519	1571
1519	1580
1519	1584
1519	1613
1519	1648
1519	1650
1520	1574
1520	1575
1520	1581
1520	1582
1520	1614
1521	1549
1521	1553
1521	1580
1521	1583
1521	1584
1521	1648
1521	1649
1521	1650
1522	1523
1522	1525
1522	1534
1522	1554
1522	1585
1522	1586
1522	1587
1522	1616
1523	1527
1523	1537
1523	1557
1523	1585
1523	1586
1523	1587
1523	1588
1523	1589
1524	1525
1524	1526
1524	1545
1524	1562
1524	1590
1524	1591
1524	1592
1524	1597
1524	1598
1524	1599
1525	1527
1525	1528
1525	1531
1525	1546
1525	1559
1525	1563
1525	1590
1525	1591
1525	1592
1525	1600
1525	1601
1525	1602
1525	1621
1525	1628
1526	1527
1526	1528
1526	1532
1526	1564
1526	1594
1526	1603
1526	1604
1527	1528
1527	1543
1527	1547
1527	1565
1527	1591
1527	1605
1527	1606
1528	1548
1528	1556
1528	1565
1528	1592
1528	1605
1528	1606
1529	1530
1529	1531
1529	1532
1529	1549
1529	1566
1529	1593
1529	1594
1529	1607
1529	1608
1530	1531
1530	1551
1530	1563
1530	1567
1530	1591
1530	1593
1530	1596
1530	1609
1530	1610
1530	1611
1530	1632
1531	1552
1531	1559
1531	1567
1531	1592
1531	1593
1531	1609
1531	1610
1531	1611
1532	1553
1532	1568
1532	1594
1532	1595
1532	1596
1532	1599
1532	1612
1532	1613
1532	1614
1532	1633
1532	1638
1533	1534
1533	1535
1533	1536
1533	1540
1533	1545
1533	1597
1533	1598
1533	1599
1533	1600
1533	1615
1533	1616
1534	1537
1534	1538
1534	1542
1534	1546
1534	1569
1534	1597
1534	1598
1534	1599
1534	1602
1534	1617
1534	1618
1534	1619
1534	1638
1535	1536
1535	1537
1535	1538
1535	1543
1535	1547
1535	1570
1535	1571
1535	1600
1535	1601
1535	1602
1535	1620
1535	1621
1535	1622
1536	1537
1536	1538
1536	1543
1536	1570
1536	1571
1536	1597
1536	1600
1536	1601
1536	1602
1536	1605
1536	1620
1536	1621
1536	1622
1536	1639
1537	1538
1537	1544
1537	1547
1537	1572
1537	1573
1537	1598
1537	1600
1537	1601
1537	1602
1537	1623
1537	1624
1537	1625
1538	1548
1538	1572
1538	1573
1538	1599
1538	1600
1538	1601
1538	1602
1538	1623
1538	1624
1538	1625
1539	1540
1539	1541
1539	1542
1539	1543
1539	1549
1539	1551
1539	1574
1539	1575
1539	1603
1539	1604
1539	1626
1539	1627
1539	1628
1540	1541
1540	1542
1540	1543
1540	1550
1540	1563
1540	1574
1540	1575
1540	1603
1540	1604
1540	1605
1540	1626
1540	1627
1540	1628
1541	1542
1541	1544
1541	1551
1541	1576
1541	1577
1541	1598
1541	1603
1541	1604
1541	1606
1541	1629
1541	1630
1541	1644
1542	1544
1542	1552
1542	1576
1542	1577
1542	1599
1542	1603
1542	1604
1542	1629
1542	1630
1543	1544
1543	1553
1543	1571
1543	1578
1543	1603
1543	1605
1543	1606
1543	1622
1543	1630
1543	1631
1543	1632
1543	1645
1544	1556
1544	1579
1544	1605
1544	1606
1544	1633
1544	1634
1544	1635
1545	1546
1545	1550
1545	1580
1545	1607
1545	1608
1545	1609
1545	1636
1545	1637
1545	1638
1546	1547
1546	1548
1546	1552
1546	1607
1546	1608
1546	1611
1546	1631
1546	1639
1546	1640
1546	1641
1547	1548
1547	1570
1547	1578
1547	1608
1547	1609
1547	1610
1547	1611
1547	1645
1547	1646
1547	1647
1548	1609
1548	1610
1548	1611
1548	1645
1548	1646
1548	1647
1549	1550
1549	1551
1549	1552
1549	1553
1549	1580
1549	1583
1549	1584
1549	1612
1549	1613
1549	1614
1549	1648
1550	1551
1550	1552
1550	1553
1550	1583
1550	1584
1550	1612
1550	1613
1550	1614
1550	1648
1551	1552
1551	1562
1551	1574
1551	1608
1551	1612
1551	1613
1551	1614
1551	1626
1552	1612
1552	1613
1552	1614
1553	1612
1553	1649
1553	1650
1554	1557
1554	1563
1554	1569
1554	1585
1554	1586
1554	1587
1554	1615
1554	1616
1554	1619
1555	1556
1555	1557
1555	1564
1555	1570
1555	1617
1555	1618
1555	1619
1555	1623
1556	1557
1556	1565
1556	1571
1556	1585
1556	1606
1556	1615
1556	1617
1556	1618
1556	1619
1556	1624
1557	1561
1557	1572
1557	1588
1557	1589
1557	1617
1557	1618
1557	1619
1558	1559
1558	1560
1558	1566
1558	1574
1558	1590
1558	1591
1558	1592
1558	1620
1558	1621
1558	1622
1558	1623
1559	1560
1559	1567
1559	1575
1559	1590
1559	1591
1559	1592
1559	1620
1559	1621
1559	1622
1559	1624
1560	1561
1560	1576
1560	1620
1560	1621
1560	1622
1560	1625
1561	1579
1561	1594
1561	1595
1561	1596
1561	1622
1561	1623
1561	1624
1561	1625
1562	1563
1562	1564
1562	1580
1562	1597
1562	1598
1562	1599
1562	1626
1562	1627
1562	1628
1562	1629
1563	1565
1563	1567
1563	1575
1563	1592
1563	1600
1563	1601
1563	1602
1563	1604
1563	1609
1563	1626
1563	1627
1563	1628
1563	1643
1564	1565
1564	1568
1564	1581
1564	1603
1564	1604
1564	1629
1564	1630
1564	1633
1565	1605
1565	1606
1565	1628
1565	1629
1565	1630
1566	1567
1566	1568
1566	1583
1566	1607
1566	1608
1566	1631
1566	1632
1566	1633
1567	1609
1567	1610
1567	1611
1567	1628
1567	1631
1567	1632
1568	1594
1568	1612
1568	1613
1568	1614
1568	1633
1568	1634
1568	1635
1569	1572
1569	1573
1569	1577
1569	1594
1569	1599
1569	1617
1569	1618
1569	1619
1569	1633
1569	1636
1569	1637
1569	1638
1569	1641
1570	1571
1570	1572
1570	1573
1570	1578
1570	1581
1570	1620
1570	1621
1570	1622
1570	1639
1570	1640
1570	1641
1570	1645
1571	1572
1571	1573
1571	1582
1571	1600
1571	1620
1571	1621
1571	1622
1571	1636
1571	1639
1571	1640
1571	1641
1571	1646
1572	1573
1572	1579
1572	1623
1572	1624
1572	1625
1572	1637
1572	1639
1572	1640
1572	1641
1573	1623
1573	1624
1573	1625
1573	1638
1573	1639
1573	1640
1573	1641
1574	1575
1574	1576
1574	1577
1574	1578
1574	1583
1574	1626
1574	1627
1574	1628
1574	1642
1574	1643
1574	1644
1574	1645
1575	1576
1575	1577
1575	1578
1575	1584
1575	1626
1575	1627
1575	1628
1575	1642
1575	1643
1575	1644
1575	1646
1576	1577
1576	1579
1576	1629
1576	1630
1576	1637
1576	1642
1576	1643
1576	1644
1576	1647
1577	1579
1577	1629
1577	1630
1577	1638
1577	1642
1577	1643
1577	1644
1578	1579
1578	1610
1578	1631
1578	1632
1578	1642
1578	1645
1578	1646
1578	1647
1579	1633
1579	1634
1579	1635
1579	1644
1579	1645
1579	1646
1579	1647
1580	1581
1580	1582
1580	1583
1580	1584
1580	1612
1580	1636
1580	1637
1580	1638
1580	1648
1580	1649
1581	1582
1581	1642
1581	1643
1581	1644
1582	1609
1582	1642
1582	1643
1582	1644
1582	1648
1583	1584
1583	1648
1583	1649
1583	1650
1584	1648
1584	1649
1584	1650
1585	1586
1585	1587
1585	1589
1585	1600
1585	1617
1586	1587
1586	1601
1586	1618
1586	1619
1587	1602
1587	1618
1587	1619
1588	1589
1588	1594
1588	1595
1588	1596
1588	1623
1588	1624
1589	1594
1589	1595
1589	1596
1589	1605
1589	1623
1589	1624
1590	1591
1590	1592
1590	1607
1590	1626
1591	1592
1591	1593
1591	1608
1591	1627
1591	1628
1592	1593
1592	1627
1592	1628
1593	1596
1593	1609
1593	1614
1593	1623
1593	1624
1593	1625
1593	1628
1593	1632
1594	1595
1594	1596
1594	1633
1594	1634
1595	1596
1595	1633
1595	1634
1596	1616
1596	1635
1597	1598
1597	1599
1597	1600
1597	1604
1597	1607
1597	1636
1598	1599
1598	1601
1598	1608
1598	1637
1598	1638
1599	1602
1599	1637
1599	1638
1600	1601
1600	1602
1600	1605
1600	1609
1600	1610
1600	1611
1600	1622
1600	1639
1601	1602
1601	1606
1601	1609
1601	1610
1601	1611
1601	1640
1601	1641
1602	1609
1602	1610
1602	1611
1602	1640
1602	1641
1603	1604
1603	1612
1603	1642
1603	1643
1604	1605
1604	1613
1604	1642
1604	1643
1605	1606
1605	1645
1605	1646
1606	1647
1607	1608
1607	1609
1607	1613
1607	1639
1607	1640
1607	1641
1607	1648
1608	1610
1608	1614
1608	1639
1608	1640
1608	1641
1609	1610
1609	1611
1609	1632
1609	1644
1610	1611
1612	1613
1612	1614
1612	1648
1612	1649
1612	1650
1613	1614
1613	1649
1613	1650
1615	1616
1615	1617
1615	1621
1615	1626
1615	1636
1616	1619
1616	1628
1616	1638
1617	1618
1617	1619
1617	1624
1617	1629
1617	1639
1618	1619
1618	1625
1618	1630
1618	1640
1619	1641
1620	1621
1620	1622
1620	1623
1620	1631
1620	1632
1620	1642
1621	1622
1621	1624
1621	1631
1621	1632
1621	1643
1622	1625
1622	1631
1622	1632
1622	1639
1622	1644
1623	1624
1623	1625
1623	1633
1623	1645
1624	1625
1624	1634
1624	1646
1625	1635
1625	1647
1626	1627
1626	1628
1626	1629
1626	1631
1626	1648
1627	1628
1627	1630
1627	1632
1629	1630
1629	1634
1629	1644
1630	1635
1631	1632
1631	1634
1631	1650
1632	1635
1633	1634
1633	1635
1634	1635
1636	1637
1636	1638
1636	1639
1636	1643
1636	1648
1637	1638
1637	1640
1637	1644
1637	1648
1638	1641
1638	1648
1639	1640
1639	1641
1639	1645
1639	1646
1640	1641
1640	1647
1642	1643
1642	1644
1642	1645
1642	1649
1643	1644
1643	1646
1643	1650
1644	1647
1645	1646
1645	1647
1646	1647
1648	1649
1648	1650
1649	1650
